candidate_id,smiles,source_fragments,source_ligand_ids,generation_method,validity_status,property_status,docking_status,classical_rank,quantum_selected,qed,esol,pains_alert_count,pains_flag,molecular_weight,logp,h_bond_donors,h_bond_acceptors,rotatable_bonds
GEN_85767AF7,CCCCN1CCCC1OCC(O)C[N+](C)(C)C,[3*]O[3*];[4*]CC(O)C[4*];[4*]CCCC;[5*]N1CCCC1[13*];[5*][N+](C)(C)C,CHEMBL101581;CHEMBL113902;CHEMBL114728;CHEMBL115440;CHEMBL116012;CHEMBL117326;CHEMBL1202473;CHEMBL1202477;CHEMBL1202478;CHEMBL135853;CHEMBL140561;CHEMBL14627;CHEMBL14699;CHEMBL14874;CHEMBL14932;CHEMBL14952;CHEMBL15202;CHEMBL15346;CHEMBL155761;CHEMBL157128;CHEMBL160846;CHEMBL168656;CHEMBL168921;CHEMBL1744086;CHEMBL1744347;CHEMBL1744349;CHEMBL1788321;CHEMBL1907763;CHEMBL1907764;CHEMBL1907944;CHEMBL24026;CHEMBL24137;CHEMBL2448064;CHEMBL2448065;CHEMBL2448066;CHEMBL2448067;CHEMBL24828;CHEMBL24979;CHEMBL25425;CHEMBL25450;CHEMBL25579;CHEMBL25610;CHEMBL26641;CHEMBL269620;CHEMBL273789;CHEMBL279459;CHEMBL281872;CHEMBL281990;CHEMBL283088;CHEMBL286160;CHEMBL291359;CHEMBL291514;CHEMBL293064;CHEMBL293090;CHEMBL294034;CHEMBL294395;CHEMBL299672;CHEMBL299893;CHEMBL300791;CHEMBL304271;CHEMBL31965;CHEMBL332269;CHEMBL335648;CHEMBL335931;CHEMBL338449;CHEMBL344486;CHEMBL348146;CHEMBL353823;CHEMBL416191;CHEMBL419022;CHEMBL421326;CHEMBL422292;CHEMBL422347;CHEMBL422758;CHEMBL428534;CHEMBL460731;CHEMBL460732;CHEMBL47940;CHEMBL493428;CHEMBL514436;CHEMBL517907;CHEMBL533849;CHEMBL538507;CHEMBL538757;CHEMBL540292;CHEMBL540701;CHEMBL541307;CHEMBL542887;CHEMBL542891;CHEMBL542893;CHEMBL543361;CHEMBL544067;CHEMBL544074;CHEMBL544538;CHEMBL544770;CHEMBL545006;CHEMBL545315;CHEMBL552859;CHEMBL552860;CHEMBL553;CHEMBL554;CHEMBL55425;CHEMBL55794;CHEMBL56027;CHEMBL56142;CHEMBL56266;CHEMBL56319;CHEMBL56502;CHEMBL56505;CHEMBL56912;CHEMBL56936;CHEMBL57758;CHEMBL57759;CHEMBL57892;CHEMBL57990;CHEMBL59812;CHEMBL607707;CHEMBL60826;CHEMBL61119;CHEMBL939;CHEMBL95320;CHEMBL95774;CHEMBL98798;CHEMBL99024,BRICS,True,pending,pending,,False,0.667,-1.734,0,False,259.41,1.292,1,3,8
GEN_4A150632,C[N+](C)(C)CC(O)COc1ccc2c(-c3ncnc4c3sc3c([N+](=O)[O-])cccc34)c(C#N)cnc2c1,[14*]c1ncnc2c1sc1c([N+](=O)[O-])cccc12;[16*]c1ccc2c([16*])c(C#N)cnc2c1;[3*]O[3*];[4*]CC(O)C[4*];[5*][N+](C)(C)C,CHEMBL101581;CHEMBL113902;CHEMBL114728;CHEMBL115440;CHEMBL116012;CHEMBL117326;CHEMBL1202473;CHEMBL1202477;CHEMBL1202478;CHEMBL135853;CHEMBL140561;CHEMBL14627;CHEMBL14699;CHEMBL14874;CHEMBL14932;CHEMBL14952;CHEMBL15202;CHEMBL15346;CHEMBL155761;CHEMBL160846;CHEMBL168656;CHEMBL168921;CHEMBL1744086;CHEMBL1744347;CHEMBL1744349;CHEMBL1788321;CHEMBL1907763;CHEMBL1907764;CHEMBL1907944;CHEMBL24026;CHEMBL24137;CHEMBL2448064;CHEMBL2448065;CHEMBL2448066;CHEMBL2448067;CHEMBL24828;CHEMBL24979;CHEMBL25425;CHEMBL25450;CHEMBL25579;CHEMBL25610;CHEMBL26641;CHEMBL269620;CHEMBL273789;CHEMBL279459;CHEMBL281872;CHEMBL281990;CHEMBL283088;CHEMBL286160;CHEMBL291359;CHEMBL291514;CHEMBL293064;CHEMBL293090;CHEMBL294034;CHEMBL294395;CHEMBL299672;CHEMBL299893;CHEMBL300791;CHEMBL304271;CHEMBL31965;CHEMBL322395;CHEMBL335648;CHEMBL335931;CHEMBL338449;CHEMBL344486;CHEMBL348146;CHEMBL353823;CHEMBL416191;CHEMBL419022;CHEMBL421326;CHEMBL422292;CHEMBL422347;CHEMBL422758;CHEMBL428534;CHEMBL460731;CHEMBL460732;CHEMBL47940;CHEMBL493428;CHEMBL514436;CHEMBL517907;CHEMBL533849;CHEMBL538507;CHEMBL538757;CHEMBL540082;CHEMBL540292;CHEMBL540701;CHEMBL541307;CHEMBL542887;CHEMBL542891;CHEMBL542893;CHEMBL543361;CHEMBL544067;CHEMBL544074;CHEMBL544538;CHEMBL544770;CHEMBL545006;CHEMBL545315;CHEMBL552859;CHEMBL552860;CHEMBL553;CHEMBL554;CHEMBL55425;CHEMBL55794;CHEMBL56027;CHEMBL56142;CHEMBL56266;CHEMBL56319;CHEMBL56502;CHEMBL56505;CHEMBL56912;CHEMBL56936;CHEMBL57758;CHEMBL57759;CHEMBL57892;CHEMBL57990;CHEMBL59812;CHEMBL607707;CHEMBL60826;CHEMBL61119;CHEMBL939;CHEMBL95320;CHEMBL95774;CHEMBL98798;CHEMBL99024,BRICS,True,pending,pending,,False,0.193,-5.734,0,False,515.58,4.285,1,9,7
GEN_3918BCC3,C[C@@]12O[C@@H](C[C@H](OCC(O)C[N+](C)(C)C)[C@@H]1c1cc(=O)c3cc(N)c(O)cc3o1)n1c3ccccc3c3c4c(c5c6ccccc6n2c5c31)C(=O)NC4=O,[14*]c1cc(=O)c2cc(N)c(O)cc2o1;[15*][C@H]1C[C@@H]2O[C@](C)([C@H]1[15*])n1c3ccccc3c3c4c(c5c6ccccc6n2c5c31)C(=O)NC4=O;[3*]O[3*];[4*]CC(O)C[4*];[5*][N+](C)(C)C,CHEMBL101581;CHEMBL113902;CHEMBL114728;CHEMBL115440;CHEMBL116012;CHEMBL117326;CHEMBL1202473;CHEMBL1202477;CHEMBL1202478;CHEMBL135853;CHEMBL140561;CHEMBL14627;CHEMBL14699;CHEMBL14874;CHEMBL14932;CHEMBL14952;CHEMBL15202;CHEMBL15346;CHEMBL155761;CHEMBL160846;CHEMBL168656;CHEMBL168921;CHEMBL1744086;CHEMBL1744347;CHEMBL1744349;CHEMBL1788321;CHEMBL1907763;CHEMBL1907764;CHEMBL1907944;CHEMBL24026;CHEMBL24137;CHEMBL2448064;CHEMBL2448065;CHEMBL2448066;CHEMBL2448067;CHEMBL24828;CHEMBL24979;CHEMBL25425;CHEMBL25450;CHEMBL25579;CHEMBL25610;CHEMBL26641;CHEMBL269620;CHEMBL273789;CHEMBL279459;CHEMBL281872;CHEMBL281990;CHEMBL283088;CHEMBL286160;CHEMBL291359;CHEMBL291514;CHEMBL293064;CHEMBL293090;CHEMBL294034;CHEMBL294395;CHEMBL299672;CHEMBL299893;CHEMBL300791;CHEMBL304271;CHEMBL31965;CHEMBL335648;CHEMBL335931;CHEMBL337026;CHEMBL338449;CHEMBL344486;CHEMBL348146;CHEMBL353823;CHEMBL416191;CHEMBL419022;CHEMBL421326;CHEMBL422292;CHEMBL422347;CHEMBL422758;CHEMBL428534;CHEMBL432416;CHEMBL460731;CHEMBL460732;CHEMBL47940;CHEMBL493428;CHEMBL514436;CHEMBL517907;CHEMBL533849;CHEMBL538507;CHEMBL538757;CHEMBL540292;CHEMBL540701;CHEMBL541307;CHEMBL542887;CHEMBL542891;CHEMBL542893;CHEMBL543361;CHEMBL544067;CHEMBL544074;CHEMBL544538;CHEMBL544770;CHEMBL545006;CHEMBL545315;CHEMBL552859;CHEMBL552860;CHEMBL553;CHEMBL554;CHEMBL55425;CHEMBL55794;CHEMBL56027;CHEMBL56142;CHEMBL56266;CHEMBL56319;CHEMBL56502;CHEMBL56505;CHEMBL56912;CHEMBL56936;CHEMBL57758;CHEMBL57759;CHEMBL57892;CHEMBL57990;CHEMBL59812;CHEMBL607707;CHEMBL60826;CHEMBL61119;CHEMBL939;CHEMBL95320;CHEMBL95774;CHEMBL98798;CHEMBL99024,BRICS,True,pending,pending,,False,0.079,-7.537,0,False,728.78,5.022,4,9,6
GEN_176EABA6,CNC(=S)N(C)c1c(C)[nH]c(OCC(O)C[N+](C)(C)C)c1C,[14*]c1[nH]c(C)c([16*])c1C;[3*]O[3*];[4*]CC(O)C[4*];[5*]N(C)C(=S)NC;[5*][N+](C)(C)C,CHEMBL101581;CHEMBL113902;CHEMBL114728;CHEMBL115440;CHEMBL116012;CHEMBL117326;CHEMBL1202473;CHEMBL1202477;CHEMBL1202478;CHEMBL135853;CHEMBL140561;CHEMBL14627;CHEMBL146694;CHEMBL14699;CHEMBL14874;CHEMBL149201;CHEMBL14932;CHEMBL14952;CHEMBL150177;CHEMBL15202;CHEMBL15346;CHEMBL155761;CHEMBL160846;CHEMBL168656;CHEMBL168921;CHEMBL1744086;CHEMBL1744347;CHEMBL1744349;CHEMBL1788321;CHEMBL1907763;CHEMBL1907764;CHEMBL1907944;CHEMBL24026;CHEMBL24137;CHEMBL2448064;CHEMBL2448065;CHEMBL2448066;CHEMBL2448067;CHEMBL24828;CHEMBL24979;CHEMBL25425;CHEMBL25450;CHEMBL25579;CHEMBL25610;CHEMBL26641;CHEMBL269620;CHEMBL273789;CHEMBL279459;CHEMBL281872;CHEMBL281990;CHEMBL283088;CHEMBL286160;CHEMBL291359;CHEMBL291514;CHEMBL293064;CHEMBL293090;CHEMBL294034;CHEMBL294395;CHEMBL299672;CHEMBL299893;CHEMBL300791;CHEMBL304271;CHEMBL305782;CHEMBL31965;CHEMBL335648;CHEMBL335931;CHEMBL337035;CHEMBL338449;CHEMBL344486;CHEMBL348146;CHEMBL353823;CHEMBL358728;CHEMBL416191;CHEMBL419022;CHEMBL421326;CHEMBL422292;CHEMBL422347;CHEMBL422758;CHEMBL428534;CHEMBL432903;CHEMBL460731;CHEMBL460732;CHEMBL47940;CHEMBL493428;CHEMBL514436;CHEMBL517907;CHEMBL533849;CHEMBL538507;CHEMBL538757;CHEMBL540292;CHEMBL540701;CHEMBL541307;CHEMBL542887;CHEMBL542891;CHEMBL542893;CHEMBL543361;CHEMBL544067;CHEMBL544074;CHEMBL544538;CHEMBL544770;CHEMBL545006;CHEMBL545315;CHEMBL552859;CHEMBL552860;CHEMBL553;CHEMBL554;CHEMBL55425;CHEMBL55794;CHEMBL56027;CHEMBL56142;CHEMBL56266;CHEMBL56319;CHEMBL56502;CHEMBL56505;CHEMBL56912;CHEMBL56936;CHEMBL57758;CHEMBL57759;CHEMBL57892;CHEMBL57990;CHEMBL59812;CHEMBL607707;CHEMBL60826;CHEMBL61119;CHEMBL939;CHEMBL95320;CHEMBL95774;CHEMBL98798;CHEMBL99024,BRICS,True,pending,pending,,False,0.537,-2.296,0,False,329.49,1.018,3,3,6
GEN_62394D7F,C[N+](C)(C)CC(O)COc1cn(-c2ncnc3ccc4cc[nH]c4c23)c2ncnc(N)c12,[14*]c1ncnc2ccc3cc[nH]c3c12;[3*]O[3*];[4*]CC(O)C[4*];[5*][N+](C)(C)C;[9*]n1cc([16*])c2c(N)ncnc21,CHEMBL101581;CHEMBL113902;CHEMBL114728;CHEMBL115440;CHEMBL116012;CHEMBL117326;CHEMBL1202473;CHEMBL1202477;CHEMBL1202478;CHEMBL135853;CHEMBL140561;CHEMBL14627;CHEMBL14699;CHEMBL14874;CHEMBL14932;CHEMBL14952;CHEMBL15202;CHEMBL15346;CHEMBL153525;CHEMBL155761;CHEMBL160846;CHEMBL166765;CHEMBL166766;CHEMBL168266;CHEMBL168285;CHEMBL168382;CHEMBL168550;CHEMBL168555;CHEMBL168656;CHEMBL168661;CHEMBL168829;CHEMBL168921;CHEMBL169064;CHEMBL169065;CHEMBL169200;CHEMBL169390;CHEMBL169467;CHEMBL169519;CHEMBL169570;CHEMBL169780;CHEMBL169920;CHEMBL170438;CHEMBL170724;CHEMBL171256;CHEMBL171311;CHEMBL171545;CHEMBL172514;CHEMBL1744086;CHEMBL1744347;CHEMBL1744349;CHEMBL1788321;CHEMBL1907763;CHEMBL1907764;CHEMBL1907944;CHEMBL24026;CHEMBL24137;CHEMBL2448064;CHEMBL2448065;CHEMBL2448066;CHEMBL2448067;CHEMBL24828;CHEMBL24979;CHEMBL25425;CHEMBL25450;CHEMBL25579;CHEMBL25610;CHEMBL262276;CHEMBL263528;CHEMBL26641;CHEMBL269620;CHEMBL273789;CHEMBL274732;CHEMBL279459;CHEMBL281872;CHEMBL281990;CHEMBL283088;CHEMBL286160;CHEMBL291359;CHEMBL291514;CHEMBL293064;CHEMBL293090;CHEMBL294034;CHEMBL294395;CHEMBL299672;CHEMBL299893;CHEMBL300791;CHEMBL304271;CHEMBL31965;CHEMBL335648;CHEMBL335931;CHEMBL338449;CHEMBL344486;CHEMBL348146;CHEMBL352801;CHEMBL352954;CHEMBL353823;CHEMBL354033;CHEMBL354310;CHEMBL355019;CHEMBL355191;CHEMBL355269;CHEMBL355322;CHEMBL355330;CHEMBL355891;CHEMBL408683;CHEMBL416191;CHEMBL419022;CHEMBL421326;CHEMBL422292;CHEMBL422347;CHEMBL422758;CHEMBL428534;CHEMBL460731;CHEMBL460732;CHEMBL47940;CHEMBL493428;CHEMBL514436;CHEMBL517907;CHEMBL533849;CHEMBL538507;CHEMBL538757;CHEMBL540292;CHEMBL540701;CHEMBL541307;CHEMBL542887;CHEMBL542891;CHEMBL542893;CHEMBL543361;CHEMBL544067;CHEMBL544074;CHEMBL544538;CHEMBL544770;CHEMBL545006;CHEMBL545315;CHEMBL552859;CHEMBL552860;CHEMBL553;CHEMBL554;CHEMBL55425;CHEMBL55794;CHEMBL56027;CHEMBL56142;CHEMBL56266;CHEMBL56319;CHEMBL56502;CHEMBL56505;CHEMBL56912;CHEMBL56936;CHEMBL57758;CHEMBL57759;CHEMBL57892;CHEMBL57990;CHEMBL59812;CHEMBL607707;CHEMBL60826;CHEMBL61119;CHEMBL939;CHEMBL95320;CHEMBL95774;CHEMBL98798;CHEMBL99024,BRICS,True,pending,pending,,False,0.349,-3.82,0,False,433.5,1.873,3,7,6
GEN_086B5407,C[N+](C)(C)CC(O)CSC1=NCCS1,[11*]SC1=NCCS1;[4*]CC(O)C[4*];[5*][N+](C)(C)C,CHEMBL1744086;CHEMBL1788321;CHEMBL299893;CHEMBL304271;CHEMBL324030;CHEMBL335648;CHEMBL56266,BRICS,True,pending,pending,,False,0.735,-1.596,0,False,235.4,0.889,1,4,4
GEN_6FEBBE3E,COCOC#CC(=O)OCC(O)C[N+](C)(C)C,[1*]C(=O)C#COCOC;[3*]O[3*];[4*]CC(O)C[4*];[5*][N+](C)(C)C,CHEMBL101581;CHEMBL113902;CHEMBL114728;CHEMBL115440;CHEMBL116012;CHEMBL117326;CHEMBL1202473;CHEMBL1202477;CHEMBL1202478;CHEMBL135853;CHEMBL140561;CHEMBL14627;CHEMBL14699;CHEMBL14874;CHEMBL14932;CHEMBL14952;CHEMBL15202;CHEMBL15346;CHEMBL155761;CHEMBL160846;CHEMBL168656;CHEMBL168921;CHEMBL1744086;CHEMBL1744347;CHEMBL1744349;CHEMBL1788321;CHEMBL1907763;CHEMBL1907764;CHEMBL1907944;CHEMBL24026;CHEMBL24137;CHEMBL2448064;CHEMBL2448065;CHEMBL2448066;CHEMBL2448067;CHEMBL24828;CHEMBL24979;CHEMBL25425;CHEMBL25450;CHEMBL25579;CHEMBL25610;CHEMBL26641;CHEMBL269620;CHEMBL273789;CHEMBL279459;CHEMBL281872;CHEMBL281990;CHEMBL283088;CHEMBL286160;CHEMBL291359;CHEMBL291514;CHEMBL293064;CHEMBL293090;CHEMBL294034;CHEMBL294395;CHEMBL299672;CHEMBL299893;CHEMBL300791;CHEMBL304271;CHEMBL31965;CHEMBL335648;CHEMBL335931;CHEMBL338449;CHEMBL344486;CHEMBL348146;CHEMBL353823;CHEMBL414631;CHEMBL416191;CHEMBL419022;CHEMBL421326;CHEMBL422292;CHEMBL422347;CHEMBL422758;CHEMBL428534;CHEMBL460731;CHEMBL460732;CHEMBL47940;CHEMBL493428;CHEMBL514436;CHEMBL517907;CHEMBL533849;CHEMBL538507;CHEMBL538757;CHEMBL540292;CHEMBL540701;CHEMBL541307;CHEMBL542887;CHEMBL542891;CHEMBL542893;CHEMBL543361;CHEMBL544067;CHEMBL544074;CHEMBL544538;CHEMBL544770;CHEMBL545006;CHEMBL545315;CHEMBL552859;CHEMBL552860;CHEMBL553;CHEMBL554;CHEMBL55425;CHEMBL55794;CHEMBL56027;CHEMBL56142;CHEMBL56266;CHEMBL56319;CHEMBL56502;CHEMBL56505;CHEMBL56912;CHEMBL56936;CHEMBL57758;CHEMBL57759;CHEMBL57892;CHEMBL57990;CHEMBL59812;CHEMBL607707;CHEMBL60826;CHEMBL61119;CHEMBL939;CHEMBL95320;CHEMBL95774;CHEMBL98798;CHEMBL99024,BRICS,True,pending,pending,,False,0.218,-0.453,0,False,246.28,-0.822,1,5,6
GEN_095484C6,Cc1ccc(S(=O)(=O)Cc2c(OCC(O)C[N+](C)(C)C)n(C)c3ccc(O)cc23)cc1,[14*]c1c([16*])c2cc(O)ccc2n1C;[3*]O[3*];[4*]CC(O)C[4*];[5*][N+](C)(C)C;[8*]CS(=O)(=O)c1ccc(C)cc1,CHEMBL101581;CHEMBL113902;CHEMBL114728;CHEMBL115440;CHEMBL116012;CHEMBL117326;CHEMBL1202473;CHEMBL1202477;CHEMBL1202478;CHEMBL135853;CHEMBL140561;CHEMBL14627;CHEMBL14699;CHEMBL14874;CHEMBL14932;CHEMBL14952;CHEMBL15202;CHEMBL15346;CHEMBL155761;CHEMBL160846;CHEMBL168656;CHEMBL168921;CHEMBL1744086;CHEMBL1744347;CHEMBL1744349;CHEMBL1788321;CHEMBL1907763;CHEMBL1907764;CHEMBL1907944;CHEMBL24026;CHEMBL24137;CHEMBL2448064;CHEMBL2448065;CHEMBL2448066;CHEMBL2448067;CHEMBL24828;CHEMBL24979;CHEMBL25425;CHEMBL25450;CHEMBL25579;CHEMBL25610;CHEMBL26641;CHEMBL269620;CHEMBL273789;CHEMBL279459;CHEMBL281872;CHEMBL281990;CHEMBL283088;CHEMBL286160;CHEMBL291359;CHEMBL291514;CHEMBL293064;CHEMBL293090;CHEMBL293250;CHEMBL294034;CHEMBL294395;CHEMBL299672;CHEMBL299893;CHEMBL300791;CHEMBL304271;CHEMBL31965;CHEMBL334032;CHEMBL335648;CHEMBL335931;CHEMBL338449;CHEMBL344486;CHEMBL348146;CHEMBL353823;CHEMBL416191;CHEMBL419022;CHEMBL421326;CHEMBL422292;CHEMBL422347;CHEMBL422758;CHEMBL428534;CHEMBL460731;CHEMBL460732;CHEMBL47940;CHEMBL493428;CHEMBL514436;CHEMBL517907;CHEMBL533849;CHEMBL538507;CHEMBL538757;CHEMBL540292;CHEMBL540701;CHEMBL541307;CHEMBL542887;CHEMBL542891;CHEMBL542893;CHEMBL543361;CHEMBL544067;CHEMBL544074;CHEMBL544538;CHEMBL544770;CHEMBL545006;CHEMBL545315;CHEMBL552859;CHEMBL552860;CHEMBL553;CHEMBL554;CHEMBL55425;CHEMBL55794;CHEMBL56027;CHEMBL56142;CHEMBL56266;CHEMBL56319;CHEMBL56502;CHEMBL56505;CHEMBL56912;CHEMBL56936;CHEMBL57758;CHEMBL57759;CHEMBL57892;CHEMBL57990;CHEMBL59812;CHEMBL607707;CHEMBL60826;CHEMBL61119;CHEMBL939;CHEMBL95320;CHEMBL95774;CHEMBL98798;CHEMBL99024,BRICS,True,pending,pending,,False,0.518,-4.091,0,False,447.58,2.612,2,5,8
GEN_6B1A599C,C[N+](C)(C)CC(O)COC1CCCC[C@@H]1c1ncnc2cnc(S(=O)(=O)CCO)cc12,[14*]c1ncnc2cnc(S(=O)(=O)CCO)cc12;[15*]C1CCCC[C@@H]1[15*];[3*]O[3*];[4*]CC(O)C[4*];[5*][N+](C)(C)C,CHEMBL101581;CHEMBL113902;CHEMBL114728;CHEMBL115440;CHEMBL116012;CHEMBL117326;CHEMBL1202473;CHEMBL1202477;CHEMBL1202478;CHEMBL135853;CHEMBL140561;CHEMBL144778;CHEMBL14627;CHEMBL14699;CHEMBL14874;CHEMBL14932;CHEMBL14952;CHEMBL15202;CHEMBL15346;CHEMBL155761;CHEMBL160846;CHEMBL168656;CHEMBL168921;CHEMBL1744086;CHEMBL1744347;CHEMBL1744349;CHEMBL1788321;CHEMBL1907763;CHEMBL1907764;CHEMBL1907944;CHEMBL24026;CHEMBL24137;CHEMBL2448064;CHEMBL2448065;CHEMBL2448066;CHEMBL2448067;CHEMBL24828;CHEMBL24979;CHEMBL25425;CHEMBL25450;CHEMBL25579;CHEMBL25610;CHEMBL26641;CHEMBL269620;CHEMBL273789;CHEMBL279459;CHEMBL281872;CHEMBL281990;CHEMBL283088;CHEMBL286160;CHEMBL291359;CHEMBL291514;CHEMBL293064;CHEMBL293090;CHEMBL294034;CHEMBL294395;CHEMBL299672;CHEMBL299893;CHEMBL300791;CHEMBL304271;CHEMBL31965;CHEMBL335440;CHEMBL335648;CHEMBL335931;CHEMBL338449;CHEMBL344486;CHEMBL348146;CHEMBL353823;CHEMBL416191;CHEMBL419022;CHEMBL421326;CHEMBL422292;CHEMBL422347;CHEMBL422758;CHEMBL428534;CHEMBL460731;CHEMBL460732;CHEMBL47940;CHEMBL493428;CHEMBL514436;CHEMBL517907;CHEMBL533849;CHEMBL538507;CHEMBL538757;CHEMBL540292;CHEMBL540701;CHEMBL541307;CHEMBL542887;CHEMBL542891;CHEMBL542893;CHEMBL543361;CHEMBL544067;CHEMBL544074;CHEMBL544538;CHEMBL544770;CHEMBL545006;CHEMBL545315;CHEMBL552859;CHEMBL552860;CHEMBL553;CHEMBL554;CHEMBL55425;CHEMBL55794;CHEMBL56027;CHEMBL56142;CHEMBL56266;CHEMBL56319;CHEMBL56502;CHEMBL56505;CHEMBL56912;CHEMBL56936;CHEMBL57758;CHEMBL57759;CHEMBL57892;CHEMBL57990;CHEMBL59812;CHEMBL607707;CHEMBL60826;CHEMBL61119;CHEMBL939;CHEMBL95320;CHEMBL95774;CHEMBL98798;CHEMBL99024,BRICS,True,pending,pending,,False,0.537,-2.864,0,False,453.59,0.901,2,8,9
GEN_4F41E628,CONC(=O)CCc1cc(=O)c2c(O)cc(O)c(OCC(O)C[N+](C)(C)C)c2o1,[14*]c1cc(=O)c2c(O)cc(O)c([16*])c2o1;[3*]O[3*];[4*]CC(O)C[4*];[5*][N+](C)(C)C;[8*]CCC(=O)NOC,CHEMBL101581;CHEMBL113902;CHEMBL114728;CHEMBL115440;CHEMBL116012;CHEMBL117326;CHEMBL1202473;CHEMBL1202477;CHEMBL1202478;CHEMBL135853;CHEMBL140561;CHEMBL14627;CHEMBL14699;CHEMBL14874;CHEMBL14932;CHEMBL14952;CHEMBL15202;CHEMBL15346;CHEMBL154969;CHEMBL155761;CHEMBL160846;CHEMBL168656;CHEMBL168921;CHEMBL1744086;CHEMBL1744347;CHEMBL1744349;CHEMBL1788321;CHEMBL1907763;CHEMBL1907764;CHEMBL1907944;CHEMBL24026;CHEMBL24137;CHEMBL2448064;CHEMBL2448065;CHEMBL2448066;CHEMBL2448067;CHEMBL24828;CHEMBL24979;CHEMBL25425;CHEMBL25450;CHEMBL25579;CHEMBL25610;CHEMBL26641;CHEMBL269620;CHEMBL273789;CHEMBL279459;CHEMBL281872;CHEMBL281990;CHEMBL283088;CHEMBL286160;CHEMBL291359;CHEMBL291514;CHEMBL293064;CHEMBL293090;CHEMBL294034;CHEMBL294395;CHEMBL299672;CHEMBL299893;CHEMBL300791;CHEMBL304271;CHEMBL31965;CHEMBL335648;CHEMBL335931;CHEMBL338449;CHEMBL344486;CHEMBL348146;CHEMBL353823;CHEMBL416191;CHEMBL418203;CHEMBL419022;CHEMBL421326;CHEMBL422292;CHEMBL422347;CHEMBL422758;CHEMBL428534;CHEMBL428690;CHEMBL460731;CHEMBL460732;CHEMBL47940;CHEMBL493428;CHEMBL514436;CHEMBL517907;CHEMBL533849;CHEMBL538507;CHEMBL538757;CHEMBL540292;CHEMBL540701;CHEMBL541307;CHEMBL542887;CHEMBL542891;CHEMBL542893;CHEMBL543361;CHEMBL544067;CHEMBL544074;CHEMBL544538;CHEMBL544770;CHEMBL545006;CHEMBL545315;CHEMBL552859;CHEMBL552860;CHEMBL553;CHEMBL554;CHEMBL55425;CHEMBL55794;CHEMBL56027;CHEMBL56142;CHEMBL56266;CHEMBL56319;CHEMBL56502;CHEMBL56505;CHEMBL56912;CHEMBL56936;CHEMBL57758;CHEMBL57759;CHEMBL57892;CHEMBL57990;CHEMBL59812;CHEMBL607707;CHEMBL60826;CHEMBL61119;CHEMBL939;CHEMBL95320;CHEMBL95774;CHEMBL98798;CHEMBL99024,BRICS,True,pending,pending,,False,0.34,-2.216,0,False,411.43,0.26,4,8,9
GEN_907372AD,C[N+](C)(C)CC(O)COc1ccc(-c2ccccc2Br)cn1,[14*]c1ccc([16*])cn1;[16*]c1ccccc1Br;[3*]O[3*];[4*]CC(O)C[4*];[5*][N+](C)(C)C,CHEMBL101581;CHEMBL111365;CHEMBL113185;CHEMBL113902;CHEMBL114728;CHEMBL115440;CHEMBL116012;CHEMBL117326;CHEMBL1202473;CHEMBL1202477;CHEMBL1202478;CHEMBL122132;CHEMBL135853;CHEMBL140561;CHEMBL14627;CHEMBL14699;CHEMBL14874;CHEMBL14932;CHEMBL14952;CHEMBL15202;CHEMBL15346;CHEMBL155761;CHEMBL160846;CHEMBL168656;CHEMBL168921;CHEMBL1744086;CHEMBL1744347;CHEMBL1744349;CHEMBL1788321;CHEMBL1907763;CHEMBL1907764;CHEMBL1907944;CHEMBL24026;CHEMBL24137;CHEMBL2448064;CHEMBL2448065;CHEMBL2448066;CHEMBL2448067;CHEMBL24828;CHEMBL24979;CHEMBL25425;CHEMBL25450;CHEMBL25579;CHEMBL25610;CHEMBL26641;CHEMBL269620;CHEMBL273789;CHEMBL279459;CHEMBL281872;CHEMBL281990;CHEMBL283088;CHEMBL286160;CHEMBL291359;CHEMBL291514;CHEMBL293064;CHEMBL293090;CHEMBL294034;CHEMBL294395;CHEMBL299672;CHEMBL299893;CHEMBL300791;CHEMBL304271;CHEMBL31965;CHEMBL322066;CHEMBL331307;CHEMBL335648;CHEMBL335931;CHEMBL338449;CHEMBL344486;CHEMBL348146;CHEMBL353823;CHEMBL416191;CHEMBL419022;CHEMBL421326;CHEMBL422292;CHEMBL422347;CHEMBL422758;CHEMBL428534;CHEMBL460731;CHEMBL460732;CHEMBL47940;CHEMBL493428;CHEMBL514436;CHEMBL517907;CHEMBL533849;CHEMBL538507;CHEMBL538757;CHEMBL540292;CHEMBL540701;CHEMBL541307;CHEMBL542887;CHEMBL542891;CHEMBL542893;CHEMBL543361;CHEMBL544067;CHEMBL544074;CHEMBL544538;CHEMBL544770;CHEMBL545006;CHEMBL545315;CHEMBL552859;CHEMBL552860;CHEMBL553;CHEMBL554;CHEMBL55425;CHEMBL55794;CHEMBL56027;CHEMBL56142;CHEMBL56266;CHEMBL56319;CHEMBL56502;CHEMBL56505;CHEMBL56912;CHEMBL56936;CHEMBL57758;CHEMBL57759;CHEMBL57892;CHEMBL57990;CHEMBL59812;CHEMBL607707;CHEMBL60826;CHEMBL61119;CHEMBL939;CHEMBL95320;CHEMBL95774;CHEMBL98798;CHEMBL99024,BRICS,True,pending,pending,,False,0.8,-3.981,0,False,366.28,2.957,1,3,6
GEN_9CDE573F,CN1CCC(c2cnc3ncc(C#N)c(OCC(O)C[N+](C)(C)C)c3c2)[C@@H](O)C1,[15*]C1CCN(C)C[C@@H]1O;[16*]c1cnc2ncc(C#N)c([16*])c2c1;[3*]O[3*];[4*]CC(O)C[4*];[5*][N+](C)(C)C,CHEMBL101581;CHEMBL113902;CHEMBL114728;CHEMBL115440;CHEMBL116012;CHEMBL117326;CHEMBL1202473;CHEMBL1202477;CHEMBL1202478;CHEMBL135853;CHEMBL140561;CHEMBL14627;CHEMBL14699;CHEMBL14874;CHEMBL14932;CHEMBL14952;CHEMBL15202;CHEMBL15346;CHEMBL155761;CHEMBL160846;CHEMBL168656;CHEMBL168921;CHEMBL1744086;CHEMBL1744347;CHEMBL1744349;CHEMBL1788321;CHEMBL1907763;CHEMBL1907764;CHEMBL1907944;CHEMBL24026;CHEMBL24137;CHEMBL2448064;CHEMBL2448065;CHEMBL2448066;CHEMBL2448067;CHEMBL24828;CHEMBL24979;CHEMBL25425;CHEMBL25450;CHEMBL25579;CHEMBL25610;CHEMBL26641;CHEMBL269620;CHEMBL273789;CHEMBL279459;CHEMBL281467;CHEMBL281872;CHEMBL281990;CHEMBL283088;CHEMBL286160;CHEMBL287022;CHEMBL291359;CHEMBL291514;CHEMBL293064;CHEMBL293090;CHEMBL294034;CHEMBL294395;CHEMBL299672;CHEMBL299893;CHEMBL300791;CHEMBL304271;CHEMBL31745;CHEMBL31965;CHEMBL335648;CHEMBL335931;CHEMBL338449;CHEMBL344486;CHEMBL348146;CHEMBL353823;CHEMBL416191;CHEMBL418203;CHEMBL419022;CHEMBL421326;CHEMBL422292;CHEMBL422347;CHEMBL422758;CHEMBL428534;CHEMBL441518;CHEMBL460731;CHEMBL460732;CHEMBL47940;CHEMBL493428;CHEMBL514436;CHEMBL517907;CHEMBL533849;CHEMBL538507;CHEMBL538757;CHEMBL540292;CHEMBL540701;CHEMBL541307;CHEMBL542887;CHEMBL542891;CHEMBL542893;CHEMBL543361;CHEMBL544067;CHEMBL544074;CHEMBL544538;CHEMBL544770;CHEMBL545006;CHEMBL545315;CHEMBL552859;CHEMBL552860;CHEMBL553;CHEMBL554;CHEMBL55425;CHEMBL55794;CHEMBL56027;CHEMBL56142;CHEMBL56266;CHEMBL56319;CHEMBL56502;CHEMBL56505;CHEMBL56912;CHEMBL56936;CHEMBL57758;CHEMBL57759;CHEMBL57892;CHEMBL57990;CHEMBL59812;CHEMBL607707;CHEMBL60826;CHEMBL61119;CHEMBL939;CHEMBL95320;CHEMBL95774;CHEMBL98798;CHEMBL99024,BRICS,True,pending,pending,,False,0.689,-2.641,0,False,400.5,0.727,2,7,6
GEN_EEAB4C12,C[N+](C)(C)CC(O)CN1CCc2ccccc21,[4*]CC(O)C[4*];[5*]N1CCc2ccccc21;[5*][N+](C)(C)C,CHEMBL1744086;CHEMBL1788321;CHEMBL299893;CHEMBL304271;CHEMBL335648;CHEMBL56266;CHEMBL56542,BRICS,True,pending,pending,,False,0.791,-2.0,0,False,235.35,1.116,1,2,4
GEN_8D220543,C[N+](C)(C)CC(O)COCCC[N+]1([O-])CCOCC1,[3*]O[3*];[4*]CC(O)C[4*];[4*]CCC[N+]1([O-])CCOCC1;[5*][N+](C)(C)C,CHEMBL101581;CHEMBL113902;CHEMBL114728;CHEMBL115440;CHEMBL116012;CHEMBL117326;CHEMBL1202473;CHEMBL1202477;CHEMBL1202478;CHEMBL135853;CHEMBL140561;CHEMBL14627;CHEMBL14699;CHEMBL14874;CHEMBL14932;CHEMBL14952;CHEMBL15202;CHEMBL15346;CHEMBL155761;CHEMBL160846;CHEMBL168656;CHEMBL168921;CHEMBL1744086;CHEMBL1744347;CHEMBL1744349;CHEMBL1788321;CHEMBL1907763;CHEMBL1907764;CHEMBL1907944;CHEMBL24026;CHEMBL24137;CHEMBL2448064;CHEMBL2448065;CHEMBL2448066;CHEMBL2448067;CHEMBL24828;CHEMBL24979;CHEMBL25425;CHEMBL25450;CHEMBL25579;CHEMBL25610;CHEMBL26641;CHEMBL269620;CHEMBL273789;CHEMBL279459;CHEMBL281872;CHEMBL281990;CHEMBL283088;CHEMBL286160;CHEMBL291359;CHEMBL291514;CHEMBL293064;CHEMBL293090;CHEMBL294034;CHEMBL294395;CHEMBL299672;CHEMBL299893;CHEMBL300791;CHEMBL304271;CHEMBL31965;CHEMBL335648;CHEMBL335931;CHEMBL338449;CHEMBL339416;CHEMBL344486;CHEMBL348146;CHEMBL353823;CHEMBL416191;CHEMBL419022;CHEMBL421326;CHEMBL422292;CHEMBL422347;CHEMBL422758;CHEMBL428534;CHEMBL460731;CHEMBL460732;CHEMBL47940;CHEMBL493428;CHEMBL514436;CHEMBL517907;CHEMBL533849;CHEMBL538507;CHEMBL538757;CHEMBL540292;CHEMBL540701;CHEMBL541307;CHEMBL542887;CHEMBL542891;CHEMBL542893;CHEMBL543361;CHEMBL544067;CHEMBL544074;CHEMBL544538;CHEMBL544770;CHEMBL545006;CHEMBL545315;CHEMBL552859;CHEMBL552860;CHEMBL553;CHEMBL554;CHEMBL55425;CHEMBL55794;CHEMBL56027;CHEMBL56142;CHEMBL56266;CHEMBL56319;CHEMBL56502;CHEMBL56505;CHEMBL56912;CHEMBL56936;CHEMBL57758;CHEMBL57759;CHEMBL57892;CHEMBL57990;CHEMBL59812;CHEMBL607707;CHEMBL60826;CHEMBL61119;CHEMBL939;CHEMBL95320;CHEMBL95774;CHEMBL98798;CHEMBL99024,BRICS,True,pending,pending,,False,0.379,-0.909,0,False,277.38,-0.195,1,4,8
GEN_E2A12A68,C[N+](C)(C)CC(O)COC(=O)CCC1C(S)=Nc2ccccc21,[1*]C(=O)CCC1C(S)=Nc2ccccc21;[3*]O[3*];[4*]CC(O)C[4*];[5*][N+](C)(C)C,CHEMBL101581;CHEMBL113902;CHEMBL114728;CHEMBL115440;CHEMBL116012;CHEMBL117326;CHEMBL1202473;CHEMBL1202477;CHEMBL1202478;CHEMBL135853;CHEMBL140561;CHEMBL14627;CHEMBL14699;CHEMBL14874;CHEMBL14932;CHEMBL14952;CHEMBL15202;CHEMBL15346;CHEMBL154911;CHEMBL155761;CHEMBL160846;CHEMBL168656;CHEMBL168921;CHEMBL1744086;CHEMBL1744347;CHEMBL1744349;CHEMBL1788321;CHEMBL1907763;CHEMBL1907764;CHEMBL1907944;CHEMBL24026;CHEMBL24137;CHEMBL2448064;CHEMBL2448065;CHEMBL2448066;CHEMBL2448067;CHEMBL24828;CHEMBL24979;CHEMBL25425;CHEMBL25450;CHEMBL25579;CHEMBL25610;CHEMBL26641;CHEMBL269620;CHEMBL273789;CHEMBL279459;CHEMBL281872;CHEMBL281990;CHEMBL283088;CHEMBL286160;CHEMBL291359;CHEMBL291514;CHEMBL293064;CHEMBL293090;CHEMBL294034;CHEMBL294395;CHEMBL299672;CHEMBL299893;CHEMBL300791;CHEMBL304271;CHEMBL31965;CHEMBL335648;CHEMBL335931;CHEMBL338449;CHEMBL344486;CHEMBL348146;CHEMBL353823;CHEMBL416191;CHEMBL419022;CHEMBL421326;CHEMBL422292;CHEMBL422347;CHEMBL422758;CHEMBL428534;CHEMBL460731;CHEMBL460732;CHEMBL47940;CHEMBL493428;CHEMBL514436;CHEMBL517907;CHEMBL533849;CHEMBL538507;CHEMBL538757;CHEMBL540292;CHEMBL540701;CHEMBL541307;CHEMBL542887;CHEMBL542891;CHEMBL542893;CHEMBL543361;CHEMBL544067;CHEMBL544074;CHEMBL544538;CHEMBL544770;CHEMBL545006;CHEMBL545315;CHEMBL552859;CHEMBL552860;CHEMBL553;CHEMBL554;CHEMBL55425;CHEMBL55794;CHEMBL56027;CHEMBL56142;CHEMBL56266;CHEMBL56319;CHEMBL56502;CHEMBL56505;CHEMBL56912;CHEMBL56936;CHEMBL57758;CHEMBL57759;CHEMBL57892;CHEMBL57990;CHEMBL59812;CHEMBL607707;CHEMBL60826;CHEMBL61119;CHEMBL939;CHEMBL95320;CHEMBL95774;CHEMBL98798;CHEMBL99024,BRICS,True,pending,pending,,False,0.455,-3.008,0,False,337.47,2.134,2,4,7
GEN_9A5AF653,C[N+](C)(C)CC(O)COc1ncnc2c1c1ccccc1n2CC(C#N)C(=N)S,[3*]O[3*];[4*]CC(O)C[4*];[5*][N+](C)(C)C;[8*]CC(C#N)C(=N)S;[9*]n1c2ccccc2c2c([14*])ncnc21,CHEMBL101581;CHEMBL113902;CHEMBL114728;CHEMBL115440;CHEMBL116012;CHEMBL117326;CHEMBL1202473;CHEMBL1202477;CHEMBL1202478;CHEMBL135853;CHEMBL140561;CHEMBL14627;CHEMBL14699;CHEMBL14874;CHEMBL14932;CHEMBL14952;CHEMBL15202;CHEMBL15346;CHEMBL155761;CHEMBL160846;CHEMBL168656;CHEMBL168921;CHEMBL1744086;CHEMBL1744347;CHEMBL1744349;CHEMBL1788321;CHEMBL1907763;CHEMBL1907764;CHEMBL1907944;CHEMBL24026;CHEMBL24137;CHEMBL2448064;CHEMBL2448065;CHEMBL2448066;CHEMBL2448067;CHEMBL24828;CHEMBL24979;CHEMBL25425;CHEMBL25450;CHEMBL25579;CHEMBL25610;CHEMBL26641;CHEMBL269620;CHEMBL273789;CHEMBL279459;CHEMBL281872;CHEMBL281990;CHEMBL283088;CHEMBL286160;CHEMBL291359;CHEMBL291514;CHEMBL293064;CHEMBL293090;CHEMBL294034;CHEMBL294395;CHEMBL299672;CHEMBL299893;CHEMBL300791;CHEMBL304271;CHEMBL31965;CHEMBL335648;CHEMBL335931;CHEMBL338449;CHEMBL344486;CHEMBL348146;CHEMBL353823;CHEMBL416191;CHEMBL419022;CHEMBL421326;CHEMBL422292;CHEMBL422347;CHEMBL422758;CHEMBL428534;CHEMBL448730;CHEMBL460731;CHEMBL460732;CHEMBL47940;CHEMBL493428;CHEMBL514436;CHEMBL517907;CHEMBL533849;CHEMBL538507;CHEMBL538757;CHEMBL540292;CHEMBL540701;CHEMBL541307;CHEMBL542887;CHEMBL542891;CHEMBL542893;CHEMBL543361;CHEMBL544067;CHEMBL544074;CHEMBL544538;CHEMBL544770;CHEMBL545006;CHEMBL545315;CHEMBL552859;CHEMBL552860;CHEMBL553;CHEMBL554;CHEMBL55425;CHEMBL55794;CHEMBL56027;CHEMBL56142;CHEMBL56266;CHEMBL56319;CHEMBL56502;CHEMBL56505;CHEMBL56912;CHEMBL56936;CHEMBL57758;CHEMBL57759;CHEMBL57892;CHEMBL57990;CHEMBL59812;CHEMBL607707;CHEMBL60826;CHEMBL61119;CHEMBL78249;CHEMBL939;CHEMBL95320;CHEMBL95774;CHEMBL98798;CHEMBL99024,BRICS,True,pending,pending,,False,0.227,-3.516,0,False,413.53,2.077,3,6,8
GEN_A1BAC4D2,C[N+](C)(C)CC(O)COc1cc(O)c(Cl)cc1F,[16*]c1cc(O)c(Cl)cc1F;[3*]O[3*];[4*]CC(O)C[4*];[5*][N+](C)(C)C,CHEMBL101581;CHEMBL113902;CHEMBL114728;CHEMBL115440;CHEMBL116012;CHEMBL117326;CHEMBL1202473;CHEMBL1202477;CHEMBL1202478;CHEMBL135853;CHEMBL140561;CHEMBL14627;CHEMBL14699;CHEMBL14874;CHEMBL14932;CHEMBL14952;CHEMBL15202;CHEMBL15346;CHEMBL155761;CHEMBL160846;CHEMBL168656;CHEMBL168921;CHEMBL1744086;CHEMBL1744347;CHEMBL1744349;CHEMBL1788321;CHEMBL1907763;CHEMBL1907764;CHEMBL1907944;CHEMBL24026;CHEMBL24137;CHEMBL2448064;CHEMBL2448065;CHEMBL2448066;CHEMBL2448067;CHEMBL24828;CHEMBL24979;CHEMBL25425;CHEMBL25450;CHEMBL25579;CHEMBL25610;CHEMBL26641;CHEMBL269620;CHEMBL273789;CHEMBL279459;CHEMBL281872;CHEMBL281990;CHEMBL283088;CHEMBL286160;CHEMBL291359;CHEMBL291514;CHEMBL293064;CHEMBL293090;CHEMBL294034;CHEMBL294395;CHEMBL299672;CHEMBL299893;CHEMBL300791;CHEMBL304271;CHEMBL31965;CHEMBL335648;CHEMBL335931;CHEMBL338449;CHEMBL344486;CHEMBL348146;CHEMBL353823;CHEMBL416191;CHEMBL419022;CHEMBL421326;CHEMBL422292;CHEMBL422347;CHEMBL422758;CHEMBL428534;CHEMBL460731;CHEMBL460732;CHEMBL47940;CHEMBL493428;CHEMBL514436;CHEMBL517907;CHEMBL533849;CHEMBL538507;CHEMBL538757;CHEMBL540292;CHEMBL540701;CHEMBL541307;CHEMBL542887;CHEMBL542891;CHEMBL542893;CHEMBL543361;CHEMBL544067;CHEMBL544074;CHEMBL544538;CHEMBL544770;CHEMBL545006;CHEMBL545315;CHEMBL552859;CHEMBL552860;CHEMBL553;CHEMBL554;CHEMBL55425;CHEMBL55794;CHEMBL56027;CHEMBL56142;CHEMBL56266;CHEMBL56319;CHEMBL56502;CHEMBL56505;CHEMBL56912;CHEMBL56936;CHEMBL57758;CHEMBL57759;CHEMBL57892;CHEMBL57990;CHEMBL59812;CHEMBL607707;CHEMBL60826;CHEMBL61119;CHEMBL939;CHEMBL95320;CHEMBL95774;CHEMBL98798;CHEMBL99024,BRICS,True,pending,pending,,False,0.805,-2.512,0,False,278.73,1.631,2,3,5
GEN_6079C268,C[N+](C)(C)CC(O)COC(CO)CO,[3*]O[3*];[4*]C(CO)CO;[4*]CC(O)C[4*];[5*][N+](C)(C)C,CHEMBL101581;CHEMBL113902;CHEMBL114728;CHEMBL115440;CHEMBL116012;CHEMBL117326;CHEMBL1202473;CHEMBL1202477;CHEMBL1202478;CHEMBL125568;CHEMBL135853;CHEMBL140561;CHEMBL14627;CHEMBL14699;CHEMBL14874;CHEMBL14932;CHEMBL14952;CHEMBL15202;CHEMBL15346;CHEMBL155761;CHEMBL160846;CHEMBL168656;CHEMBL168921;CHEMBL1744086;CHEMBL1744347;CHEMBL1744349;CHEMBL1788321;CHEMBL1907763;CHEMBL1907764;CHEMBL1907944;CHEMBL24026;CHEMBL24137;CHEMBL2448064;CHEMBL2448065;CHEMBL2448066;CHEMBL2448067;CHEMBL24828;CHEMBL24979;CHEMBL25425;CHEMBL25450;CHEMBL25579;CHEMBL25610;CHEMBL26641;CHEMBL269620;CHEMBL273789;CHEMBL279459;CHEMBL281872;CHEMBL281990;CHEMBL283088;CHEMBL286160;CHEMBL291359;CHEMBL291514;CHEMBL293064;CHEMBL293090;CHEMBL294034;CHEMBL294395;CHEMBL299672;CHEMBL299893;CHEMBL300791;CHEMBL304271;CHEMBL31965;CHEMBL335648;CHEMBL335931;CHEMBL338449;CHEMBL344486;CHEMBL348146;CHEMBL353823;CHEMBL416191;CHEMBL419022;CHEMBL421326;CHEMBL422292;CHEMBL422347;CHEMBL422758;CHEMBL428534;CHEMBL460731;CHEMBL460732;CHEMBL47940;CHEMBL493428;CHEMBL514436;CHEMBL517907;CHEMBL533849;CHEMBL538507;CHEMBL538757;CHEMBL540292;CHEMBL540701;CHEMBL541307;CHEMBL542887;CHEMBL542891;CHEMBL542893;CHEMBL543361;CHEMBL544067;CHEMBL544074;CHEMBL544538;CHEMBL544770;CHEMBL545006;CHEMBL545315;CHEMBL552859;CHEMBL552860;CHEMBL553;CHEMBL554;CHEMBL55425;CHEMBL55794;CHEMBL56027;CHEMBL56142;CHEMBL56266;CHEMBL56319;CHEMBL56502;CHEMBL56505;CHEMBL56912;CHEMBL56936;CHEMBL57758;CHEMBL57759;CHEMBL57892;CHEMBL57990;CHEMBL59812;CHEMBL607707;CHEMBL60826;CHEMBL61119;CHEMBL939;CHEMBL95320;CHEMBL95774;CHEMBL98798;CHEMBL99024,BRICS,True,pending,pending,,False,0.442,0.324,0,False,208.28,-1.577,3,4,7
GEN_0A5C8A9F,CC1CN(CC(O)C[N+](C)(C)C)CC(C)N1,[4*]CC(O)C[4*];[5*]N1CC(C)NC(C)C1;[5*][N+](C)(C)C,CHEMBL1744086;CHEMBL1788321;CHEMBL299893;CHEMBL304271;CHEMBL335648;CHEMBL56266;CHEMBL69071,BRICS,True,pending,pending,,False,0.653,-0.838,0,False,230.38,-0.264,2,3,4
GEN_3FF824B8,C=C[S+]([O-])c1cc2c(-c3c(C)[nH]c(OCC(O)C[N+](C)(C)C)c3C)ncnc2cn1,[14*]c1[nH]c(C)c([16*])c1C;[14*]c1ncnc2cnc([S+]([O-])C=C)cc12;[3*]O[3*];[4*]CC(O)C[4*];[5*][N+](C)(C)C,CHEMBL101581;CHEMBL113902;CHEMBL114728;CHEMBL115440;CHEMBL116012;CHEMBL117326;CHEMBL1202473;CHEMBL1202477;CHEMBL1202478;CHEMBL135853;CHEMBL140561;CHEMBL14627;CHEMBL146694;CHEMBL14699;CHEMBL14874;CHEMBL149201;CHEMBL14932;CHEMBL14952;CHEMBL150177;CHEMBL15202;CHEMBL15346;CHEMBL155761;CHEMBL160846;CHEMBL168656;CHEMBL168921;CHEMBL1744086;CHEMBL1744347;CHEMBL1744349;CHEMBL1788321;CHEMBL1907763;CHEMBL1907764;CHEMBL1907944;CHEMBL24026;CHEMBL24137;CHEMBL2448064;CHEMBL2448065;CHEMBL2448066;CHEMBL2448067;CHEMBL24828;CHEMBL24979;CHEMBL25425;CHEMBL25450;CHEMBL25579;CHEMBL25610;CHEMBL26641;CHEMBL269620;CHEMBL273789;CHEMBL279459;CHEMBL281872;CHEMBL281990;CHEMBL283088;CHEMBL286160;CHEMBL291359;CHEMBL291514;CHEMBL293064;CHEMBL293090;CHEMBL294034;CHEMBL294395;CHEMBL299672;CHEMBL299893;CHEMBL300791;CHEMBL304271;CHEMBL305782;CHEMBL31965;CHEMBL335648;CHEMBL335931;CHEMBL338449;CHEMBL344486;CHEMBL345077;CHEMBL348146;CHEMBL353823;CHEMBL358728;CHEMBL416191;CHEMBL419022;CHEMBL421326;CHEMBL422292;CHEMBL422347;CHEMBL422758;CHEMBL428534;CHEMBL432903;CHEMBL460731;CHEMBL460732;CHEMBL47940;CHEMBL493428;CHEMBL514436;CHEMBL517907;CHEMBL533849;CHEMBL538507;CHEMBL538757;CHEMBL540292;CHEMBL540701;CHEMBL541307;CHEMBL542887;CHEMBL542891;CHEMBL542893;CHEMBL543361;CHEMBL544067;CHEMBL544074;CHEMBL544538;CHEMBL544770;CHEMBL545006;CHEMBL545315;CHEMBL552859;CHEMBL552860;CHEMBL553;CHEMBL554;CHEMBL55425;CHEMBL55794;CHEMBL56027;CHEMBL56142;CHEMBL56266;CHEMBL56319;CHEMBL56502;CHEMBL56505;CHEMBL56912;CHEMBL56936;CHEMBL57758;CHEMBL57759;CHEMBL57892;CHEMBL57990;CHEMBL59812;CHEMBL607707;CHEMBL60826;CHEMBL61119;CHEMBL939;CHEMBL95320;CHEMBL95774;CHEMBL98798;CHEMBL99024,BRICS,True,pending,pending,,False,0.42,-3.822,0,False,430.55,2.334,2,6,8
GEN_BA7069F6,C[N+](C)(C)CC(O)COC1CCCC[C@@H]1CC(C#N)C(=N)S,[15*]C1CCCC[C@@H]1[15*];[3*]O[3*];[4*]CC(O)C[4*];[5*][N+](C)(C)C;[8*]CC(C#N)C(=N)S,CHEMBL101581;CHEMBL113902;CHEMBL114728;CHEMBL115440;CHEMBL116012;CHEMBL117326;CHEMBL1202473;CHEMBL1202477;CHEMBL1202478;CHEMBL135853;CHEMBL140561;CHEMBL144778;CHEMBL14627;CHEMBL14699;CHEMBL14874;CHEMBL14932;CHEMBL14952;CHEMBL15202;CHEMBL15346;CHEMBL155761;CHEMBL160846;CHEMBL168656;CHEMBL168921;CHEMBL1744086;CHEMBL1744347;CHEMBL1744349;CHEMBL1788321;CHEMBL1907763;CHEMBL1907764;CHEMBL1907944;CHEMBL24026;CHEMBL24137;CHEMBL2448064;CHEMBL2448065;CHEMBL2448066;CHEMBL2448067;CHEMBL24828;CHEMBL24979;CHEMBL25425;CHEMBL25450;CHEMBL25579;CHEMBL25610;CHEMBL26641;CHEMBL269620;CHEMBL273789;CHEMBL279459;CHEMBL281872;CHEMBL281990;CHEMBL283088;CHEMBL286160;CHEMBL291359;CHEMBL291514;CHEMBL293064;CHEMBL293090;CHEMBL294034;CHEMBL294395;CHEMBL299672;CHEMBL299893;CHEMBL300791;CHEMBL304271;CHEMBL31965;CHEMBL335648;CHEMBL335931;CHEMBL338449;CHEMBL344486;CHEMBL348146;CHEMBL353823;CHEMBL416191;CHEMBL419022;CHEMBL421326;CHEMBL422292;CHEMBL422347;CHEMBL422758;CHEMBL428534;CHEMBL460731;CHEMBL460732;CHEMBL47940;CHEMBL493428;CHEMBL514436;CHEMBL517907;CHEMBL533849;CHEMBL538507;CHEMBL538757;CHEMBL540292;CHEMBL540701;CHEMBL541307;CHEMBL542887;CHEMBL542891;CHEMBL542893;CHEMBL543361;CHEMBL544067;CHEMBL544074;CHEMBL544538;CHEMBL544770;CHEMBL545006;CHEMBL545315;CHEMBL552859;CHEMBL552860;CHEMBL553;CHEMBL554;CHEMBL55425;CHEMBL55794;CHEMBL56027;CHEMBL56142;CHEMBL56266;CHEMBL56319;CHEMBL56502;CHEMBL56505;CHEMBL56912;CHEMBL56936;CHEMBL57758;CHEMBL57759;CHEMBL57892;CHEMBL57990;CHEMBL59812;CHEMBL607707;CHEMBL60826;CHEMBL61119;CHEMBL78249;CHEMBL939;CHEMBL95320;CHEMBL95774;CHEMBL98798;CHEMBL99024,BRICS,True,pending,pending,,False,0.276,-2.65,0,False,328.5,2.066,3,4,8
GEN_EA6BEDB5,C/N=N/Nc1ccc2ncnc(OCC(O)C[N+](C)(C)C)c2c1,[14*]c1ncnc2ccc(N/N=N/C)cc12;[3*]O[3*];[4*]CC(O)C[4*];[5*][N+](C)(C)C,CHEMBL101581;CHEMBL113902;CHEMBL114728;CHEMBL115440;CHEMBL116012;CHEMBL117326;CHEMBL1202473;CHEMBL1202477;CHEMBL1202478;CHEMBL133024;CHEMBL135592;CHEMBL135853;CHEMBL137189;CHEMBL137617;CHEMBL137788;CHEMBL140561;CHEMBL14627;CHEMBL14699;CHEMBL14874;CHEMBL14932;CHEMBL14952;CHEMBL15202;CHEMBL15346;CHEMBL155761;CHEMBL160846;CHEMBL168656;CHEMBL168921;CHEMBL1744086;CHEMBL1744347;CHEMBL1744349;CHEMBL1788321;CHEMBL1907763;CHEMBL1907764;CHEMBL1907944;CHEMBL24026;CHEMBL24137;CHEMBL2448064;CHEMBL2448065;CHEMBL2448066;CHEMBL2448067;CHEMBL24828;CHEMBL24979;CHEMBL25425;CHEMBL25450;CHEMBL25579;CHEMBL25610;CHEMBL26641;CHEMBL269620;CHEMBL273789;CHEMBL279459;CHEMBL281872;CHEMBL281990;CHEMBL283088;CHEMBL286160;CHEMBL291359;CHEMBL291514;CHEMBL293064;CHEMBL293090;CHEMBL294034;CHEMBL294395;CHEMBL299672;CHEMBL299893;CHEMBL300791;CHEMBL304271;CHEMBL31965;CHEMBL335648;CHEMBL335931;CHEMBL338449;CHEMBL344486;CHEMBL348146;CHEMBL353823;CHEMBL416191;CHEMBL419022;CHEMBL421326;CHEMBL422292;CHEMBL422347;CHEMBL422758;CHEMBL428534;CHEMBL460731;CHEMBL460732;CHEMBL47940;CHEMBL493428;CHEMBL514436;CHEMBL517907;CHEMBL533849;CHEMBL538507;CHEMBL538757;CHEMBL540292;CHEMBL540701;CHEMBL541307;CHEMBL542887;CHEMBL542891;CHEMBL542893;CHEMBL543361;CHEMBL544067;CHEMBL544074;CHEMBL544538;CHEMBL544770;CHEMBL545006;CHEMBL545315;CHEMBL552859;CHEMBL552860;CHEMBL553;CHEMBL554;CHEMBL55425;CHEMBL55794;CHEMBL56027;CHEMBL56142;CHEMBL56266;CHEMBL56319;CHEMBL56502;CHEMBL56505;CHEMBL56912;CHEMBL56936;CHEMBL57758;CHEMBL57759;CHEMBL57892;CHEMBL57990;CHEMBL59812;CHEMBL607707;CHEMBL60826;CHEMBL61119;CHEMBL939;CHEMBL95320;CHEMBL95774;CHEMBL98798;CHEMBL99024,BRICS,True,pending,pending,,False,0.458,-2.615,1,True,319.39,1.485,2,6,7
GEN_878595B0,C[N+](C)(C)CC(O)COC1CCCN1c1ncnc2c1sc1ccc([N+](=O)[O-])cc12,[14*]c1ncnc2c1sc1ccc([N+](=O)[O-])cc12;[3*]O[3*];[4*]CC(O)C[4*];[5*]N1CCCC1[13*];[5*][N+](C)(C)C,CHEMBL101581;CHEMBL113902;CHEMBL114728;CHEMBL115440;CHEMBL116012;CHEMBL117326;CHEMBL1202473;CHEMBL1202477;CHEMBL1202478;CHEMBL135853;CHEMBL140561;CHEMBL14627;CHEMBL14699;CHEMBL14874;CHEMBL14932;CHEMBL14952;CHEMBL15202;CHEMBL15346;CHEMBL155761;CHEMBL157128;CHEMBL160846;CHEMBL168656;CHEMBL168921;CHEMBL1744086;CHEMBL1744347;CHEMBL1744349;CHEMBL1788321;CHEMBL1907763;CHEMBL1907764;CHEMBL1907944;CHEMBL24026;CHEMBL24137;CHEMBL2448064;CHEMBL2448065;CHEMBL2448066;CHEMBL2448067;CHEMBL24828;CHEMBL24979;CHEMBL25425;CHEMBL25450;CHEMBL25579;CHEMBL25610;CHEMBL26641;CHEMBL269620;CHEMBL273789;CHEMBL279459;CHEMBL281872;CHEMBL281990;CHEMBL283088;CHEMBL286160;CHEMBL291359;CHEMBL291514;CHEMBL293064;CHEMBL293090;CHEMBL294034;CHEMBL294395;CHEMBL299672;CHEMBL299893;CHEMBL300791;CHEMBL304271;CHEMBL31965;CHEMBL335648;CHEMBL335931;CHEMBL338449;CHEMBL344486;CHEMBL348146;CHEMBL353823;CHEMBL416191;CHEMBL419022;CHEMBL421326;CHEMBL422292;CHEMBL422347;CHEMBL422758;CHEMBL428534;CHEMBL460731;CHEMBL460732;CHEMBL47940;CHEMBL493428;CHEMBL514436;CHEMBL517907;CHEMBL533849;CHEMBL538507;CHEMBL538757;CHEMBL538814;CHEMBL540292;CHEMBL540701;CHEMBL541307;CHEMBL542887;CHEMBL542891;CHEMBL542893;CHEMBL543361;CHEMBL544067;CHEMBL544074;CHEMBL544538;CHEMBL544770;CHEMBL544867;CHEMBL544868;CHEMBL545006;CHEMBL545315;CHEMBL552859;CHEMBL552860;CHEMBL553;CHEMBL553351;CHEMBL554;CHEMBL55425;CHEMBL55794;CHEMBL56027;CHEMBL56142;CHEMBL56266;CHEMBL56319;CHEMBL56502;CHEMBL56505;CHEMBL56912;CHEMBL56936;CHEMBL57758;CHEMBL57759;CHEMBL57892;CHEMBL57990;CHEMBL59812;CHEMBL607707;CHEMBL60826;CHEMBL61119;CHEMBL939;CHEMBL95320;CHEMBL95774;CHEMBL98798;CHEMBL99024,BRICS,True,pending,pending,,False,0.348,-4.121,0,False,432.53,2.763,1,8,7
GEN_AC3F1A44,C[S+]([O-])c1ccc(OCC(O)C[N+](C)(C)C)cc1,[16*]c1ccc([S+](C)[O-])cc1;[3*]O[3*];[4*]CC(O)C[4*];[5*][N+](C)(C)C,CHEMBL10;CHEMBL101581;CHEMBL113902;CHEMBL114728;CHEMBL115440;CHEMBL116012;CHEMBL117326;CHEMBL1202473;CHEMBL1202477;CHEMBL1202478;CHEMBL135853;CHEMBL140561;CHEMBL14627;CHEMBL14699;CHEMBL14874;CHEMBL14932;CHEMBL14952;CHEMBL15202;CHEMBL15346;CHEMBL155761;CHEMBL160846;CHEMBL168656;CHEMBL168921;CHEMBL1744086;CHEMBL1744347;CHEMBL1744349;CHEMBL1788321;CHEMBL1907763;CHEMBL1907764;CHEMBL1907944;CHEMBL24026;CHEMBL24137;CHEMBL2448064;CHEMBL2448065;CHEMBL2448066;CHEMBL2448067;CHEMBL24828;CHEMBL24979;CHEMBL25425;CHEMBL25450;CHEMBL25579;CHEMBL25610;CHEMBL26641;CHEMBL269620;CHEMBL273789;CHEMBL279459;CHEMBL281872;CHEMBL281990;CHEMBL283088;CHEMBL286160;CHEMBL291359;CHEMBL291514;CHEMBL293064;CHEMBL293090;CHEMBL294034;CHEMBL294395;CHEMBL299672;CHEMBL299893;CHEMBL300791;CHEMBL304271;CHEMBL31965;CHEMBL335648;CHEMBL335931;CHEMBL338449;CHEMBL344486;CHEMBL348146;CHEMBL353823;CHEMBL416191;CHEMBL419022;CHEMBL421326;CHEMBL422292;CHEMBL422347;CHEMBL422758;CHEMBL428534;CHEMBL460731;CHEMBL460732;CHEMBL47940;CHEMBL493428;CHEMBL514436;CHEMBL517907;CHEMBL533849;CHEMBL538507;CHEMBL538757;CHEMBL540292;CHEMBL540701;CHEMBL541307;CHEMBL542887;CHEMBL542891;CHEMBL542893;CHEMBL543361;CHEMBL544067;CHEMBL544074;CHEMBL544538;CHEMBL544770;CHEMBL545006;CHEMBL545315;CHEMBL552859;CHEMBL552860;CHEMBL553;CHEMBL554;CHEMBL55425;CHEMBL55794;CHEMBL56027;CHEMBL56142;CHEMBL56266;CHEMBL56319;CHEMBL56502;CHEMBL56505;CHEMBL56912;CHEMBL56936;CHEMBL57758;CHEMBL57759;CHEMBL57892;CHEMBL57990;CHEMBL59812;CHEMBL607707;CHEMBL60826;CHEMBL61119;CHEMBL939;CHEMBL95320;CHEMBL95774;CHEMBL98798;CHEMBL99024,BRICS,True,pending,pending,,False,0.617,-1.928,0,False,272.39,0.87,1,3,6
GEN_47657D7C,C[N+](C)(C)CC(O)COc1[nH]cnc2nc3ccccc3c1-2,[14*]c1[nH]cnc2nc3ccccc3c1-2;[3*]O[3*];[4*]CC(O)C[4*];[5*][N+](C)(C)C,CHEMBL101581;CHEMBL113902;CHEMBL114728;CHEMBL115440;CHEMBL116012;CHEMBL117326;CHEMBL1202473;CHEMBL1202477;CHEMBL1202478;CHEMBL135853;CHEMBL140561;CHEMBL14627;CHEMBL14699;CHEMBL14874;CHEMBL14932;CHEMBL14952;CHEMBL150280;CHEMBL15202;CHEMBL15346;CHEMBL155761;CHEMBL160846;CHEMBL168656;CHEMBL168921;CHEMBL1744086;CHEMBL1744347;CHEMBL1744349;CHEMBL1788321;CHEMBL1907763;CHEMBL1907764;CHEMBL1907944;CHEMBL24026;CHEMBL24137;CHEMBL2448064;CHEMBL2448065;CHEMBL2448066;CHEMBL2448067;CHEMBL24828;CHEMBL24979;CHEMBL25425;CHEMBL25450;CHEMBL25579;CHEMBL25610;CHEMBL26641;CHEMBL269620;CHEMBL273789;CHEMBL279459;CHEMBL281872;CHEMBL281990;CHEMBL283088;CHEMBL286160;CHEMBL291359;CHEMBL291514;CHEMBL293064;CHEMBL293090;CHEMBL294034;CHEMBL294395;CHEMBL299672;CHEMBL299893;CHEMBL300791;CHEMBL304271;CHEMBL31965;CHEMBL335648;CHEMBL335931;CHEMBL338449;CHEMBL344486;CHEMBL348146;CHEMBL353823;CHEMBL416191;CHEMBL419022;CHEMBL421326;CHEMBL422292;CHEMBL422347;CHEMBL422758;CHEMBL423224;CHEMBL428534;CHEMBL460731;CHEMBL460732;CHEMBL47940;CHEMBL493428;CHEMBL514436;CHEMBL517907;CHEMBL533849;CHEMBL538507;CHEMBL538757;CHEMBL540292;CHEMBL540701;CHEMBL541307;CHEMBL542887;CHEMBL542891;CHEMBL542893;CHEMBL543361;CHEMBL544067;CHEMBL544074;CHEMBL544538;CHEMBL544770;CHEMBL545006;CHEMBL545315;CHEMBL552859;CHEMBL552860;CHEMBL553;CHEMBL554;CHEMBL55425;CHEMBL55794;CHEMBL56027;CHEMBL56142;CHEMBL56266;CHEMBL56319;CHEMBL56502;CHEMBL56505;CHEMBL56912;CHEMBL56936;CHEMBL57758;CHEMBL57759;CHEMBL57892;CHEMBL57990;CHEMBL59812;CHEMBL607707;CHEMBL60826;CHEMBL61119;CHEMBL939;CHEMBL95320;CHEMBL95774;CHEMBL98798;CHEMBL99024,BRICS,True,pending,pending,,False,0.701,-2.766,0,False,301.37,1.509,2,4,5
GEN_5F4E1911,C[N+](C)(C)CC(O)COc1ccc2c(-c3cc(=O)c4c(N)c(O)c(N)cc4o3)ncnc2c1,[14*]c1cc(=O)c2c(N)c(O)c(N)cc2o1;[14*]c1ncnc2cc([16*])ccc12;[3*]O[3*];[4*]CC(O)C[4*];[5*][N+](C)(C)C,CHEMBL101581;CHEMBL113902;CHEMBL114728;CHEMBL115440;CHEMBL116012;CHEMBL117326;CHEMBL1202473;CHEMBL1202477;CHEMBL1202478;CHEMBL135853;CHEMBL140561;CHEMBL14627;CHEMBL14699;CHEMBL14874;CHEMBL14932;CHEMBL14952;CHEMBL15202;CHEMBL15346;CHEMBL155761;CHEMBL160846;CHEMBL168656;CHEMBL168921;CHEMBL1744086;CHEMBL1744347;CHEMBL1744349;CHEMBL1788321;CHEMBL1907763;CHEMBL1907764;CHEMBL1907944;CHEMBL24026;CHEMBL24137;CHEMBL2448064;CHEMBL2448065;CHEMBL2448066;CHEMBL2448067;CHEMBL24828;CHEMBL24979;CHEMBL25425;CHEMBL25450;CHEMBL25579;CHEMBL25610;CHEMBL26641;CHEMBL269620;CHEMBL273789;CHEMBL279459;CHEMBL281872;CHEMBL281990;CHEMBL283088;CHEMBL286160;CHEMBL291359;CHEMBL291514;CHEMBL293064;CHEMBL293090;CHEMBL294034;CHEMBL294395;CHEMBL299672;CHEMBL299893;CHEMBL300791;CHEMBL304271;CHEMBL31965;CHEMBL325949;CHEMBL335648;CHEMBL335931;CHEMBL338449;CHEMBL344486;CHEMBL348146;CHEMBL353823;CHEMBL416191;CHEMBL419022;CHEMBL421326;CHEMBL422292;CHEMBL422347;CHEMBL422758;CHEMBL428534;CHEMBL460731;CHEMBL460732;CHEMBL47940;CHEMBL493428;CHEMBL514436;CHEMBL517907;CHEMBL533849;CHEMBL538507;CHEMBL538757;CHEMBL540292;CHEMBL540701;CHEMBL541307;CHEMBL542887;CHEMBL542891;CHEMBL542893;CHEMBL543361;CHEMBL544067;CHEMBL544074;CHEMBL544538;CHEMBL544770;CHEMBL545006;CHEMBL545315;CHEMBL552859;CHEMBL552860;CHEMBL553;CHEMBL554;CHEMBL55425;CHEMBL55794;CHEMBL56027;CHEMBL56142;CHEMBL56266;CHEMBL56319;CHEMBL56502;CHEMBL56505;CHEMBL56912;CHEMBL56936;CHEMBL57758;CHEMBL57759;CHEMBL57892;CHEMBL57990;CHEMBL59812;CHEMBL607707;CHEMBL60826;CHEMBL61119;CHEMBL92812;CHEMBL939;CHEMBL95320;CHEMBL95774;CHEMBL98798;CHEMBL99024,BRICS,True,pending,pending,,False,0.194,-3.781,0,False,452.49,1.719,4,9,6
GEN_3C80F6B9,Cn1c(=O)c(OCC(O)C[N+](C)(C)C)cc2cnc(N)nc21,[16*]c1cc2cnc(N)nc2n(C)c1=O;[3*]O[3*];[4*]CC(O)C[4*];[5*][N+](C)(C)C,CHEMBL101581;CHEMBL113902;CHEMBL114728;CHEMBL115440;CHEMBL116012;CHEMBL117326;CHEMBL1202473;CHEMBL1202477;CHEMBL1202478;CHEMBL135853;CHEMBL140561;CHEMBL14627;CHEMBL14699;CHEMBL14874;CHEMBL14932;CHEMBL14952;CHEMBL15202;CHEMBL15346;CHEMBL155761;CHEMBL160846;CHEMBL168656;CHEMBL168921;CHEMBL1744086;CHEMBL1744347;CHEMBL1744349;CHEMBL1788321;CHEMBL1907763;CHEMBL1907764;CHEMBL1907944;CHEMBL24026;CHEMBL24137;CHEMBL2448064;CHEMBL2448065;CHEMBL2448066;CHEMBL2448067;CHEMBL24828;CHEMBL24979;CHEMBL25425;CHEMBL25450;CHEMBL25579;CHEMBL25610;CHEMBL26641;CHEMBL269620;CHEMBL273789;CHEMBL279459;CHEMBL281872;CHEMBL281990;CHEMBL283088;CHEMBL286160;CHEMBL291359;CHEMBL291514;CHEMBL293064;CHEMBL293090;CHEMBL294034;CHEMBL294395;CHEMBL299672;CHEMBL299893;CHEMBL300791;CHEMBL304271;CHEMBL31965;CHEMBL335648;CHEMBL335931;CHEMBL338449;CHEMBL344486;CHEMBL348146;CHEMBL353823;CHEMBL416191;CHEMBL419022;CHEMBL421326;CHEMBL422292;CHEMBL422347;CHEMBL422758;CHEMBL428534;CHEMBL460731;CHEMBL460732;CHEMBL47940;CHEMBL493428;CHEMBL49596;CHEMBL514436;CHEMBL517907;CHEMBL533849;CHEMBL538507;CHEMBL538757;CHEMBL540292;CHEMBL540701;CHEMBL541307;CHEMBL542887;CHEMBL542891;CHEMBL542893;CHEMBL543361;CHEMBL544067;CHEMBL544074;CHEMBL544538;CHEMBL544770;CHEMBL545006;CHEMBL545315;CHEMBL552859;CHEMBL552860;CHEMBL553;CHEMBL554;CHEMBL55425;CHEMBL55794;CHEMBL56027;CHEMBL56142;CHEMBL56266;CHEMBL56319;CHEMBL56502;CHEMBL56505;CHEMBL56912;CHEMBL56936;CHEMBL57758;CHEMBL57759;CHEMBL57892;CHEMBL57990;CHEMBL59812;CHEMBL607707;CHEMBL60826;CHEMBL61119;CHEMBL939;CHEMBL95320;CHEMBL95774;CHEMBL98798;CHEMBL99024,BRICS,True,pending,pending,,False,0.712,-1.353,0,False,308.36,-0.643,2,6,5
GEN_44975591,C[N+](C)(C)CC(O)COC1CCCC[C@@H]1c1coc2cc(O)cc(O)c2c1=O,[15*]C1CCCC[C@@H]1[15*];[16*]c1coc2cc(O)cc(O)c2c1=O;[3*]O[3*];[4*]CC(O)C[4*];[5*][N+](C)(C)C,CHEMBL101581;CHEMBL113902;CHEMBL114728;CHEMBL115440;CHEMBL116012;CHEMBL117326;CHEMBL1202473;CHEMBL1202477;CHEMBL1202478;CHEMBL135853;CHEMBL140561;CHEMBL144778;CHEMBL14627;CHEMBL14699;CHEMBL14874;CHEMBL14932;CHEMBL14952;CHEMBL15202;CHEMBL15346;CHEMBL155761;CHEMBL160846;CHEMBL168656;CHEMBL168921;CHEMBL1744086;CHEMBL1744347;CHEMBL1744349;CHEMBL1788321;CHEMBL1907763;CHEMBL1907764;CHEMBL1907944;CHEMBL24026;CHEMBL24137;CHEMBL2448064;CHEMBL2448065;CHEMBL2448066;CHEMBL2448067;CHEMBL24828;CHEMBL24979;CHEMBL25425;CHEMBL25450;CHEMBL25579;CHEMBL25610;CHEMBL26641;CHEMBL269620;CHEMBL273789;CHEMBL279459;CHEMBL281872;CHEMBL281990;CHEMBL283088;CHEMBL286160;CHEMBL291359;CHEMBL291514;CHEMBL293064;CHEMBL293090;CHEMBL294034;CHEMBL294395;CHEMBL299672;CHEMBL299893;CHEMBL300791;CHEMBL304271;CHEMBL31965;CHEMBL335648;CHEMBL335931;CHEMBL338449;CHEMBL344486;CHEMBL348146;CHEMBL353823;CHEMBL416191;CHEMBL419022;CHEMBL421326;CHEMBL422292;CHEMBL422347;CHEMBL422758;CHEMBL428534;CHEMBL44;CHEMBL460731;CHEMBL460732;CHEMBL47940;CHEMBL493428;CHEMBL514436;CHEMBL517907;CHEMBL533849;CHEMBL538507;CHEMBL538757;CHEMBL540292;CHEMBL540701;CHEMBL541307;CHEMBL542887;CHEMBL542891;CHEMBL542893;CHEMBL543361;CHEMBL544067;CHEMBL544074;CHEMBL544538;CHEMBL544770;CHEMBL545006;CHEMBL545315;CHEMBL552859;CHEMBL552860;CHEMBL553;CHEMBL554;CHEMBL55425;CHEMBL55794;CHEMBL56027;CHEMBL56142;CHEMBL56266;CHEMBL56319;CHEMBL56502;CHEMBL56505;CHEMBL56912;CHEMBL56936;CHEMBL57758;CHEMBL57759;CHEMBL57892;CHEMBL57990;CHEMBL59812;CHEMBL607707;CHEMBL60826;CHEMBL61119;CHEMBL7827;CHEMBL939;CHEMBL95320;CHEMBL95774;CHEMBL98798;CHEMBL99024,BRICS,True,pending,pending,,False,0.653,-3.599,0,False,392.47,2.314,3,6,6
GEN_2BE03512,C[N+](C)(C)CC(O)COC1CCNC1,[15*]C1CCNC1;[3*]O[3*];[4*]CC(O)C[4*];[5*][N+](C)(C)C,CHEMBL101581;CHEMBL113902;CHEMBL114728;CHEMBL115440;CHEMBL116012;CHEMBL117326;CHEMBL1202473;CHEMBL1202477;CHEMBL1202478;CHEMBL135853;CHEMBL140561;CHEMBL14627;CHEMBL14699;CHEMBL14874;CHEMBL14932;CHEMBL14952;CHEMBL15202;CHEMBL15346;CHEMBL155761;CHEMBL160846;CHEMBL168656;CHEMBL168829;CHEMBL168921;CHEMBL169519;CHEMBL171545;CHEMBL1744086;CHEMBL1744347;CHEMBL1744349;CHEMBL1788321;CHEMBL1907763;CHEMBL1907764;CHEMBL1907944;CHEMBL24026;CHEMBL24137;CHEMBL2448064;CHEMBL2448065;CHEMBL2448066;CHEMBL2448067;CHEMBL24828;CHEMBL24979;CHEMBL25425;CHEMBL25450;CHEMBL25579;CHEMBL25610;CHEMBL26641;CHEMBL269620;CHEMBL273789;CHEMBL279459;CHEMBL281872;CHEMBL281990;CHEMBL283088;CHEMBL286160;CHEMBL291359;CHEMBL291514;CHEMBL293064;CHEMBL293090;CHEMBL294034;CHEMBL294395;CHEMBL299672;CHEMBL299893;CHEMBL300791;CHEMBL304271;CHEMBL31965;CHEMBL335648;CHEMBL335931;CHEMBL338449;CHEMBL344486;CHEMBL348146;CHEMBL353823;CHEMBL354033;CHEMBL416191;CHEMBL419022;CHEMBL421326;CHEMBL422292;CHEMBL422347;CHEMBL422758;CHEMBL428534;CHEMBL460731;CHEMBL460732;CHEMBL47940;CHEMBL493428;CHEMBL514436;CHEMBL517907;CHEMBL533849;CHEMBL538507;CHEMBL538757;CHEMBL540292;CHEMBL540701;CHEMBL541307;CHEMBL542887;CHEMBL542891;CHEMBL542893;CHEMBL543361;CHEMBL544067;CHEMBL544074;CHEMBL544538;CHEMBL544770;CHEMBL545006;CHEMBL545315;CHEMBL552859;CHEMBL552860;CHEMBL553;CHEMBL554;CHEMBL55425;CHEMBL55794;CHEMBL56027;CHEMBL56142;CHEMBL56266;CHEMBL56319;CHEMBL56502;CHEMBL56505;CHEMBL56912;CHEMBL56936;CHEMBL57758;CHEMBL57759;CHEMBL57892;CHEMBL57990;CHEMBL59812;CHEMBL607707;CHEMBL60826;CHEMBL61119;CHEMBL939;CHEMBL95320;CHEMBL95774;CHEMBL98798;CHEMBL99024,BRICS,True,pending,pending,,False,0.588,-0.413,0,False,203.31,-0.568,2,3,5
GEN_DECDE470,Cc1[nH]c(OCC(O)C[N+](C)(C)C)c(C)c1-c1coc2cc(O)ccc2c1=O,[14*]c1[nH]c(C)c([16*])c1C;[16*]c1coc2cc(O)ccc2c1=O;[3*]O[3*];[4*]CC(O)C[4*];[5*][N+](C)(C)C,CHEMBL101581;CHEMBL113902;CHEMBL114728;CHEMBL115440;CHEMBL116012;CHEMBL117326;CHEMBL1202473;CHEMBL1202477;CHEMBL1202478;CHEMBL135853;CHEMBL140561;CHEMBL14627;CHEMBL146694;CHEMBL14699;CHEMBL14874;CHEMBL149201;CHEMBL14932;CHEMBL14952;CHEMBL150177;CHEMBL15202;CHEMBL15346;CHEMBL155761;CHEMBL160846;CHEMBL168656;CHEMBL168921;CHEMBL1744086;CHEMBL1744347;CHEMBL1744349;CHEMBL1788321;CHEMBL1907763;CHEMBL1907764;CHEMBL1907944;CHEMBL24026;CHEMBL24137;CHEMBL2448064;CHEMBL2448065;CHEMBL2448066;CHEMBL2448067;CHEMBL24828;CHEMBL24979;CHEMBL25425;CHEMBL25450;CHEMBL25579;CHEMBL25610;CHEMBL26641;CHEMBL269620;CHEMBL273789;CHEMBL279459;CHEMBL281872;CHEMBL281990;CHEMBL283088;CHEMBL286160;CHEMBL291359;CHEMBL291514;CHEMBL293064;CHEMBL293090;CHEMBL294034;CHEMBL294395;CHEMBL299672;CHEMBL299893;CHEMBL300791;CHEMBL304271;CHEMBL305782;CHEMBL31965;CHEMBL335648;CHEMBL335931;CHEMBL338449;CHEMBL344486;CHEMBL348146;CHEMBL353823;CHEMBL358728;CHEMBL416191;CHEMBL419022;CHEMBL421326;CHEMBL422292;CHEMBL422347;CHEMBL422758;CHEMBL428534;CHEMBL432903;CHEMBL460731;CHEMBL460732;CHEMBL47940;CHEMBL493428;CHEMBL514436;CHEMBL517907;CHEMBL533849;CHEMBL538507;CHEMBL538757;CHEMBL540292;CHEMBL540701;CHEMBL541307;CHEMBL542887;CHEMBL542891;CHEMBL542893;CHEMBL543361;CHEMBL544067;CHEMBL544074;CHEMBL544538;CHEMBL544770;CHEMBL545006;CHEMBL545315;CHEMBL552859;CHEMBL552860;CHEMBL553;CHEMBL554;CHEMBL55425;CHEMBL55794;CHEMBL56027;CHEMBL56142;CHEMBL56266;CHEMBL56319;CHEMBL56502;CHEMBL56505;CHEMBL56912;CHEMBL56936;CHEMBL57758;CHEMBL57759;CHEMBL57892;CHEMBL57990;CHEMBL59812;CHEMBL607707;CHEMBL60826;CHEMBL61119;CHEMBL7699;CHEMBL939;CHEMBL95320;CHEMBL95774;CHEMBL98798;CHEMBL99024,BRICS,True,pending,pending,,False,0.565,-3.853,0,False,387.46,2.556,3,5,6
GEN_F94AA11D,C[N+](C)(C)CC(O)COCCS(=O)(=O)O,[3*]O[3*];[4*]CC(O)C[4*];[4*]CCS(=O)(=O)O;[5*][N+](C)(C)C,CHEMBL101581;CHEMBL113902;CHEMBL114728;CHEMBL115440;CHEMBL116012;CHEMBL117326;CHEMBL1202473;CHEMBL1202477;CHEMBL1202478;CHEMBL128467;CHEMBL135853;CHEMBL140561;CHEMBL14627;CHEMBL14699;CHEMBL14874;CHEMBL14932;CHEMBL14952;CHEMBL15202;CHEMBL15346;CHEMBL155761;CHEMBL160846;CHEMBL168656;CHEMBL168921;CHEMBL1744086;CHEMBL1744347;CHEMBL1744349;CHEMBL1788321;CHEMBL1907763;CHEMBL1907764;CHEMBL1907944;CHEMBL24026;CHEMBL24137;CHEMBL2448064;CHEMBL2448065;CHEMBL2448066;CHEMBL2448067;CHEMBL24828;CHEMBL24979;CHEMBL25425;CHEMBL25450;CHEMBL25579;CHEMBL25610;CHEMBL26641;CHEMBL269620;CHEMBL273789;CHEMBL279459;CHEMBL281872;CHEMBL281990;CHEMBL283088;CHEMBL286160;CHEMBL291359;CHEMBL291514;CHEMBL293064;CHEMBL293090;CHEMBL294034;CHEMBL294395;CHEMBL299672;CHEMBL299893;CHEMBL300791;CHEMBL304271;CHEMBL31965;CHEMBL335648;CHEMBL335931;CHEMBL338449;CHEMBL344486;CHEMBL348146;CHEMBL353823;CHEMBL416191;CHEMBL419022;CHEMBL421326;CHEMBL422292;CHEMBL422347;CHEMBL422758;CHEMBL428534;CHEMBL460731;CHEMBL460732;CHEMBL47940;CHEMBL493428;CHEMBL514436;CHEMBL517907;CHEMBL533849;CHEMBL538507;CHEMBL538757;CHEMBL540292;CHEMBL540701;CHEMBL541307;CHEMBL542887;CHEMBL542891;CHEMBL542893;CHEMBL543361;CHEMBL544067;CHEMBL544074;CHEMBL544538;CHEMBL544770;CHEMBL545006;CHEMBL545315;CHEMBL552859;CHEMBL552860;CHEMBL553;CHEMBL554;CHEMBL55425;CHEMBL55794;CHEMBL56027;CHEMBL56142;CHEMBL56266;CHEMBL56319;CHEMBL56502;CHEMBL56505;CHEMBL56912;CHEMBL56936;CHEMBL57758;CHEMBL57759;CHEMBL57892;CHEMBL57990;CHEMBL59812;CHEMBL607707;CHEMBL60826;CHEMBL61119;CHEMBL939;CHEMBL95320;CHEMBL95774;CHEMBL98798;CHEMBL99024,BRICS,True,pending,pending,,False,0.338,-0.224,0,False,242.32,-1.042,2,4,7
GEN_B917BED1,C[N+](C)(C)CC(O)COc1ncnc2c1sc1ncsc12,[14*]c1ncnc2c1sc1ncsc12;[3*]O[3*];[4*]CC(O)C[4*];[5*][N+](C)(C)C,CHEMBL101581;CHEMBL113902;CHEMBL114728;CHEMBL115440;CHEMBL116012;CHEMBL117326;CHEMBL1202473;CHEMBL1202477;CHEMBL1202478;CHEMBL135853;CHEMBL140561;CHEMBL14627;CHEMBL14699;CHEMBL14874;CHEMBL14932;CHEMBL14952;CHEMBL15202;CHEMBL15346;CHEMBL155761;CHEMBL160846;CHEMBL168656;CHEMBL168921;CHEMBL1744086;CHEMBL1744347;CHEMBL1744349;CHEMBL1788321;CHEMBL1907763;CHEMBL1907764;CHEMBL1907944;CHEMBL24026;CHEMBL24137;CHEMBL2448064;CHEMBL2448065;CHEMBL2448066;CHEMBL2448067;CHEMBL24828;CHEMBL24979;CHEMBL25425;CHEMBL25450;CHEMBL25579;CHEMBL25610;CHEMBL26641;CHEMBL269620;CHEMBL273789;CHEMBL279459;CHEMBL281872;CHEMBL281990;CHEMBL283088;CHEMBL286160;CHEMBL291359;CHEMBL291514;CHEMBL293064;CHEMBL293090;CHEMBL294034;CHEMBL294395;CHEMBL299672;CHEMBL299893;CHEMBL300791;CHEMBL304271;CHEMBL31965;CHEMBL335648;CHEMBL335931;CHEMBL338449;CHEMBL344486;CHEMBL346863;CHEMBL348146;CHEMBL353823;CHEMBL416191;CHEMBL419022;CHEMBL421326;CHEMBL422292;CHEMBL422347;CHEMBL422758;CHEMBL428534;CHEMBL460731;CHEMBL460732;CHEMBL47940;CHEMBL493428;CHEMBL514436;CHEMBL517907;CHEMBL533849;CHEMBL538507;CHEMBL538757;CHEMBL540292;CHEMBL540701;CHEMBL541307;CHEMBL542887;CHEMBL542891;CHEMBL542893;CHEMBL543361;CHEMBL544067;CHEMBL544074;CHEMBL544538;CHEMBL544770;CHEMBL545006;CHEMBL545315;CHEMBL552859;CHEMBL552860;CHEMBL553;CHEMBL554;CHEMBL55425;CHEMBL55794;CHEMBL56027;CHEMBL56142;CHEMBL56266;CHEMBL56319;CHEMBL56502;CHEMBL56505;CHEMBL56912;CHEMBL56936;CHEMBL57758;CHEMBL57759;CHEMBL57892;CHEMBL57990;CHEMBL59812;CHEMBL607707;CHEMBL60826;CHEMBL61119;CHEMBL939;CHEMBL95320;CHEMBL95774;CHEMBL98798;CHEMBL99024,BRICS,True,pending,pending,,False,0.724,-3.051,0,False,325.44,1.747,1,7,5
GEN_9BCDC61E,C[N+](C)(C)CC(O)COC1CCCC[C@@H]1n1ccnn1,[15*]C1CCCC[C@@H]1[15*];[3*]O[3*];[4*]CC(O)C[4*];[5*][N+](C)(C)C;[9*]n1ccnn1,CHEMBL101581;CHEMBL113902;CHEMBL114728;CHEMBL115440;CHEMBL116012;CHEMBL117326;CHEMBL1202473;CHEMBL1202477;CHEMBL1202478;CHEMBL135853;CHEMBL140561;CHEMBL144778;CHEMBL14627;CHEMBL14699;CHEMBL14874;CHEMBL14932;CHEMBL14952;CHEMBL15202;CHEMBL15346;CHEMBL155761;CHEMBL160846;CHEMBL168656;CHEMBL168921;CHEMBL1744086;CHEMBL1744347;CHEMBL1744349;CHEMBL1788321;CHEMBL1907763;CHEMBL1907764;CHEMBL1907944;CHEMBL24026;CHEMBL24137;CHEMBL2448064;CHEMBL2448065;CHEMBL2448066;CHEMBL2448067;CHEMBL24828;CHEMBL24979;CHEMBL25425;CHEMBL25450;CHEMBL25579;CHEMBL25610;CHEMBL26641;CHEMBL269620;CHEMBL273789;CHEMBL279459;CHEMBL281872;CHEMBL281990;CHEMBL283088;CHEMBL286160;CHEMBL291359;CHEMBL291514;CHEMBL293064;CHEMBL293090;CHEMBL294034;CHEMBL294395;CHEMBL299672;CHEMBL299893;CHEMBL300791;CHEMBL304271;CHEMBL31965;CHEMBL335648;CHEMBL335931;CHEMBL338449;CHEMBL344486;CHEMBL348146;CHEMBL353823;CHEMBL416191;CHEMBL419022;CHEMBL421326;CHEMBL422292;CHEMBL422347;CHEMBL422758;CHEMBL428534;CHEMBL460731;CHEMBL460732;CHEMBL47940;CHEMBL493428;CHEMBL514436;CHEMBL517907;CHEMBL533849;CHEMBL538507;CHEMBL538757;CHEMBL540292;CHEMBL540701;CHEMBL541307;CHEMBL542887;CHEMBL542891;CHEMBL542893;CHEMBL543361;CHEMBL544067;CHEMBL544074;CHEMBL544538;CHEMBL544770;CHEMBL545006;CHEMBL545315;CHEMBL552859;CHEMBL552860;CHEMBL553;CHEMBL554;CHEMBL55425;CHEMBL55794;CHEMBL56027;CHEMBL56142;CHEMBL56266;CHEMBL56319;CHEMBL56502;CHEMBL56505;CHEMBL56912;CHEMBL56936;CHEMBL57758;CHEMBL57759;CHEMBL57892;CHEMBL57990;CHEMBL59812;CHEMBL607707;CHEMBL60826;CHEMBL61119;CHEMBL939;CHEMBL95320;CHEMBL95774;CHEMBL98798;CHEMBL99024,BRICS,True,pending,pending,,False,0.786,-1.919,0,False,283.4,0.845,1,4,6
GEN_2431FAA2,C[N+](C)(C)CC(O)COC1CCCC[C@@H]1c1nc(N)nc2[nH]c3ccccc3c12,[14*]c1nc(N)nc2[nH]c3ccccc3c12;[15*]C1CCCC[C@@H]1[15*];[3*]O[3*];[4*]CC(O)C[4*];[5*][N+](C)(C)C,CHEMBL101581;CHEMBL113902;CHEMBL114728;CHEMBL115440;CHEMBL116012;CHEMBL117326;CHEMBL1202473;CHEMBL1202477;CHEMBL1202478;CHEMBL135853;CHEMBL140561;CHEMBL144778;CHEMBL14627;CHEMBL14699;CHEMBL14874;CHEMBL14932;CHEMBL14952;CHEMBL15202;CHEMBL15346;CHEMBL155761;CHEMBL160846;CHEMBL168656;CHEMBL168921;CHEMBL1744086;CHEMBL1744347;CHEMBL1744349;CHEMBL1788321;CHEMBL1907763;CHEMBL1907764;CHEMBL1907944;CHEMBL24026;CHEMBL24137;CHEMBL2448064;CHEMBL2448065;CHEMBL2448066;CHEMBL2448067;CHEMBL24828;CHEMBL24979;CHEMBL25425;CHEMBL25450;CHEMBL25579;CHEMBL25610;CHEMBL26641;CHEMBL269620;CHEMBL273789;CHEMBL279459;CHEMBL281872;CHEMBL281990;CHEMBL283088;CHEMBL286160;CHEMBL291359;CHEMBL291514;CHEMBL293064;CHEMBL293090;CHEMBL294034;CHEMBL294395;CHEMBL299672;CHEMBL299893;CHEMBL300791;CHEMBL304271;CHEMBL31965;CHEMBL335648;CHEMBL335931;CHEMBL338449;CHEMBL344486;CHEMBL345988;CHEMBL348146;CHEMBL353823;CHEMBL416191;CHEMBL419022;CHEMBL421326;CHEMBL422292;CHEMBL422347;CHEMBL422758;CHEMBL428534;CHEMBL460731;CHEMBL460732;CHEMBL47940;CHEMBL493428;CHEMBL514436;CHEMBL517907;CHEMBL533849;CHEMBL538507;CHEMBL538757;CHEMBL540292;CHEMBL540701;CHEMBL541307;CHEMBL542887;CHEMBL542891;CHEMBL542893;CHEMBL543361;CHEMBL544067;CHEMBL544074;CHEMBL544538;CHEMBL544770;CHEMBL545006;CHEMBL545315;CHEMBL552859;CHEMBL552860;CHEMBL553;CHEMBL554;CHEMBL55425;CHEMBL55794;CHEMBL56027;CHEMBL56142;CHEMBL56266;CHEMBL56319;CHEMBL56502;CHEMBL56505;CHEMBL56912;CHEMBL56936;CHEMBL57758;CHEMBL57759;CHEMBL57892;CHEMBL57990;CHEMBL59812;CHEMBL607707;CHEMBL60826;CHEMBL61119;CHEMBL939;CHEMBL95320;CHEMBL95774;CHEMBL98798;CHEMBL99024,BRICS,True,pending,pending,,False,0.555,-4.013,0,False,398.53,2.803,3,5,6
GEN_82141CBF,Cc1[nH]c(OCC(O)C[N+](C)(C)C)c(C)c1[C@H]1CCCN(C)C1,[14*]c1[nH]c(C)c([16*])c1C;[15*][C@H]1CCCN(C)C1;[3*]O[3*];[4*]CC(O)C[4*];[5*][N+](C)(C)C,CHEMBL101581;CHEMBL113902;CHEMBL114728;CHEMBL115440;CHEMBL116012;CHEMBL117326;CHEMBL1202473;CHEMBL1202477;CHEMBL1202478;CHEMBL135853;CHEMBL140561;CHEMBL14627;CHEMBL146694;CHEMBL14699;CHEMBL14874;CHEMBL149201;CHEMBL14932;CHEMBL14952;CHEMBL150177;CHEMBL15202;CHEMBL15346;CHEMBL155761;CHEMBL160846;CHEMBL168656;CHEMBL168921;CHEMBL1744086;CHEMBL1744347;CHEMBL1744349;CHEMBL1788321;CHEMBL1907763;CHEMBL1907764;CHEMBL1907944;CHEMBL24026;CHEMBL24137;CHEMBL2448064;CHEMBL2448065;CHEMBL2448066;CHEMBL2448067;CHEMBL24828;CHEMBL24979;CHEMBL25425;CHEMBL25450;CHEMBL25579;CHEMBL25610;CHEMBL26641;CHEMBL269620;CHEMBL273789;CHEMBL279459;CHEMBL281872;CHEMBL281990;CHEMBL283088;CHEMBL286160;CHEMBL291359;CHEMBL291514;CHEMBL293064;CHEMBL293090;CHEMBL294034;CHEMBL294395;CHEMBL299672;CHEMBL299893;CHEMBL300791;CHEMBL304271;CHEMBL305782;CHEMBL31965;CHEMBL335648;CHEMBL335931;CHEMBL338449;CHEMBL344486;CHEMBL348146;CHEMBL353823;CHEMBL358728;CHEMBL416191;CHEMBL419022;CHEMBL421326;CHEMBL422292;CHEMBL422347;CHEMBL422758;CHEMBL428534;CHEMBL432903;CHEMBL460731;CHEMBL460732;CHEMBL47940;CHEMBL493428;CHEMBL514436;CHEMBL517907;CHEMBL533849;CHEMBL538507;CHEMBL538757;CHEMBL540292;CHEMBL540701;CHEMBL541307;CHEMBL542887;CHEMBL542891;CHEMBL542893;CHEMBL543361;CHEMBL544067;CHEMBL544074;CHEMBL544538;CHEMBL544770;CHEMBL545006;CHEMBL545315;CHEMBL552859;CHEMBL552860;CHEMBL553;CHEMBL554;CHEMBL55425;CHEMBL55794;CHEMBL56027;CHEMBL56142;CHEMBL56266;CHEMBL56319;CHEMBL56502;CHEMBL56505;CHEMBL56912;CHEMBL56936;CHEMBL57758;CHEMBL57759;CHEMBL57892;CHEMBL57990;CHEMBL59812;CHEMBL607707;CHEMBL60826;CHEMBL61119;CHEMBL939;CHEMBL95320;CHEMBL95774;CHEMBL98798;CHEMBL99024,BRICS,True,pending,pending,,False,0.786,-2.805,0,False,324.49,1.887,2,3,6
GEN_5204F184,C[N+](C)(C)CC(O)COC(=O)/C=C/Cl,[1*]C(=O)/C=C/Cl;[3*]O[3*];[4*]CC(O)C[4*];[5*][N+](C)(C)C,CHEMBL101581;CHEMBL113902;CHEMBL114728;CHEMBL115440;CHEMBL116012;CHEMBL117326;CHEMBL1202473;CHEMBL1202477;CHEMBL1202478;CHEMBL135853;CHEMBL140561;CHEMBL14627;CHEMBL14699;CHEMBL14874;CHEMBL14932;CHEMBL14952;CHEMBL15202;CHEMBL15346;CHEMBL155761;CHEMBL160846;CHEMBL168656;CHEMBL168921;CHEMBL1744086;CHEMBL1744347;CHEMBL1744349;CHEMBL1788321;CHEMBL1907763;CHEMBL1907764;CHEMBL1907944;CHEMBL24026;CHEMBL24137;CHEMBL2448064;CHEMBL2448065;CHEMBL2448066;CHEMBL2448067;CHEMBL24828;CHEMBL24979;CHEMBL25425;CHEMBL25450;CHEMBL25579;CHEMBL25610;CHEMBL26641;CHEMBL269620;CHEMBL273789;CHEMBL279459;CHEMBL281872;CHEMBL281990;CHEMBL283088;CHEMBL286160;CHEMBL291359;CHEMBL291514;CHEMBL293064;CHEMBL293090;CHEMBL294034;CHEMBL294395;CHEMBL299672;CHEMBL299893;CHEMBL300791;CHEMBL304271;CHEMBL31965;CHEMBL335648;CHEMBL335931;CHEMBL338449;CHEMBL344177;CHEMBL344486;CHEMBL348146;CHEMBL353823;CHEMBL416191;CHEMBL419022;CHEMBL421326;CHEMBL422292;CHEMBL422347;CHEMBL422758;CHEMBL428534;CHEMBL460731;CHEMBL460732;CHEMBL47940;CHEMBL493428;CHEMBL514436;CHEMBL517907;CHEMBL533849;CHEMBL538507;CHEMBL538757;CHEMBL540292;CHEMBL540701;CHEMBL541307;CHEMBL542887;CHEMBL542891;CHEMBL542893;CHEMBL543361;CHEMBL544067;CHEMBL544074;CHEMBL544538;CHEMBL544770;CHEMBL545006;CHEMBL545315;CHEMBL552859;CHEMBL552860;CHEMBL553;CHEMBL554;CHEMBL55425;CHEMBL55794;CHEMBL56027;CHEMBL56142;CHEMBL56266;CHEMBL56319;CHEMBL56502;CHEMBL56505;CHEMBL56912;CHEMBL56936;CHEMBL57758;CHEMBL57759;CHEMBL57892;CHEMBL57990;CHEMBL59812;CHEMBL607707;CHEMBL60826;CHEMBL61119;CHEMBL939;CHEMBL95320;CHEMBL95774;CHEMBL98798;CHEMBL99024,BRICS,True,pending,pending,,False,0.415,-1.111,0,False,222.69,0.349,1,3,5
GEN_1C20FB72,C[N+](C)(C)CC(O)COc1cnc2cc(O)c(O)cc2c1,[16*]c1cnc2cc(O)c(O)cc2c1;[3*]O[3*];[4*]CC(O)C[4*];[5*][N+](C)(C)C,CHEMBL101581;CHEMBL113902;CHEMBL114728;CHEMBL115440;CHEMBL116012;CHEMBL117326;CHEMBL1202473;CHEMBL1202477;CHEMBL1202478;CHEMBL135853;CHEMBL140561;CHEMBL14627;CHEMBL14699;CHEMBL14874;CHEMBL14932;CHEMBL14952;CHEMBL15202;CHEMBL15346;CHEMBL155761;CHEMBL160846;CHEMBL168656;CHEMBL168921;CHEMBL1744086;CHEMBL1744347;CHEMBL1744349;CHEMBL1788321;CHEMBL1907763;CHEMBL1907764;CHEMBL1907944;CHEMBL24026;CHEMBL24137;CHEMBL2448064;CHEMBL2448065;CHEMBL2448066;CHEMBL2448067;CHEMBL24828;CHEMBL24979;CHEMBL25425;CHEMBL25450;CHEMBL25579;CHEMBL25610;CHEMBL26641;CHEMBL269620;CHEMBL273789;CHEMBL279459;CHEMBL281872;CHEMBL281990;CHEMBL283088;CHEMBL286160;CHEMBL291359;CHEMBL291514;CHEMBL293064;CHEMBL293090;CHEMBL294034;CHEMBL294395;CHEMBL299672;CHEMBL299893;CHEMBL300791;CHEMBL304271;CHEMBL31965;CHEMBL335648;CHEMBL335931;CHEMBL338449;CHEMBL344486;CHEMBL348146;CHEMBL353823;CHEMBL416191;CHEMBL419022;CHEMBL421326;CHEMBL422292;CHEMBL422347;CHEMBL422758;CHEMBL428534;CHEMBL460731;CHEMBL460732;CHEMBL47940;CHEMBL493428;CHEMBL514436;CHEMBL517907;CHEMBL533849;CHEMBL538507;CHEMBL538757;CHEMBL540292;CHEMBL540701;CHEMBL541307;CHEMBL542887;CHEMBL542891;CHEMBL542893;CHEMBL543361;CHEMBL544067;CHEMBL544074;CHEMBL544538;CHEMBL544770;CHEMBL545006;CHEMBL545315;CHEMBL552859;CHEMBL552860;CHEMBL553;CHEMBL554;CHEMBL55425;CHEMBL55794;CHEMBL56027;CHEMBL56142;CHEMBL56266;CHEMBL56319;CHEMBL56502;CHEMBL56505;CHEMBL56912;CHEMBL56936;CHEMBL57758;CHEMBL57759;CHEMBL57892;CHEMBL57990;CHEMBL59812;CHEMBL607707;CHEMBL60826;CHEMBL61119;CHEMBL63356;CHEMBL87084;CHEMBL939;CHEMBL95320;CHEMBL95774;CHEMBL98798;CHEMBL99024,BRICS,True,pending,pending,,False,0.568,-2.369,1,True,293.34,1.092,3,5,5
GEN_3CC4CC0C,CN1C(=S)C(C(=O)OCC(O)C[N+](C)(C)C)c2ccccc21,[1*]C(=O)C1C(=S)N(C)c2ccccc21;[3*]O[3*];[4*]CC(O)C[4*];[5*][N+](C)(C)C,CHEMBL101581;CHEMBL113902;CHEMBL114728;CHEMBL115440;CHEMBL116012;CHEMBL117326;CHEMBL1202473;CHEMBL1202477;CHEMBL1202478;CHEMBL135853;CHEMBL140561;CHEMBL14627;CHEMBL14699;CHEMBL14874;CHEMBL14932;CHEMBL14952;CHEMBL15202;CHEMBL15346;CHEMBL155761;CHEMBL160846;CHEMBL168656;CHEMBL168921;CHEMBL1744086;CHEMBL1744347;CHEMBL1744349;CHEMBL1788321;CHEMBL1907763;CHEMBL1907764;CHEMBL1907944;CHEMBL24026;CHEMBL24137;CHEMBL2448064;CHEMBL2448065;CHEMBL2448066;CHEMBL2448067;CHEMBL24828;CHEMBL24979;CHEMBL25425;CHEMBL25450;CHEMBL25579;CHEMBL25610;CHEMBL26641;CHEMBL269620;CHEMBL273789;CHEMBL279459;CHEMBL281872;CHEMBL281990;CHEMBL283088;CHEMBL286160;CHEMBL291359;CHEMBL291514;CHEMBL293064;CHEMBL293090;CHEMBL294034;CHEMBL294395;CHEMBL299672;CHEMBL299893;CHEMBL300791;CHEMBL304271;CHEMBL31965;CHEMBL335648;CHEMBL335931;CHEMBL338449;CHEMBL344486;CHEMBL348146;CHEMBL353823;CHEMBL416191;CHEMBL419022;CHEMBL421326;CHEMBL422292;CHEMBL422347;CHEMBL422758;CHEMBL428534;CHEMBL460731;CHEMBL460732;CHEMBL47940;CHEMBL493428;CHEMBL514436;CHEMBL517907;CHEMBL533849;CHEMBL538507;CHEMBL538757;CHEMBL540292;CHEMBL540701;CHEMBL541307;CHEMBL542887;CHEMBL542891;CHEMBL542893;CHEMBL543361;CHEMBL544067;CHEMBL544074;CHEMBL544538;CHEMBL544770;CHEMBL545006;CHEMBL545315;CHEMBL552859;CHEMBL552860;CHEMBL553;CHEMBL554;CHEMBL55425;CHEMBL55794;CHEMBL56027;CHEMBL56142;CHEMBL56266;CHEMBL56319;CHEMBL56502;CHEMBL56505;CHEMBL56912;CHEMBL56936;CHEMBL57758;CHEMBL57759;CHEMBL57892;CHEMBL57990;CHEMBL59812;CHEMBL607707;CHEMBL60826;CHEMBL61119;CHEMBL62176;CHEMBL939;CHEMBL95320;CHEMBL95774;CHEMBL98798;CHEMBL99024,BRICS,True,pending,pending,,False,0.501,-2.446,0,False,323.44,1.158,1,4,5
GEN_F554D209,C[N+](C)(C)CC(O)COc1nc2cc(Cl)ccc2s1,[14*]c1nc2cc(Cl)ccc2s1;[3*]O[3*];[4*]CC(O)C[4*];[5*][N+](C)(C)C,CHEMBL101581;CHEMBL113902;CHEMBL114728;CHEMBL115440;CHEMBL115519;CHEMBL116012;CHEMBL117326;CHEMBL1202473;CHEMBL1202477;CHEMBL1202478;CHEMBL135853;CHEMBL140561;CHEMBL14627;CHEMBL14699;CHEMBL14874;CHEMBL14932;CHEMBL14952;CHEMBL15202;CHEMBL15346;CHEMBL155761;CHEMBL160846;CHEMBL168656;CHEMBL168921;CHEMBL1744086;CHEMBL1744347;CHEMBL1744349;CHEMBL1788321;CHEMBL1907763;CHEMBL1907764;CHEMBL1907944;CHEMBL24026;CHEMBL24137;CHEMBL2448064;CHEMBL2448065;CHEMBL2448066;CHEMBL2448067;CHEMBL24828;CHEMBL24979;CHEMBL25425;CHEMBL25450;CHEMBL25579;CHEMBL25610;CHEMBL26641;CHEMBL269620;CHEMBL273789;CHEMBL279459;CHEMBL281872;CHEMBL281990;CHEMBL283088;CHEMBL286160;CHEMBL291359;CHEMBL291514;CHEMBL293064;CHEMBL293090;CHEMBL294034;CHEMBL294395;CHEMBL299672;CHEMBL299893;CHEMBL300791;CHEMBL304271;CHEMBL31965;CHEMBL335648;CHEMBL335931;CHEMBL338449;CHEMBL344486;CHEMBL348146;CHEMBL353823;CHEMBL416191;CHEMBL419022;CHEMBL421326;CHEMBL422292;CHEMBL422347;CHEMBL422758;CHEMBL428534;CHEMBL460731;CHEMBL460732;CHEMBL47940;CHEMBL493428;CHEMBL514436;CHEMBL517907;CHEMBL533849;CHEMBL538507;CHEMBL538757;CHEMBL540292;CHEMBL540701;CHEMBL541307;CHEMBL542887;CHEMBL542891;CHEMBL542893;CHEMBL543361;CHEMBL544067;CHEMBL544074;CHEMBL544538;CHEMBL544770;CHEMBL545006;CHEMBL545315;CHEMBL552859;CHEMBL552860;CHEMBL553;CHEMBL554;CHEMBL55425;CHEMBL55794;CHEMBL56027;CHEMBL56142;CHEMBL56266;CHEMBL56319;CHEMBL56502;CHEMBL56505;CHEMBL56912;CHEMBL56936;CHEMBL57758;CHEMBL57759;CHEMBL57892;CHEMBL57990;CHEMBL59812;CHEMBL607707;CHEMBL60826;CHEMBL61119;CHEMBL939;CHEMBL95320;CHEMBL95774;CHEMBL98798;CHEMBL99024,BRICS,True,pending,pending,,False,0.862,-3.241,0,False,301.82,2.396,1,4,5
GEN_05FB0D0A,Cc1cc2cc(N3CCCC3OCC(O)C[N+](C)(C)C)ccc2[nH]1,[16*]c1ccc2[nH]c(C)cc2c1;[3*]O[3*];[4*]CC(O)C[4*];[5*]N1CCCC1[13*];[5*][N+](C)(C)C,CHEMBL101581;CHEMBL113902;CHEMBL114728;CHEMBL115440;CHEMBL116012;CHEMBL117326;CHEMBL1202473;CHEMBL1202477;CHEMBL1202478;CHEMBL135853;CHEMBL140561;CHEMBL14627;CHEMBL14699;CHEMBL14874;CHEMBL14932;CHEMBL14952;CHEMBL15202;CHEMBL15346;CHEMBL155761;CHEMBL157128;CHEMBL160846;CHEMBL168656;CHEMBL168921;CHEMBL1744086;CHEMBL1744347;CHEMBL1744349;CHEMBL1788321;CHEMBL1907763;CHEMBL1907764;CHEMBL1907944;CHEMBL24026;CHEMBL24137;CHEMBL2448064;CHEMBL2448065;CHEMBL2448066;CHEMBL2448067;CHEMBL24828;CHEMBL24979;CHEMBL25425;CHEMBL25450;CHEMBL25579;CHEMBL25610;CHEMBL26641;CHEMBL269620;CHEMBL273789;CHEMBL279459;CHEMBL281872;CHEMBL281990;CHEMBL283088;CHEMBL286160;CHEMBL291359;CHEMBL291514;CHEMBL293064;CHEMBL293090;CHEMBL294034;CHEMBL294395;CHEMBL299672;CHEMBL299893;CHEMBL300791;CHEMBL304271;CHEMBL311111;CHEMBL31965;CHEMBL335648;CHEMBL335931;CHEMBL338449;CHEMBL344486;CHEMBL348146;CHEMBL353823;CHEMBL416191;CHEMBL419022;CHEMBL421326;CHEMBL422292;CHEMBL422347;CHEMBL422758;CHEMBL428534;CHEMBL460731;CHEMBL460732;CHEMBL47940;CHEMBL493428;CHEMBL514436;CHEMBL517907;CHEMBL533849;CHEMBL538507;CHEMBL538757;CHEMBL540292;CHEMBL540701;CHEMBL541307;CHEMBL542887;CHEMBL542891;CHEMBL542893;CHEMBL543361;CHEMBL544067;CHEMBL544074;CHEMBL544538;CHEMBL544770;CHEMBL545006;CHEMBL545315;CHEMBL552859;CHEMBL552860;CHEMBL553;CHEMBL554;CHEMBL55425;CHEMBL55794;CHEMBL56027;CHEMBL56142;CHEMBL56266;CHEMBL56319;CHEMBL56502;CHEMBL56505;CHEMBL56912;CHEMBL56936;CHEMBL57758;CHEMBL57759;CHEMBL57892;CHEMBL57990;CHEMBL59812;CHEMBL607707;CHEMBL60826;CHEMBL61119;CHEMBL79060;CHEMBL939;CHEMBL95320;CHEMBL95774;CHEMBL98798;CHEMBL99024,BRICS,True,pending,pending,,False,0.799,-3.349,0,False,332.47,2.486,2,3,6
GEN_E291140D,Cc1cc(C)c(OCC(O)C[N+](C)(C)C)c(C)c1,[16*]c1c(C)cc(C)cc1C;[3*]O[3*];[4*]CC(O)C[4*];[5*][N+](C)(C)C,CHEMBL101581;CHEMBL113902;CHEMBL114728;CHEMBL115440;CHEMBL116012;CHEMBL117326;CHEMBL1202473;CHEMBL1202477;CHEMBL1202478;CHEMBL135853;CHEMBL140561;CHEMBL141238;CHEMBL14627;CHEMBL14699;CHEMBL14874;CHEMBL14932;CHEMBL14952;CHEMBL15202;CHEMBL15346;CHEMBL155761;CHEMBL160846;CHEMBL168656;CHEMBL168921;CHEMBL1744086;CHEMBL1744347;CHEMBL1744349;CHEMBL1788321;CHEMBL1907763;CHEMBL1907764;CHEMBL1907944;CHEMBL24026;CHEMBL24137;CHEMBL2448064;CHEMBL2448065;CHEMBL2448066;CHEMBL2448067;CHEMBL24828;CHEMBL24979;CHEMBL25425;CHEMBL25450;CHEMBL25579;CHEMBL25610;CHEMBL26641;CHEMBL269620;CHEMBL273789;CHEMBL279459;CHEMBL281872;CHEMBL281990;CHEMBL283088;CHEMBL286160;CHEMBL291359;CHEMBL291514;CHEMBL293064;CHEMBL293090;CHEMBL294034;CHEMBL294395;CHEMBL299672;CHEMBL299893;CHEMBL300791;CHEMBL304271;CHEMBL31965;CHEMBL335648;CHEMBL335931;CHEMBL338449;CHEMBL344486;CHEMBL348146;CHEMBL353823;CHEMBL416191;CHEMBL419022;CHEMBL421326;CHEMBL422292;CHEMBL422347;CHEMBL422758;CHEMBL428534;CHEMBL460731;CHEMBL460732;CHEMBL47940;CHEMBL493428;CHEMBL514436;CHEMBL517907;CHEMBL533849;CHEMBL538507;CHEMBL538757;CHEMBL540292;CHEMBL540701;CHEMBL541307;CHEMBL542887;CHEMBL542891;CHEMBL542893;CHEMBL543361;CHEMBL544067;CHEMBL544074;CHEMBL544538;CHEMBL544770;CHEMBL545006;CHEMBL545315;CHEMBL552859;CHEMBL552860;CHEMBL553;CHEMBL554;CHEMBL55425;CHEMBL55794;CHEMBL55993;CHEMBL56027;CHEMBL56142;CHEMBL56266;CHEMBL56319;CHEMBL56502;CHEMBL56505;CHEMBL56912;CHEMBL56936;CHEMBL57758;CHEMBL57759;CHEMBL57892;CHEMBL57990;CHEMBL59812;CHEMBL607707;CHEMBL60826;CHEMBL61119;CHEMBL939;CHEMBL95320;CHEMBL95774;CHEMBL98798;CHEMBL99024,BRICS,True,pending,pending,,False,0.813,-2.618,0,False,252.38,2.058,1,2,5
GEN_4172C069,C[N+](C)(C)CC(O)COc1c(C#N)cnc2ncc(-c3ncnc4ccc5[nH]cnc5c34)cc12,[14*]c1ncnc2ccc3[nH]cnc3c12;[16*]c1cnc2ncc(C#N)c([16*])c2c1;[3*]O[3*];[4*]CC(O)C[4*];[5*][N+](C)(C)C,CHEMBL101581;CHEMBL113902;CHEMBL114728;CHEMBL115440;CHEMBL116012;CHEMBL117326;CHEMBL1202473;CHEMBL1202477;CHEMBL1202478;CHEMBL135853;CHEMBL140561;CHEMBL14627;CHEMBL14699;CHEMBL14874;CHEMBL14932;CHEMBL14952;CHEMBL15202;CHEMBL153170;CHEMBL15346;CHEMBL155761;CHEMBL160846;CHEMBL168656;CHEMBL168921;CHEMBL1744086;CHEMBL1744347;CHEMBL1744349;CHEMBL1788321;CHEMBL1907763;CHEMBL1907764;CHEMBL1907944;CHEMBL24026;CHEMBL24137;CHEMBL2448064;CHEMBL2448065;CHEMBL2448066;CHEMBL2448067;CHEMBL24828;CHEMBL24979;CHEMBL25425;CHEMBL25450;CHEMBL25579;CHEMBL25610;CHEMBL26641;CHEMBL269620;CHEMBL273789;CHEMBL279459;CHEMBL281467;CHEMBL281872;CHEMBL281990;CHEMBL283088;CHEMBL286160;CHEMBL287022;CHEMBL291359;CHEMBL291514;CHEMBL293064;CHEMBL293090;CHEMBL294034;CHEMBL294395;CHEMBL299672;CHEMBL299893;CHEMBL300791;CHEMBL304271;CHEMBL31745;CHEMBL31965;CHEMBL335648;CHEMBL335931;CHEMBL338449;CHEMBL344486;CHEMBL348146;CHEMBL353823;CHEMBL416191;CHEMBL419022;CHEMBL421326;CHEMBL422292;CHEMBL422347;CHEMBL422758;CHEMBL428534;CHEMBL441518;CHEMBL460731;CHEMBL460732;CHEMBL47940;CHEMBL493428;CHEMBL514436;CHEMBL517907;CHEMBL533849;CHEMBL538507;CHEMBL538757;CHEMBL540292;CHEMBL540701;CHEMBL541307;CHEMBL542887;CHEMBL542891;CHEMBL542893;CHEMBL543361;CHEMBL544067;CHEMBL544074;CHEMBL544538;CHEMBL544770;CHEMBL545006;CHEMBL545315;CHEMBL552859;CHEMBL552860;CHEMBL553;CHEMBL554;CHEMBL55425;CHEMBL55794;CHEMBL56027;CHEMBL56142;CHEMBL56266;CHEMBL56319;CHEMBL56502;CHEMBL56505;CHEMBL56912;CHEMBL56936;CHEMBL57758;CHEMBL57759;CHEMBL57892;CHEMBL57990;CHEMBL59812;CHEMBL607707;CHEMBL60826;CHEMBL61119;CHEMBL939;CHEMBL95320;CHEMBL95774;CHEMBL98798;CHEMBL99024,BRICS,True,pending,pending,,False,0.373,-4.302,0,False,455.5,2.434,2,8,6
GEN_CDD40896,C[N+](C)(C)CC(O)COc1ccc2c(C3CCNC3)ncnc2c1,[14*]c1ncnc2cc([16*])ccc12;[15*]C1CCNC1;[3*]O[3*];[4*]CC(O)C[4*];[5*][N+](C)(C)C,CHEMBL101581;CHEMBL113902;CHEMBL114728;CHEMBL115440;CHEMBL116012;CHEMBL117326;CHEMBL1202473;CHEMBL1202477;CHEMBL1202478;CHEMBL135853;CHEMBL140561;CHEMBL14627;CHEMBL14699;CHEMBL14874;CHEMBL14932;CHEMBL14952;CHEMBL15202;CHEMBL15346;CHEMBL155761;CHEMBL160846;CHEMBL168656;CHEMBL168829;CHEMBL168921;CHEMBL169519;CHEMBL171545;CHEMBL1744086;CHEMBL1744347;CHEMBL1744349;CHEMBL1788321;CHEMBL1907763;CHEMBL1907764;CHEMBL1907944;CHEMBL24026;CHEMBL24137;CHEMBL2448064;CHEMBL2448065;CHEMBL2448066;CHEMBL2448067;CHEMBL24828;CHEMBL24979;CHEMBL25425;CHEMBL25450;CHEMBL25579;CHEMBL25610;CHEMBL26641;CHEMBL269620;CHEMBL273789;CHEMBL279459;CHEMBL281872;CHEMBL281990;CHEMBL283088;CHEMBL286160;CHEMBL291359;CHEMBL291514;CHEMBL293064;CHEMBL293090;CHEMBL294034;CHEMBL294395;CHEMBL299672;CHEMBL299893;CHEMBL300791;CHEMBL304271;CHEMBL31965;CHEMBL335648;CHEMBL335931;CHEMBL338449;CHEMBL344486;CHEMBL348146;CHEMBL353823;CHEMBL354033;CHEMBL416191;CHEMBL419022;CHEMBL421326;CHEMBL422292;CHEMBL422347;CHEMBL422758;CHEMBL428534;CHEMBL460731;CHEMBL460732;CHEMBL47940;CHEMBL493428;CHEMBL514436;CHEMBL517907;CHEMBL533849;CHEMBL538507;CHEMBL538757;CHEMBL540292;CHEMBL540701;CHEMBL541307;CHEMBL542887;CHEMBL542891;CHEMBL542893;CHEMBL543361;CHEMBL544067;CHEMBL544074;CHEMBL544538;CHEMBL544770;CHEMBL545006;CHEMBL545315;CHEMBL552859;CHEMBL552860;CHEMBL553;CHEMBL554;CHEMBL55425;CHEMBL55794;CHEMBL56027;CHEMBL56142;CHEMBL56266;CHEMBL56319;CHEMBL56502;CHEMBL56505;CHEMBL56912;CHEMBL56936;CHEMBL57758;CHEMBL57759;CHEMBL57892;CHEMBL57990;CHEMBL59812;CHEMBL607707;CHEMBL60826;CHEMBL61119;CHEMBL92812;CHEMBL939;CHEMBL95320;CHEMBL95774;CHEMBL98798;CHEMBL99024,BRICS,True,pending,pending,,False,0.778,-2.533,0,False,331.44,1.153,2,5,6
GEN_33133552,Cc1[nH]c(OCC(O)C[N+](C)(C)C)c(C)c1-n1ccnc1,[14*]c1[nH]c(C)c([16*])c1C;[3*]O[3*];[4*]CC(O)C[4*];[5*][N+](C)(C)C;[9*]n1ccnc1,CHEMBL101581;CHEMBL113902;CHEMBL114728;CHEMBL115440;CHEMBL116012;CHEMBL117326;CHEMBL1202473;CHEMBL1202477;CHEMBL1202478;CHEMBL126791;CHEMBL135853;CHEMBL140561;CHEMBL14627;CHEMBL146694;CHEMBL14699;CHEMBL14874;CHEMBL149201;CHEMBL14932;CHEMBL14952;CHEMBL150177;CHEMBL15202;CHEMBL15346;CHEMBL155761;CHEMBL160846;CHEMBL168656;CHEMBL168921;CHEMBL1744086;CHEMBL1744347;CHEMBL1744349;CHEMBL1788321;CHEMBL1907763;CHEMBL1907764;CHEMBL1907944;CHEMBL24026;CHEMBL24137;CHEMBL2448064;CHEMBL2448065;CHEMBL2448066;CHEMBL2448067;CHEMBL24828;CHEMBL24979;CHEMBL25425;CHEMBL25450;CHEMBL25579;CHEMBL25610;CHEMBL26641;CHEMBL269620;CHEMBL273789;CHEMBL279459;CHEMBL281872;CHEMBL281990;CHEMBL283088;CHEMBL286160;CHEMBL291359;CHEMBL291514;CHEMBL293064;CHEMBL293090;CHEMBL294034;CHEMBL294395;CHEMBL299672;CHEMBL299893;CHEMBL300791;CHEMBL304271;CHEMBL305782;CHEMBL31965;CHEMBL335648;CHEMBL335931;CHEMBL338449;CHEMBL340898;CHEMBL342828;CHEMBL344486;CHEMBL348146;CHEMBL353823;CHEMBL358728;CHEMBL416191;CHEMBL419022;CHEMBL421326;CHEMBL422292;CHEMBL422347;CHEMBL422758;CHEMBL428534;CHEMBL432903;CHEMBL460731;CHEMBL460732;CHEMBL47940;CHEMBL493428;CHEMBL51228;CHEMBL514436;CHEMBL517907;CHEMBL533849;CHEMBL538507;CHEMBL538757;CHEMBL540292;CHEMBL540701;CHEMBL541307;CHEMBL542887;CHEMBL542891;CHEMBL542893;CHEMBL543361;CHEMBL544067;CHEMBL544074;CHEMBL544538;CHEMBL544770;CHEMBL545006;CHEMBL545315;CHEMBL552859;CHEMBL552860;CHEMBL553;CHEMBL554;CHEMBL55425;CHEMBL55794;CHEMBL56027;CHEMBL56142;CHEMBL56266;CHEMBL56319;CHEMBL56502;CHEMBL56505;CHEMBL56912;CHEMBL56936;CHEMBL57758;CHEMBL57759;CHEMBL57892;CHEMBL57990;CHEMBL59812;CHEMBL607707;CHEMBL60826;CHEMBL61119;CHEMBL939;CHEMBL95320;CHEMBL95774;CHEMBL98798;CHEMBL99024,BRICS,True,pending,pending,,False,0.788,-2.411,0,False,293.39,1.263,2,3,6
GEN_89281A4C,C[N+](C)(C)CC(O)COc1ccccc1[N+](=O)[O-],[16*]c1ccccc1[N+](=O)[O-];[3*]O[3*];[4*]CC(O)C[4*];[5*][N+](C)(C)C,CHEMBL101581;CHEMBL113902;CHEMBL114728;CHEMBL115440;CHEMBL116012;CHEMBL117326;CHEMBL1202473;CHEMBL1202477;CHEMBL1202478;CHEMBL125035;CHEMBL135853;CHEMBL140561;CHEMBL14627;CHEMBL14699;CHEMBL14874;CHEMBL14932;CHEMBL14952;CHEMBL15202;CHEMBL15346;CHEMBL155761;CHEMBL160846;CHEMBL168656;CHEMBL168921;CHEMBL1744086;CHEMBL1744347;CHEMBL1744349;CHEMBL1788321;CHEMBL1907763;CHEMBL1907764;CHEMBL1907944;CHEMBL24026;CHEMBL24137;CHEMBL2448064;CHEMBL2448065;CHEMBL2448066;CHEMBL2448067;CHEMBL24828;CHEMBL24979;CHEMBL25425;CHEMBL25450;CHEMBL25579;CHEMBL25610;CHEMBL26641;CHEMBL269620;CHEMBL273789;CHEMBL279459;CHEMBL281872;CHEMBL281990;CHEMBL283088;CHEMBL286160;CHEMBL291359;CHEMBL291514;CHEMBL293064;CHEMBL293090;CHEMBL294034;CHEMBL294395;CHEMBL299672;CHEMBL299893;CHEMBL300791;CHEMBL304271;CHEMBL31965;CHEMBL335648;CHEMBL335931;CHEMBL338449;CHEMBL338662;CHEMBL344486;CHEMBL348146;CHEMBL353823;CHEMBL416191;CHEMBL419022;CHEMBL421326;CHEMBL422292;CHEMBL422347;CHEMBL422758;CHEMBL428534;CHEMBL460731;CHEMBL460732;CHEMBL47940;CHEMBL493428;CHEMBL514436;CHEMBL517907;CHEMBL533849;CHEMBL538507;CHEMBL538757;CHEMBL540292;CHEMBL540701;CHEMBL541307;CHEMBL542887;CHEMBL542891;CHEMBL542893;CHEMBL543361;CHEMBL544067;CHEMBL544074;CHEMBL544538;CHEMBL544770;CHEMBL545006;CHEMBL545315;CHEMBL552859;CHEMBL552860;CHEMBL553;CHEMBL554;CHEMBL55425;CHEMBL55794;CHEMBL56027;CHEMBL56142;CHEMBL56266;CHEMBL56319;CHEMBL56502;CHEMBL56505;CHEMBL56912;CHEMBL56936;CHEMBL57758;CHEMBL57759;CHEMBL57892;CHEMBL57990;CHEMBL59812;CHEMBL607707;CHEMBL60826;CHEMBL61119;CHEMBL939;CHEMBL95320;CHEMBL95774;CHEMBL98798;CHEMBL99024,BRICS,True,pending,pending,,False,0.468,-1.929,0,False,255.29,1.041,1,4,6
GEN_5B0C0AD1,C[N+](C)(C)CC(O)COc1ccc(-c2ncnc3c2sc2cc(N)c(F)cc23)cn1,[14*]c1ccc([16*])cn1;[14*]c1ncnc2c1sc1cc(N)c(F)cc12;[3*]O[3*];[4*]CC(O)C[4*];[5*][N+](C)(C)C,CHEMBL101581;CHEMBL111365;CHEMBL113185;CHEMBL113902;CHEMBL114728;CHEMBL115440;CHEMBL116012;CHEMBL117326;CHEMBL1202473;CHEMBL1202477;CHEMBL1202478;CHEMBL135853;CHEMBL140561;CHEMBL14627;CHEMBL14699;CHEMBL14874;CHEMBL14932;CHEMBL14952;CHEMBL15202;CHEMBL15346;CHEMBL153573;CHEMBL155761;CHEMBL160846;CHEMBL168656;CHEMBL168921;CHEMBL1744086;CHEMBL1744347;CHEMBL1744349;CHEMBL1788321;CHEMBL1907763;CHEMBL1907764;CHEMBL1907944;CHEMBL24026;CHEMBL24137;CHEMBL2448064;CHEMBL2448065;CHEMBL2448066;CHEMBL2448067;CHEMBL24828;CHEMBL24979;CHEMBL25425;CHEMBL25450;CHEMBL25579;CHEMBL25610;CHEMBL26641;CHEMBL269620;CHEMBL273789;CHEMBL279459;CHEMBL281872;CHEMBL281990;CHEMBL283088;CHEMBL286160;CHEMBL291359;CHEMBL291514;CHEMBL293064;CHEMBL293090;CHEMBL294034;CHEMBL294395;CHEMBL299672;CHEMBL299893;CHEMBL300791;CHEMBL304271;CHEMBL31965;CHEMBL322066;CHEMBL335648;CHEMBL335931;CHEMBL338449;CHEMBL344486;CHEMBL348146;CHEMBL353823;CHEMBL416191;CHEMBL419022;CHEMBL421326;CHEMBL422292;CHEMBL422347;CHEMBL422758;CHEMBL428534;CHEMBL460731;CHEMBL460732;CHEMBL47940;CHEMBL493428;CHEMBL514436;CHEMBL517907;CHEMBL533849;CHEMBL538507;CHEMBL538757;CHEMBL540292;CHEMBL540701;CHEMBL541307;CHEMBL542887;CHEMBL542891;CHEMBL542893;CHEMBL543361;CHEMBL544067;CHEMBL544074;CHEMBL544538;CHEMBL544770;CHEMBL545006;CHEMBL545315;CHEMBL552859;CHEMBL552860;CHEMBL553;CHEMBL554;CHEMBL55425;CHEMBL55794;CHEMBL56027;CHEMBL56142;CHEMBL56266;CHEMBL56319;CHEMBL56502;CHEMBL56505;CHEMBL56912;CHEMBL56936;CHEMBL57758;CHEMBL57759;CHEMBL57892;CHEMBL57990;CHEMBL59812;CHEMBL607707;CHEMBL60826;CHEMBL61119;CHEMBL939;CHEMBL95320;CHEMBL95774;CHEMBL98798;CHEMBL99024,BRICS,True,pending,pending,,False,0.362,-4.506,0,False,428.51,3.074,2,7,6
GEN_17C9EB3E,C[N+](C)(C)CC(O)COC1CCCN1c1cc(=O)c2cc(N)c(O)cc2o1,[14*]c1cc(=O)c2cc(N)c(O)cc2o1;[3*]O[3*];[4*]CC(O)C[4*];[5*]N1CCCC1[13*];[5*][N+](C)(C)C,CHEMBL101581;CHEMBL113902;CHEMBL114728;CHEMBL115440;CHEMBL116012;CHEMBL117326;CHEMBL1202473;CHEMBL1202477;CHEMBL1202478;CHEMBL135853;CHEMBL140561;CHEMBL14627;CHEMBL14699;CHEMBL14874;CHEMBL14932;CHEMBL14952;CHEMBL15202;CHEMBL15346;CHEMBL155761;CHEMBL157128;CHEMBL160846;CHEMBL168656;CHEMBL168921;CHEMBL1744086;CHEMBL1744347;CHEMBL1744349;CHEMBL1788321;CHEMBL1907763;CHEMBL1907764;CHEMBL1907944;CHEMBL24026;CHEMBL24137;CHEMBL2448064;CHEMBL2448065;CHEMBL2448066;CHEMBL2448067;CHEMBL24828;CHEMBL24979;CHEMBL25425;CHEMBL25450;CHEMBL25579;CHEMBL25610;CHEMBL26641;CHEMBL269620;CHEMBL273789;CHEMBL279459;CHEMBL281872;CHEMBL281990;CHEMBL283088;CHEMBL286160;CHEMBL291359;CHEMBL291514;CHEMBL293064;CHEMBL293090;CHEMBL294034;CHEMBL294395;CHEMBL299672;CHEMBL299893;CHEMBL300791;CHEMBL304271;CHEMBL31965;CHEMBL335648;CHEMBL335931;CHEMBL338449;CHEMBL344486;CHEMBL348146;CHEMBL353823;CHEMBL416191;CHEMBL419022;CHEMBL421326;CHEMBL422292;CHEMBL422347;CHEMBL422758;CHEMBL428534;CHEMBL432416;CHEMBL460731;CHEMBL460732;CHEMBL47940;CHEMBL493428;CHEMBL514436;CHEMBL517907;CHEMBL533849;CHEMBL538507;CHEMBL538757;CHEMBL540292;CHEMBL540701;CHEMBL541307;CHEMBL542887;CHEMBL542891;CHEMBL542893;CHEMBL543361;CHEMBL544067;CHEMBL544074;CHEMBL544538;CHEMBL544770;CHEMBL545006;CHEMBL545315;CHEMBL552859;CHEMBL552860;CHEMBL553;CHEMBL554;CHEMBL55425;CHEMBL55794;CHEMBL56027;CHEMBL56142;CHEMBL56266;CHEMBL56319;CHEMBL56502;CHEMBL56505;CHEMBL56912;CHEMBL56936;CHEMBL57758;CHEMBL57759;CHEMBL57892;CHEMBL57990;CHEMBL59812;CHEMBL607707;CHEMBL60826;CHEMBL61119;CHEMBL939;CHEMBL95320;CHEMBL95774;CHEMBL98798;CHEMBL99024,BRICS,True,pending,pending,,False,0.392,-2.752,0,False,378.45,1.091,3,7,6
GEN_32C1B756,CCCCC(O)COCC(O)C[N+](C)(C)C,[3*]O[3*];[4*]CC(O)CCCC;[4*]CC(O)C[4*];[5*][N+](C)(C)C,CHEMBL101581;CHEMBL113902;CHEMBL114728;CHEMBL115440;CHEMBL116012;CHEMBL117326;CHEMBL1202473;CHEMBL1202477;CHEMBL1202478;CHEMBL135853;CHEMBL140561;CHEMBL14627;CHEMBL14699;CHEMBL14874;CHEMBL14932;CHEMBL14952;CHEMBL15202;CHEMBL15346;CHEMBL155761;CHEMBL160846;CHEMBL168656;CHEMBL168921;CHEMBL1744086;CHEMBL1744347;CHEMBL1744349;CHEMBL1788321;CHEMBL1907763;CHEMBL1907764;CHEMBL1907944;CHEMBL24026;CHEMBL24137;CHEMBL2448064;CHEMBL2448065;CHEMBL2448066;CHEMBL2448067;CHEMBL24828;CHEMBL24979;CHEMBL25425;CHEMBL25450;CHEMBL25579;CHEMBL25610;CHEMBL26641;CHEMBL269620;CHEMBL273789;CHEMBL279459;CHEMBL281872;CHEMBL281990;CHEMBL283088;CHEMBL286160;CHEMBL291359;CHEMBL291514;CHEMBL293064;CHEMBL293090;CHEMBL294034;CHEMBL294395;CHEMBL299672;CHEMBL299893;CHEMBL300791;CHEMBL304271;CHEMBL31965;CHEMBL335648;CHEMBL335718;CHEMBL335931;CHEMBL338449;CHEMBL344486;CHEMBL348146;CHEMBL353823;CHEMBL416191;CHEMBL419022;CHEMBL421326;CHEMBL422292;CHEMBL422347;CHEMBL422758;CHEMBL428534;CHEMBL460731;CHEMBL460732;CHEMBL47940;CHEMBL493428;CHEMBL514436;CHEMBL517907;CHEMBL533849;CHEMBL538507;CHEMBL538757;CHEMBL540292;CHEMBL540701;CHEMBL541307;CHEMBL542887;CHEMBL542891;CHEMBL542893;CHEMBL543361;CHEMBL544067;CHEMBL544074;CHEMBL544538;CHEMBL544770;CHEMBL545006;CHEMBL545315;CHEMBL552859;CHEMBL552860;CHEMBL553;CHEMBL554;CHEMBL55425;CHEMBL55794;CHEMBL56027;CHEMBL56142;CHEMBL56266;CHEMBL56319;CHEMBL56502;CHEMBL56505;CHEMBL56912;CHEMBL56936;CHEMBL57758;CHEMBL57759;CHEMBL57892;CHEMBL57990;CHEMBL59812;CHEMBL607707;CHEMBL60826;CHEMBL61119;CHEMBL939;CHEMBL95320;CHEMBL95774;CHEMBL98798;CHEMBL99024,BRICS,True,pending,pending,,False,0.575,-1.09,0,False,234.36,0.621,2,3,9
GEN_496A3CE7,CNC(=S)N(C)[C@H]1CCCCC1OCC(O)C[N+](C)(C)C,[15*]C1CCCC[C@@H]1[15*];[3*]O[3*];[4*]CC(O)C[4*];[5*]N(C)C(=S)NC;[5*][N+](C)(C)C,CHEMBL101581;CHEMBL113902;CHEMBL114728;CHEMBL115440;CHEMBL116012;CHEMBL117326;CHEMBL1202473;CHEMBL1202477;CHEMBL1202478;CHEMBL135853;CHEMBL140561;CHEMBL144778;CHEMBL14627;CHEMBL14699;CHEMBL14874;CHEMBL14932;CHEMBL14952;CHEMBL15202;CHEMBL15346;CHEMBL155761;CHEMBL160846;CHEMBL168656;CHEMBL168921;CHEMBL1744086;CHEMBL1744347;CHEMBL1744349;CHEMBL1788321;CHEMBL1907763;CHEMBL1907764;CHEMBL1907944;CHEMBL24026;CHEMBL24137;CHEMBL2448064;CHEMBL2448065;CHEMBL2448066;CHEMBL2448067;CHEMBL24828;CHEMBL24979;CHEMBL25425;CHEMBL25450;CHEMBL25579;CHEMBL25610;CHEMBL26641;CHEMBL269620;CHEMBL273789;CHEMBL279459;CHEMBL281872;CHEMBL281990;CHEMBL283088;CHEMBL286160;CHEMBL291359;CHEMBL291514;CHEMBL293064;CHEMBL293090;CHEMBL294034;CHEMBL294395;CHEMBL299672;CHEMBL299893;CHEMBL300791;CHEMBL304271;CHEMBL31965;CHEMBL335648;CHEMBL335931;CHEMBL337035;CHEMBL338449;CHEMBL344486;CHEMBL348146;CHEMBL353823;CHEMBL416191;CHEMBL419022;CHEMBL421326;CHEMBL422292;CHEMBL422347;CHEMBL422758;CHEMBL428534;CHEMBL460731;CHEMBL460732;CHEMBL47940;CHEMBL493428;CHEMBL514436;CHEMBL517907;CHEMBL533849;CHEMBL538507;CHEMBL538757;CHEMBL540292;CHEMBL540701;CHEMBL541307;CHEMBL542887;CHEMBL542891;CHEMBL542893;CHEMBL543361;CHEMBL544067;CHEMBL544074;CHEMBL544538;CHEMBL544770;CHEMBL545006;CHEMBL545315;CHEMBL552859;CHEMBL552860;CHEMBL553;CHEMBL554;CHEMBL55425;CHEMBL55794;CHEMBL56027;CHEMBL56142;CHEMBL56266;CHEMBL56319;CHEMBL56502;CHEMBL56505;CHEMBL56912;CHEMBL56936;CHEMBL57758;CHEMBL57759;CHEMBL57892;CHEMBL57990;CHEMBL59812;CHEMBL607707;CHEMBL60826;CHEMBL61119;CHEMBL939;CHEMBL95320;CHEMBL95774;CHEMBL98798;CHEMBL99024,BRICS,True,pending,pending,,False,0.561,-1.934,0,False,318.51,0.817,2,3,6
GEN_710694D5,C[N+](C)(C)CC(O)COc1c(O)cc(O)c2c(=O)cc(-c3ncnc4c3sc3cc([N+](=O)[O-])ccc34)oc12,[14*]c1cc(=O)c2c(O)cc(O)c([16*])c2o1;[14*]c1ncnc2c1sc1cc([N+](=O)[O-])ccc12;[3*]O[3*];[4*]CC(O)C[4*];[5*][N+](C)(C)C,CHEMBL101581;CHEMBL113902;CHEMBL114728;CHEMBL115440;CHEMBL116012;CHEMBL117326;CHEMBL1202473;CHEMBL1202477;CHEMBL1202478;CHEMBL135853;CHEMBL140561;CHEMBL14627;CHEMBL14699;CHEMBL14874;CHEMBL14932;CHEMBL14952;CHEMBL15202;CHEMBL15346;CHEMBL155761;CHEMBL160846;CHEMBL168656;CHEMBL168921;CHEMBL1744086;CHEMBL1744347;CHEMBL1744349;CHEMBL1788321;CHEMBL1907763;CHEMBL1907764;CHEMBL1907944;CHEMBL24026;CHEMBL24137;CHEMBL2448064;CHEMBL2448065;CHEMBL2448066;CHEMBL2448067;CHEMBL24828;CHEMBL24979;CHEMBL25425;CHEMBL25450;CHEMBL25579;CHEMBL25610;CHEMBL26641;CHEMBL269620;CHEMBL273789;CHEMBL279459;CHEMBL281872;CHEMBL281990;CHEMBL283088;CHEMBL286160;CHEMBL291359;CHEMBL291514;CHEMBL293064;CHEMBL293090;CHEMBL294034;CHEMBL294395;CHEMBL299672;CHEMBL299893;CHEMBL300791;CHEMBL304271;CHEMBL31965;CHEMBL335648;CHEMBL335931;CHEMBL338449;CHEMBL344486;CHEMBL348146;CHEMBL353823;CHEMBL416191;CHEMBL418203;CHEMBL419022;CHEMBL421326;CHEMBL422292;CHEMBL422347;CHEMBL422758;CHEMBL428534;CHEMBL428690;CHEMBL460731;CHEMBL460732;CHEMBL47940;CHEMBL493428;CHEMBL514436;CHEMBL517907;CHEMBL533849;CHEMBL538507;CHEMBL538757;CHEMBL540292;CHEMBL540590;CHEMBL540701;CHEMBL541307;CHEMBL542887;CHEMBL542891;CHEMBL542893;CHEMBL543361;CHEMBL544067;CHEMBL544074;CHEMBL544538;CHEMBL544770;CHEMBL545006;CHEMBL545315;CHEMBL552859;CHEMBL552860;CHEMBL553;CHEMBL554;CHEMBL55425;CHEMBL55794;CHEMBL56027;CHEMBL56142;CHEMBL56266;CHEMBL56319;CHEMBL56502;CHEMBL56505;CHEMBL56912;CHEMBL56936;CHEMBL57758;CHEMBL57759;CHEMBL57892;CHEMBL57990;CHEMBL59812;CHEMBL607707;CHEMBL60826;CHEMBL61119;CHEMBL939;CHEMBL95320;CHEMBL95774;CHEMBL98798;CHEMBL99024,BRICS,True,pending,pending,,False,0.158,-5.302,0,False,539.55,3.383,3,11,7
GEN_9C65E63F,C[N+](C)(C)CC(O)COc1cc(=O)c2cc(N)ccc2o1,[14*]c1cc(=O)c2cc(N)ccc2o1;[3*]O[3*];[4*]CC(O)C[4*];[5*][N+](C)(C)C,CHEMBL101581;CHEMBL112925;CHEMBL113902;CHEMBL114728;CHEMBL115440;CHEMBL116012;CHEMBL117326;CHEMBL1202473;CHEMBL1202477;CHEMBL1202478;CHEMBL135853;CHEMBL140561;CHEMBL14627;CHEMBL14699;CHEMBL14874;CHEMBL14932;CHEMBL14952;CHEMBL15202;CHEMBL15346;CHEMBL155761;CHEMBL160846;CHEMBL168656;CHEMBL168921;CHEMBL1744086;CHEMBL1744347;CHEMBL1744349;CHEMBL1788321;CHEMBL1907763;CHEMBL1907764;CHEMBL1907944;CHEMBL24026;CHEMBL24137;CHEMBL2448064;CHEMBL2448065;CHEMBL2448066;CHEMBL2448067;CHEMBL24828;CHEMBL24979;CHEMBL25425;CHEMBL25450;CHEMBL25579;CHEMBL25610;CHEMBL26641;CHEMBL269620;CHEMBL273789;CHEMBL279459;CHEMBL281872;CHEMBL281990;CHEMBL283088;CHEMBL286160;CHEMBL291359;CHEMBL291514;CHEMBL293064;CHEMBL293090;CHEMBL294034;CHEMBL294395;CHEMBL299672;CHEMBL299893;CHEMBL300791;CHEMBL304271;CHEMBL31965;CHEMBL335648;CHEMBL335931;CHEMBL338449;CHEMBL344486;CHEMBL348146;CHEMBL353823;CHEMBL416191;CHEMBL419022;CHEMBL421326;CHEMBL422292;CHEMBL422347;CHEMBL422758;CHEMBL428534;CHEMBL460731;CHEMBL460732;CHEMBL47940;CHEMBL493428;CHEMBL514436;CHEMBL517907;CHEMBL533849;CHEMBL538507;CHEMBL538757;CHEMBL540292;CHEMBL540701;CHEMBL541307;CHEMBL542887;CHEMBL542891;CHEMBL542893;CHEMBL543361;CHEMBL544067;CHEMBL544074;CHEMBL544538;CHEMBL544770;CHEMBL545006;CHEMBL545315;CHEMBL552859;CHEMBL552860;CHEMBL553;CHEMBL554;CHEMBL55425;CHEMBL55794;CHEMBL56027;CHEMBL56142;CHEMBL56266;CHEMBL56319;CHEMBL56502;CHEMBL56505;CHEMBL56912;CHEMBL56936;CHEMBL57758;CHEMBL57759;CHEMBL57892;CHEMBL57990;CHEMBL59812;CHEMBL607707;CHEMBL60826;CHEMBL61119;CHEMBL939;CHEMBL95320;CHEMBL95774;CHEMBL98798;CHEMBL99024,BRICS,True,pending,pending,,False,0.63,-2.198,0,False,293.34,0.821,2,5,5
GEN_DA019268,C#Cc1cccc([C@H]2CCCCC2OCC(O)C[N+](C)(C)C)c1,[15*]C1CCCC[C@@H]1[15*];[16*]c1cccc(C#C)c1;[3*]O[3*];[4*]CC(O)C[4*];[5*][N+](C)(C)C,CHEMBL101581;CHEMBL113902;CHEMBL114728;CHEMBL115440;CHEMBL116012;CHEMBL117326;CHEMBL1202473;CHEMBL1202477;CHEMBL1202478;CHEMBL135853;CHEMBL140561;CHEMBL144778;CHEMBL14627;CHEMBL14699;CHEMBL14874;CHEMBL14932;CHEMBL14952;CHEMBL15202;CHEMBL15346;CHEMBL155761;CHEMBL160846;CHEMBL168656;CHEMBL168921;CHEMBL1744086;CHEMBL1744347;CHEMBL1744349;CHEMBL1788321;CHEMBL1907763;CHEMBL1907764;CHEMBL1907944;CHEMBL24026;CHEMBL24137;CHEMBL2448064;CHEMBL2448065;CHEMBL2448066;CHEMBL2448067;CHEMBL24828;CHEMBL24979;CHEMBL25425;CHEMBL25450;CHEMBL25579;CHEMBL25610;CHEMBL26641;CHEMBL269620;CHEMBL273789;CHEMBL279459;CHEMBL281872;CHEMBL281990;CHEMBL283088;CHEMBL286160;CHEMBL291359;CHEMBL291514;CHEMBL293064;CHEMBL293090;CHEMBL294034;CHEMBL294395;CHEMBL299672;CHEMBL299893;CHEMBL300791;CHEMBL304271;CHEMBL31965;CHEMBL335648;CHEMBL335931;CHEMBL338449;CHEMBL344486;CHEMBL348146;CHEMBL353823;CHEMBL416191;CHEMBL419022;CHEMBL421326;CHEMBL422292;CHEMBL422347;CHEMBL422758;CHEMBL428534;CHEMBL460731;CHEMBL460732;CHEMBL47940;CHEMBL493428;CHEMBL514436;CHEMBL517907;CHEMBL533849;CHEMBL538507;CHEMBL538757;CHEMBL540292;CHEMBL540701;CHEMBL541307;CHEMBL542887;CHEMBL542891;CHEMBL542893;CHEMBL543361;CHEMBL544067;CHEMBL544074;CHEMBL544538;CHEMBL544770;CHEMBL545006;CHEMBL545315;CHEMBL552859;CHEMBL552860;CHEMBL553;CHEMBL554;CHEMBL55425;CHEMBL55794;CHEMBL56027;CHEMBL56142;CHEMBL56266;CHEMBL56319;CHEMBL56502;CHEMBL56505;CHEMBL56912;CHEMBL56936;CHEMBL57758;CHEMBL57759;CHEMBL57892;CHEMBL57990;CHEMBL59812;CHEMBL607707;CHEMBL60826;CHEMBL61119;CHEMBL69966;CHEMBL939;CHEMBL95320;CHEMBL95774;CHEMBL98798;CHEMBL99024,BRICS,True,pending,pending,,False,0.646,-3.349,0,False,316.47,2.778,1,2,6
GEN_366C867E,C[N+](C)(C)CC(O)COc1c[nH]cn1,[14*]c1c[nH]cn1;[3*]O[3*];[4*]CC(O)C[4*];[5*][N+](C)(C)C,CHEMBL101581;CHEMBL113902;CHEMBL114728;CHEMBL115440;CHEMBL116012;CHEMBL117326;CHEMBL1202473;CHEMBL1202477;CHEMBL1202478;CHEMBL135853;CHEMBL140561;CHEMBL14627;CHEMBL14699;CHEMBL14874;CHEMBL14932;CHEMBL14952;CHEMBL15202;CHEMBL15346;CHEMBL155761;CHEMBL160846;CHEMBL168656;CHEMBL168921;CHEMBL1744086;CHEMBL1744347;CHEMBL1744349;CHEMBL1788321;CHEMBL1907763;CHEMBL1907764;CHEMBL1907944;CHEMBL24026;CHEMBL24137;CHEMBL2448064;CHEMBL2448065;CHEMBL2448066;CHEMBL2448067;CHEMBL24828;CHEMBL24979;CHEMBL25425;CHEMBL25450;CHEMBL25579;CHEMBL25610;CHEMBL26641;CHEMBL269620;CHEMBL273789;CHEMBL279459;CHEMBL281872;CHEMBL281990;CHEMBL283088;CHEMBL286160;CHEMBL291359;CHEMBL291514;CHEMBL293064;CHEMBL293090;CHEMBL294034;CHEMBL294395;CHEMBL299672;CHEMBL299893;CHEMBL300791;CHEMBL304271;CHEMBL31965;CHEMBL335648;CHEMBL335931;CHEMBL338114;CHEMBL338449;CHEMBL340399;CHEMBL344486;CHEMBL348146;CHEMBL353823;CHEMBL416191;CHEMBL416307;CHEMBL419022;CHEMBL421326;CHEMBL422292;CHEMBL422347;CHEMBL422758;CHEMBL428534;CHEMBL460731;CHEMBL460732;CHEMBL47940;CHEMBL493428;CHEMBL514436;CHEMBL517907;CHEMBL533849;CHEMBL53426;CHEMBL538507;CHEMBL538757;CHEMBL540292;CHEMBL540701;CHEMBL541307;CHEMBL542887;CHEMBL542891;CHEMBL542893;CHEMBL543361;CHEMBL544067;CHEMBL544074;CHEMBL544538;CHEMBL544770;CHEMBL545006;CHEMBL545315;CHEMBL552859;CHEMBL552860;CHEMBL553;CHEMBL554;CHEMBL55425;CHEMBL55794;CHEMBL56027;CHEMBL56142;CHEMBL56266;CHEMBL56319;CHEMBL56502;CHEMBL56505;CHEMBL56912;CHEMBL56936;CHEMBL57758;CHEMBL57759;CHEMBL57892;CHEMBL57990;CHEMBL59812;CHEMBL607707;CHEMBL60826;CHEMBL61119;CHEMBL939;CHEMBL95320;CHEMBL95774;CHEMBL98798;CHEMBL99024,BRICS,True,pending,pending,,False,0.65,-0.925,0,False,200.26,-0.144,2,3,5
GEN_43B253A8,Cn1c(OCC(O)C[N+](C)(C)C)c(-c2ncnc3cc4[nH]ncc4cc23)c2cc(O)ccc21,[14*]c1c([16*])c2cc(O)ccc2n1C;[14*]c1ncnc2cc3[nH]ncc3cc12;[3*]O[3*];[4*]CC(O)C[4*];[5*][N+](C)(C)C,CHEMBL101581;CHEMBL113902;CHEMBL114728;CHEMBL115440;CHEMBL116012;CHEMBL117326;CHEMBL1202473;CHEMBL1202477;CHEMBL1202478;CHEMBL135853;CHEMBL140561;CHEMBL14627;CHEMBL14699;CHEMBL14874;CHEMBL14932;CHEMBL14952;CHEMBL15202;CHEMBL15346;CHEMBL155761;CHEMBL160846;CHEMBL168656;CHEMBL168921;CHEMBL1744086;CHEMBL1744347;CHEMBL1744349;CHEMBL1788321;CHEMBL1907763;CHEMBL1907764;CHEMBL1907944;CHEMBL24026;CHEMBL24137;CHEMBL2448064;CHEMBL2448065;CHEMBL2448066;CHEMBL2448067;CHEMBL24828;CHEMBL24979;CHEMBL25425;CHEMBL25450;CHEMBL25579;CHEMBL25610;CHEMBL26641;CHEMBL269620;CHEMBL273789;CHEMBL279459;CHEMBL281872;CHEMBL281990;CHEMBL283088;CHEMBL286160;CHEMBL291359;CHEMBL291514;CHEMBL293064;CHEMBL293090;CHEMBL293250;CHEMBL294034;CHEMBL294395;CHEMBL299672;CHEMBL299893;CHEMBL300791;CHEMBL304271;CHEMBL31965;CHEMBL335648;CHEMBL335931;CHEMBL338449;CHEMBL344486;CHEMBL348146;CHEMBL353823;CHEMBL39337;CHEMBL416191;CHEMBL419022;CHEMBL421326;CHEMBL422292;CHEMBL422347;CHEMBL422758;CHEMBL428534;CHEMBL460731;CHEMBL460732;CHEMBL47940;CHEMBL493428;CHEMBL514436;CHEMBL517907;CHEMBL533849;CHEMBL538507;CHEMBL538757;CHEMBL540292;CHEMBL540701;CHEMBL541307;CHEMBL542887;CHEMBL542891;CHEMBL542893;CHEMBL543361;CHEMBL544067;CHEMBL544074;CHEMBL544538;CHEMBL544770;CHEMBL545006;CHEMBL545315;CHEMBL552859;CHEMBL552860;CHEMBL553;CHEMBL554;CHEMBL55425;CHEMBL55794;CHEMBL56027;CHEMBL56142;CHEMBL56266;CHEMBL56319;CHEMBL56502;CHEMBL56505;CHEMBL56912;CHEMBL56936;CHEMBL57758;CHEMBL57759;CHEMBL57892;CHEMBL57990;CHEMBL59812;CHEMBL607707;CHEMBL60826;CHEMBL61119;CHEMBL939;CHEMBL95320;CHEMBL95774;CHEMBL98798;CHEMBL99024,BRICS,True,pending,pending,,False,0.346,-4.486,0,False,447.52,2.816,3,6,6
GEN_12FB9925,C[N+](C)(C)CC(O)COc1ccc2c(N3CCc4ccccc43)c(C#N)cnc2c1,[16*]c1ccc2c([16*])c(C#N)cnc2c1;[3*]O[3*];[4*]CC(O)C[4*];[5*]N1CCc2ccccc21;[5*][N+](C)(C)C,CHEMBL101581;CHEMBL113902;CHEMBL114728;CHEMBL115440;CHEMBL116012;CHEMBL117326;CHEMBL1202473;CHEMBL1202477;CHEMBL1202478;CHEMBL135853;CHEMBL140561;CHEMBL14627;CHEMBL14699;CHEMBL14874;CHEMBL14932;CHEMBL14952;CHEMBL15202;CHEMBL15346;CHEMBL155761;CHEMBL160846;CHEMBL168656;CHEMBL168921;CHEMBL1744086;CHEMBL1744347;CHEMBL1744349;CHEMBL1788321;CHEMBL1907763;CHEMBL1907764;CHEMBL1907944;CHEMBL24026;CHEMBL24137;CHEMBL2448064;CHEMBL2448065;CHEMBL2448066;CHEMBL2448067;CHEMBL24828;CHEMBL24979;CHEMBL25425;CHEMBL25450;CHEMBL25579;CHEMBL25610;CHEMBL26641;CHEMBL269620;CHEMBL273789;CHEMBL279459;CHEMBL281872;CHEMBL281990;CHEMBL283088;CHEMBL286160;CHEMBL291359;CHEMBL291514;CHEMBL293064;CHEMBL293090;CHEMBL294034;CHEMBL294395;CHEMBL299672;CHEMBL299893;CHEMBL300791;CHEMBL304271;CHEMBL31965;CHEMBL322395;CHEMBL335648;CHEMBL335931;CHEMBL338449;CHEMBL344486;CHEMBL348146;CHEMBL353823;CHEMBL416191;CHEMBL419022;CHEMBL421326;CHEMBL422292;CHEMBL422347;CHEMBL422758;CHEMBL428534;CHEMBL460731;CHEMBL460732;CHEMBL47940;CHEMBL493428;CHEMBL514436;CHEMBL517907;CHEMBL533849;CHEMBL538507;CHEMBL538757;CHEMBL540292;CHEMBL540701;CHEMBL541307;CHEMBL542887;CHEMBL542891;CHEMBL542893;CHEMBL543361;CHEMBL544067;CHEMBL544074;CHEMBL544538;CHEMBL544770;CHEMBL545006;CHEMBL545315;CHEMBL552859;CHEMBL552860;CHEMBL553;CHEMBL554;CHEMBL55425;CHEMBL55794;CHEMBL56027;CHEMBL56142;CHEMBL56266;CHEMBL56319;CHEMBL56502;CHEMBL56505;CHEMBL56542;CHEMBL56912;CHEMBL56936;CHEMBL57758;CHEMBL57759;CHEMBL57892;CHEMBL57990;CHEMBL59812;CHEMBL607707;CHEMBL60826;CHEMBL61119;CHEMBL939;CHEMBL95320;CHEMBL95774;CHEMBL98798;CHEMBL99024,BRICS,True,pending,pending,,False,0.64,-4.386,0,False,403.51,3.247,1,5,6
GEN_6BACFB9A,CN1CCC(OCC(O)C[N+](C)(C)C)[C@@H](O)C1,[15*]C1CCN(C)C[C@@H]1O;[3*]O[3*];[4*]CC(O)C[4*];[5*][N+](C)(C)C,CHEMBL101581;CHEMBL113902;CHEMBL114728;CHEMBL115440;CHEMBL116012;CHEMBL117326;CHEMBL1202473;CHEMBL1202477;CHEMBL1202478;CHEMBL135853;CHEMBL140561;CHEMBL14627;CHEMBL14699;CHEMBL14874;CHEMBL14932;CHEMBL14952;CHEMBL15202;CHEMBL15346;CHEMBL155761;CHEMBL160846;CHEMBL168656;CHEMBL168921;CHEMBL1744086;CHEMBL1744347;CHEMBL1744349;CHEMBL1788321;CHEMBL1907763;CHEMBL1907764;CHEMBL1907944;CHEMBL24026;CHEMBL24137;CHEMBL2448064;CHEMBL2448065;CHEMBL2448066;CHEMBL2448067;CHEMBL24828;CHEMBL24979;CHEMBL25425;CHEMBL25450;CHEMBL25579;CHEMBL25610;CHEMBL26641;CHEMBL269620;CHEMBL273789;CHEMBL279459;CHEMBL281872;CHEMBL281990;CHEMBL283088;CHEMBL286160;CHEMBL291359;CHEMBL291514;CHEMBL293064;CHEMBL293090;CHEMBL294034;CHEMBL294395;CHEMBL299672;CHEMBL299893;CHEMBL300791;CHEMBL304271;CHEMBL31965;CHEMBL335648;CHEMBL335931;CHEMBL338449;CHEMBL344486;CHEMBL348146;CHEMBL353823;CHEMBL416191;CHEMBL418203;CHEMBL419022;CHEMBL421326;CHEMBL422292;CHEMBL422347;CHEMBL422758;CHEMBL428534;CHEMBL460731;CHEMBL460732;CHEMBL47940;CHEMBL493428;CHEMBL514436;CHEMBL517907;CHEMBL533849;CHEMBL538507;CHEMBL538757;CHEMBL540292;CHEMBL540701;CHEMBL541307;CHEMBL542887;CHEMBL542891;CHEMBL542893;CHEMBL543361;CHEMBL544067;CHEMBL544074;CHEMBL544538;CHEMBL544770;CHEMBL545006;CHEMBL545315;CHEMBL552859;CHEMBL552860;CHEMBL553;CHEMBL554;CHEMBL55425;CHEMBL55794;CHEMBL56027;CHEMBL56142;CHEMBL56266;CHEMBL56319;CHEMBL56502;CHEMBL56505;CHEMBL56912;CHEMBL56936;CHEMBL57758;CHEMBL57759;CHEMBL57892;CHEMBL57990;CHEMBL59812;CHEMBL607707;CHEMBL60826;CHEMBL61119;CHEMBL939;CHEMBL95320;CHEMBL95774;CHEMBL98798;CHEMBL99024,BRICS,True,pending,pending,,False,0.621,-0.499,0,False,247.36,-0.865,2,4,5
GEN_70A92A9A,C[N+](C)(C)CC(O)COc1cccs1,[14*]c1cccs1;[3*]O[3*];[4*]CC(O)C[4*];[5*][N+](C)(C)C,CHEMBL101581;CHEMBL113902;CHEMBL114728;CHEMBL115440;CHEMBL116012;CHEMBL117326;CHEMBL1202473;CHEMBL1202477;CHEMBL1202478;CHEMBL135853;CHEMBL140561;CHEMBL14627;CHEMBL14699;CHEMBL14874;CHEMBL14932;CHEMBL14952;CHEMBL15202;CHEMBL15346;CHEMBL155761;CHEMBL160846;CHEMBL168656;CHEMBL168921;CHEMBL1744086;CHEMBL1744347;CHEMBL1744349;CHEMBL1788321;CHEMBL1907763;CHEMBL1907764;CHEMBL1907944;CHEMBL24026;CHEMBL24137;CHEMBL2448064;CHEMBL2448065;CHEMBL2448066;CHEMBL2448067;CHEMBL24828;CHEMBL24979;CHEMBL25425;CHEMBL25450;CHEMBL25579;CHEMBL25610;CHEMBL26641;CHEMBL269620;CHEMBL273789;CHEMBL279459;CHEMBL281872;CHEMBL281990;CHEMBL283088;CHEMBL286160;CHEMBL291359;CHEMBL291514;CHEMBL293064;CHEMBL293090;CHEMBL294034;CHEMBL294395;CHEMBL299672;CHEMBL299893;CHEMBL300791;CHEMBL304271;CHEMBL310853;CHEMBL31965;CHEMBL335648;CHEMBL335931;CHEMBL338449;CHEMBL344486;CHEMBL348146;CHEMBL353823;CHEMBL416191;CHEMBL419022;CHEMBL421326;CHEMBL422292;CHEMBL422347;CHEMBL422758;CHEMBL428534;CHEMBL460731;CHEMBL460732;CHEMBL47940;CHEMBL493428;CHEMBL514436;CHEMBL517907;CHEMBL533849;CHEMBL538507;CHEMBL538757;CHEMBL540292;CHEMBL540701;CHEMBL541307;CHEMBL542887;CHEMBL542891;CHEMBL542893;CHEMBL543361;CHEMBL544067;CHEMBL544074;CHEMBL544538;CHEMBL544770;CHEMBL545006;CHEMBL545315;CHEMBL552859;CHEMBL552860;CHEMBL553;CHEMBL554;CHEMBL55425;CHEMBL55794;CHEMBL55994;CHEMBL56027;CHEMBL56142;CHEMBL56266;CHEMBL56319;CHEMBL56502;CHEMBL56505;CHEMBL56912;CHEMBL56936;CHEMBL57758;CHEMBL57759;CHEMBL57892;CHEMBL57990;CHEMBL59812;CHEMBL607707;CHEMBL60826;CHEMBL61119;CHEMBL76751;CHEMBL939;CHEMBL95320;CHEMBL95774;CHEMBL98798;CHEMBL99024,BRICS,True,pending,pending,,False,0.749,-1.868,0,False,216.33,1.194,1,3,5
GEN_38767783,CNC(=S)N(C)CC(O)C[N+](C)(C)C,[4*]CC(O)C[4*];[5*]N(C)C(=S)NC;[5*][N+](C)(C)C,CHEMBL1744086;CHEMBL1788321;CHEMBL299893;CHEMBL304271;CHEMBL335648;CHEMBL337035;CHEMBL56266,BRICS,True,pending,pending,,False,0.494,-0.621,0,False,220.36,-0.51,2,2,4
GEN_BE5577C4,C[N+](C)(C)CC(O)COc1ncnc2c1oc1ccccc12,[14*]c1ncnc2c1oc1ccccc12;[3*]O[3*];[4*]CC(O)C[4*];[5*][N+](C)(C)C,CHEMBL101581;CHEMBL113902;CHEMBL114728;CHEMBL115440;CHEMBL116012;CHEMBL117326;CHEMBL1202473;CHEMBL1202477;CHEMBL1202478;CHEMBL135853;CHEMBL140561;CHEMBL14627;CHEMBL14699;CHEMBL14874;CHEMBL14932;CHEMBL149512;CHEMBL14952;CHEMBL15202;CHEMBL15346;CHEMBL155761;CHEMBL160846;CHEMBL168656;CHEMBL168921;CHEMBL1744086;CHEMBL1744347;CHEMBL1744349;CHEMBL1788321;CHEMBL1907763;CHEMBL1907764;CHEMBL1907944;CHEMBL24026;CHEMBL24137;CHEMBL2448064;CHEMBL2448065;CHEMBL2448066;CHEMBL2448067;CHEMBL24828;CHEMBL24979;CHEMBL25425;CHEMBL25450;CHEMBL25579;CHEMBL25610;CHEMBL26641;CHEMBL269620;CHEMBL273789;CHEMBL279459;CHEMBL281872;CHEMBL281990;CHEMBL283088;CHEMBL286160;CHEMBL291359;CHEMBL291514;CHEMBL293064;CHEMBL293090;CHEMBL294034;CHEMBL294395;CHEMBL299672;CHEMBL299893;CHEMBL300791;CHEMBL304271;CHEMBL31965;CHEMBL335648;CHEMBL335931;CHEMBL338449;CHEMBL344486;CHEMBL348146;CHEMBL353823;CHEMBL416191;CHEMBL419022;CHEMBL421326;CHEMBL422292;CHEMBL422347;CHEMBL422758;CHEMBL428534;CHEMBL460731;CHEMBL460732;CHEMBL47940;CHEMBL493428;CHEMBL514436;CHEMBL517907;CHEMBL533849;CHEMBL538507;CHEMBL538757;CHEMBL540292;CHEMBL540701;CHEMBL541307;CHEMBL542887;CHEMBL542891;CHEMBL542893;CHEMBL543361;CHEMBL544067;CHEMBL544074;CHEMBL544538;CHEMBL544770;CHEMBL545006;CHEMBL545315;CHEMBL552859;CHEMBL552860;CHEMBL553;CHEMBL554;CHEMBL55425;CHEMBL55794;CHEMBL56027;CHEMBL56142;CHEMBL56266;CHEMBL56319;CHEMBL56502;CHEMBL56505;CHEMBL56912;CHEMBL56936;CHEMBL57758;CHEMBL57759;CHEMBL57892;CHEMBL57990;CHEMBL59812;CHEMBL607707;CHEMBL60826;CHEMBL61119;CHEMBL939;CHEMBL95320;CHEMBL95774;CHEMBL98798;CHEMBL99024,BRICS,True,pending,pending,,False,0.728,-2.97,0,False,302.35,1.822,1,5,5
GEN_A80F59A6,CN1CCC[C@H](n2cc(OCC(O)C[N+](C)(C)C)c3c(N)ncnc32)C1,[15*][C@H]1CCCN(C)C1;[3*]O[3*];[4*]CC(O)C[4*];[5*][N+](C)(C)C;[9*]n1cc([16*])c2c(N)ncnc21,CHEMBL101581;CHEMBL113902;CHEMBL114728;CHEMBL115440;CHEMBL116012;CHEMBL117326;CHEMBL1202473;CHEMBL1202477;CHEMBL1202478;CHEMBL135853;CHEMBL140561;CHEMBL14627;CHEMBL14699;CHEMBL14874;CHEMBL14932;CHEMBL14952;CHEMBL15202;CHEMBL15346;CHEMBL155761;CHEMBL160846;CHEMBL166765;CHEMBL166766;CHEMBL168266;CHEMBL168285;CHEMBL168382;CHEMBL168550;CHEMBL168555;CHEMBL168656;CHEMBL168661;CHEMBL168829;CHEMBL168921;CHEMBL169064;CHEMBL169065;CHEMBL169200;CHEMBL169390;CHEMBL169467;CHEMBL169519;CHEMBL169570;CHEMBL169780;CHEMBL169920;CHEMBL170438;CHEMBL170724;CHEMBL171256;CHEMBL171311;CHEMBL171545;CHEMBL172514;CHEMBL1744086;CHEMBL1744347;CHEMBL1744349;CHEMBL1788321;CHEMBL1907763;CHEMBL1907764;CHEMBL1907944;CHEMBL24026;CHEMBL24137;CHEMBL2448064;CHEMBL2448065;CHEMBL2448066;CHEMBL2448067;CHEMBL24828;CHEMBL24979;CHEMBL25425;CHEMBL25450;CHEMBL25579;CHEMBL25610;CHEMBL262276;CHEMBL263528;CHEMBL26641;CHEMBL269620;CHEMBL273789;CHEMBL274732;CHEMBL279459;CHEMBL281872;CHEMBL281990;CHEMBL283088;CHEMBL286160;CHEMBL291359;CHEMBL291514;CHEMBL293064;CHEMBL293090;CHEMBL294034;CHEMBL294395;CHEMBL299672;CHEMBL299893;CHEMBL300791;CHEMBL304271;CHEMBL31965;CHEMBL335648;CHEMBL335931;CHEMBL338449;CHEMBL344486;CHEMBL348146;CHEMBL352801;CHEMBL352954;CHEMBL353823;CHEMBL354033;CHEMBL354310;CHEMBL355019;CHEMBL355191;CHEMBL355269;CHEMBL355322;CHEMBL355330;CHEMBL355891;CHEMBL408683;CHEMBL416191;CHEMBL419022;CHEMBL421326;CHEMBL422292;CHEMBL422347;CHEMBL422758;CHEMBL428534;CHEMBL460731;CHEMBL460732;CHEMBL47940;CHEMBL493428;CHEMBL514436;CHEMBL517907;CHEMBL533849;CHEMBL538507;CHEMBL538757;CHEMBL540292;CHEMBL540701;CHEMBL541307;CHEMBL542887;CHEMBL542891;CHEMBL542893;CHEMBL543361;CHEMBL544067;CHEMBL544074;CHEMBL544538;CHEMBL544770;CHEMBL545006;CHEMBL545315;CHEMBL552859;CHEMBL552860;CHEMBL553;CHEMBL554;CHEMBL55425;CHEMBL55794;CHEMBL56027;CHEMBL56142;CHEMBL56266;CHEMBL56319;CHEMBL56502;CHEMBL56505;CHEMBL56912;CHEMBL56936;CHEMBL57758;CHEMBL57759;CHEMBL57892;CHEMBL57990;CHEMBL59812;CHEMBL607707;CHEMBL60826;CHEMBL61119;CHEMBL939;CHEMBL95320;CHEMBL95774;CHEMBL98798;CHEMBL99024,BRICS,True,pending,pending,,False,0.736,-2.411,0,False,363.49,0.726,2,6,6
GEN_A2B40525,C[N+](C)(C)CC(O)COc1ccc(CC(C#N)C(=N)S)cn1,[14*]c1ccc([16*])cn1;[3*]O[3*];[4*]CC(O)C[4*];[5*][N+](C)(C)C;[8*]CC(C#N)C(=N)S,CHEMBL101581;CHEMBL111365;CHEMBL113185;CHEMBL113902;CHEMBL114728;CHEMBL115440;CHEMBL116012;CHEMBL117326;CHEMBL1202473;CHEMBL1202477;CHEMBL1202478;CHEMBL135853;CHEMBL140561;CHEMBL14627;CHEMBL14699;CHEMBL14874;CHEMBL14932;CHEMBL14952;CHEMBL15202;CHEMBL15346;CHEMBL155761;CHEMBL160846;CHEMBL168656;CHEMBL168921;CHEMBL1744086;CHEMBL1744347;CHEMBL1744349;CHEMBL1788321;CHEMBL1907763;CHEMBL1907764;CHEMBL1907944;CHEMBL24026;CHEMBL24137;CHEMBL2448064;CHEMBL2448065;CHEMBL2448066;CHEMBL2448067;CHEMBL24828;CHEMBL24979;CHEMBL25425;CHEMBL25450;CHEMBL25579;CHEMBL25610;CHEMBL26641;CHEMBL269620;CHEMBL273789;CHEMBL279459;CHEMBL281872;CHEMBL281990;CHEMBL283088;CHEMBL286160;CHEMBL291359;CHEMBL291514;CHEMBL293064;CHEMBL293090;CHEMBL294034;CHEMBL294395;CHEMBL299672;CHEMBL299893;CHEMBL300791;CHEMBL304271;CHEMBL31965;CHEMBL322066;CHEMBL335648;CHEMBL335931;CHEMBL338449;CHEMBL344486;CHEMBL348146;CHEMBL353823;CHEMBL416191;CHEMBL419022;CHEMBL421326;CHEMBL422292;CHEMBL422347;CHEMBL422758;CHEMBL428534;CHEMBL460731;CHEMBL460732;CHEMBL47940;CHEMBL493428;CHEMBL514436;CHEMBL517907;CHEMBL533849;CHEMBL538507;CHEMBL538757;CHEMBL540292;CHEMBL540701;CHEMBL541307;CHEMBL542887;CHEMBL542891;CHEMBL542893;CHEMBL543361;CHEMBL544067;CHEMBL544074;CHEMBL544538;CHEMBL544770;CHEMBL545006;CHEMBL545315;CHEMBL552859;CHEMBL552860;CHEMBL553;CHEMBL554;CHEMBL55425;CHEMBL55794;CHEMBL56027;CHEMBL56142;CHEMBL56266;CHEMBL56319;CHEMBL56502;CHEMBL56505;CHEMBL56912;CHEMBL56936;CHEMBL57758;CHEMBL57759;CHEMBL57892;CHEMBL57990;CHEMBL59812;CHEMBL607707;CHEMBL60826;CHEMBL61119;CHEMBL78249;CHEMBL939;CHEMBL95320;CHEMBL95774;CHEMBL98798;CHEMBL99024,BRICS,True,pending,pending,,False,0.289,-2.223,0,False,323.44,1.117,3,5,8
GEN_959CB5CF,C#Cc1cccc(-c2c(C)[nH]c(OCC(O)C[N+](C)(C)C)c2C)c1,[14*]c1[nH]c(C)c([16*])c1C;[16*]c1cccc(C#C)c1;[3*]O[3*];[4*]CC(O)C[4*];[5*][N+](C)(C)C,CHEMBL101581;CHEMBL113902;CHEMBL114728;CHEMBL115440;CHEMBL116012;CHEMBL117326;CHEMBL1202473;CHEMBL1202477;CHEMBL1202478;CHEMBL135853;CHEMBL140561;CHEMBL14627;CHEMBL146694;CHEMBL14699;CHEMBL14874;CHEMBL149201;CHEMBL14932;CHEMBL14952;CHEMBL150177;CHEMBL15202;CHEMBL15346;CHEMBL155761;CHEMBL160846;CHEMBL168656;CHEMBL168921;CHEMBL1744086;CHEMBL1744347;CHEMBL1744349;CHEMBL1788321;CHEMBL1907763;CHEMBL1907764;CHEMBL1907944;CHEMBL24026;CHEMBL24137;CHEMBL2448064;CHEMBL2448065;CHEMBL2448066;CHEMBL2448067;CHEMBL24828;CHEMBL24979;CHEMBL25425;CHEMBL25450;CHEMBL25579;CHEMBL25610;CHEMBL26641;CHEMBL269620;CHEMBL273789;CHEMBL279459;CHEMBL281872;CHEMBL281990;CHEMBL283088;CHEMBL286160;CHEMBL291359;CHEMBL291514;CHEMBL293064;CHEMBL293090;CHEMBL294034;CHEMBL294395;CHEMBL299672;CHEMBL299893;CHEMBL300791;CHEMBL304271;CHEMBL305782;CHEMBL31965;CHEMBL335648;CHEMBL335931;CHEMBL338449;CHEMBL344486;CHEMBL348146;CHEMBL353823;CHEMBL358728;CHEMBL416191;CHEMBL419022;CHEMBL421326;CHEMBL422292;CHEMBL422347;CHEMBL422758;CHEMBL428534;CHEMBL432903;CHEMBL460731;CHEMBL460732;CHEMBL47940;CHEMBL493428;CHEMBL514436;CHEMBL517907;CHEMBL533849;CHEMBL538507;CHEMBL538757;CHEMBL540292;CHEMBL540701;CHEMBL541307;CHEMBL542887;CHEMBL542891;CHEMBL542893;CHEMBL543361;CHEMBL544067;CHEMBL544074;CHEMBL544538;CHEMBL544770;CHEMBL545006;CHEMBL545315;CHEMBL552859;CHEMBL552860;CHEMBL553;CHEMBL554;CHEMBL55425;CHEMBL55794;CHEMBL56027;CHEMBL56142;CHEMBL56266;CHEMBL56319;CHEMBL56502;CHEMBL56505;CHEMBL56912;CHEMBL56936;CHEMBL57758;CHEMBL57759;CHEMBL57892;CHEMBL57990;CHEMBL59812;CHEMBL607707;CHEMBL60826;CHEMBL61119;CHEMBL69966;CHEMBL939;CHEMBL95320;CHEMBL95774;CHEMBL98798;CHEMBL99024,BRICS,True,pending,pending,,False,0.633,-3.531,0,False,327.45,2.726,2,2,6
GEN_1333609B,C[N+](C)(C)CC(O)COC(F)(F)F,[3*]OC(F)(F)F;[4*]CC(O)C[4*];[5*][N+](C)(C)C,CHEMBL1744086;CHEMBL1788321;CHEMBL299893;CHEMBL304271;CHEMBL335648;CHEMBL421047;CHEMBL56266,BRICS,True,pending,pending,,False,0.676,-1.201,0,False,202.2,0.59,1,2,4
GEN_45189CD7,Cc1ccc(S(=O)(=O)C[C@H]2CCCCC2OCC(O)C[N+](C)(C)C)cc1,[15*]C1CCCC[C@@H]1[15*];[3*]O[3*];[4*]CC(O)C[4*];[5*][N+](C)(C)C;[8*]CS(=O)(=O)c1ccc(C)cc1,CHEMBL101581;CHEMBL113902;CHEMBL114728;CHEMBL115440;CHEMBL116012;CHEMBL117326;CHEMBL1202473;CHEMBL1202477;CHEMBL1202478;CHEMBL135853;CHEMBL140561;CHEMBL144778;CHEMBL14627;CHEMBL14699;CHEMBL14874;CHEMBL14932;CHEMBL14952;CHEMBL15202;CHEMBL15346;CHEMBL155761;CHEMBL160846;CHEMBL168656;CHEMBL168921;CHEMBL1744086;CHEMBL1744347;CHEMBL1744349;CHEMBL1788321;CHEMBL1907763;CHEMBL1907764;CHEMBL1907944;CHEMBL24026;CHEMBL24137;CHEMBL2448064;CHEMBL2448065;CHEMBL2448066;CHEMBL2448067;CHEMBL24828;CHEMBL24979;CHEMBL25425;CHEMBL25450;CHEMBL25579;CHEMBL25610;CHEMBL26641;CHEMBL269620;CHEMBL273789;CHEMBL279459;CHEMBL281872;CHEMBL281990;CHEMBL283088;CHEMBL286160;CHEMBL291359;CHEMBL291514;CHEMBL293064;CHEMBL293090;CHEMBL294034;CHEMBL294395;CHEMBL299672;CHEMBL299893;CHEMBL300791;CHEMBL304271;CHEMBL31965;CHEMBL334032;CHEMBL335648;CHEMBL335931;CHEMBL338449;CHEMBL344486;CHEMBL348146;CHEMBL353823;CHEMBL416191;CHEMBL419022;CHEMBL421326;CHEMBL422292;CHEMBL422347;CHEMBL422758;CHEMBL428534;CHEMBL460731;CHEMBL460732;CHEMBL47940;CHEMBL493428;CHEMBL514436;CHEMBL517907;CHEMBL533849;CHEMBL538507;CHEMBL538757;CHEMBL540292;CHEMBL540701;CHEMBL541307;CHEMBL542887;CHEMBL542891;CHEMBL542893;CHEMBL543361;CHEMBL544067;CHEMBL544074;CHEMBL544538;CHEMBL544770;CHEMBL545006;CHEMBL545315;CHEMBL552859;CHEMBL552860;CHEMBL553;CHEMBL554;CHEMBL55425;CHEMBL55794;CHEMBL56027;CHEMBL56142;CHEMBL56266;CHEMBL56319;CHEMBL56502;CHEMBL56505;CHEMBL56912;CHEMBL56936;CHEMBL57758;CHEMBL57759;CHEMBL57892;CHEMBL57990;CHEMBL59812;CHEMBL607707;CHEMBL60826;CHEMBL61119;CHEMBL939;CHEMBL95320;CHEMBL95774;CHEMBL98798;CHEMBL99024,BRICS,True,pending,pending,,False,0.699,-3.386,0,False,384.56,2.411,1,4,8
GEN_812811EC,C=CS(=O)(=O)c1cc2c(-n3c4ccccc4c4c(OCC(O)C[N+](C)(C)C)ncnc43)ncnc2cn1,[14*]c1ncnc2cnc(S(=O)(=O)C=C)cc12;[3*]O[3*];[4*]CC(O)C[4*];[5*][N+](C)(C)C;[9*]n1c2ccccc2c2c([14*])ncnc21,CHEMBL101581;CHEMBL113902;CHEMBL114728;CHEMBL115440;CHEMBL116012;CHEMBL117326;CHEMBL1202473;CHEMBL1202477;CHEMBL1202478;CHEMBL135853;CHEMBL140561;CHEMBL14627;CHEMBL14699;CHEMBL14874;CHEMBL14932;CHEMBL14952;CHEMBL15202;CHEMBL15346;CHEMBL155761;CHEMBL160846;CHEMBL168656;CHEMBL168921;CHEMBL1744086;CHEMBL1744347;CHEMBL1744349;CHEMBL1788321;CHEMBL1907763;CHEMBL1907764;CHEMBL1907944;CHEMBL24026;CHEMBL24137;CHEMBL2448064;CHEMBL2448065;CHEMBL2448066;CHEMBL2448067;CHEMBL24828;CHEMBL24979;CHEMBL25425;CHEMBL25450;CHEMBL25579;CHEMBL25610;CHEMBL26641;CHEMBL269620;CHEMBL273789;CHEMBL279459;CHEMBL281872;CHEMBL281990;CHEMBL283088;CHEMBL286160;CHEMBL291359;CHEMBL291514;CHEMBL293064;CHEMBL293090;CHEMBL294034;CHEMBL294395;CHEMBL299672;CHEMBL299893;CHEMBL300791;CHEMBL304271;CHEMBL31965;CHEMBL335648;CHEMBL335931;CHEMBL336264;CHEMBL338449;CHEMBL344486;CHEMBL348146;CHEMBL353823;CHEMBL416191;CHEMBL419022;CHEMBL421326;CHEMBL422292;CHEMBL422347;CHEMBL422758;CHEMBL428534;CHEMBL448730;CHEMBL460731;CHEMBL460732;CHEMBL47940;CHEMBL493428;CHEMBL514436;CHEMBL517907;CHEMBL533849;CHEMBL538507;CHEMBL538757;CHEMBL540292;CHEMBL540701;CHEMBL541307;CHEMBL542887;CHEMBL542891;CHEMBL542893;CHEMBL543361;CHEMBL544067;CHEMBL544074;CHEMBL544538;CHEMBL544770;CHEMBL545006;CHEMBL545315;CHEMBL552859;CHEMBL552860;CHEMBL553;CHEMBL554;CHEMBL55425;CHEMBL55794;CHEMBL56027;CHEMBL56142;CHEMBL56266;CHEMBL56319;CHEMBL56502;CHEMBL56505;CHEMBL56912;CHEMBL56936;CHEMBL57758;CHEMBL57759;CHEMBL57892;CHEMBL57990;CHEMBL59812;CHEMBL607707;CHEMBL60826;CHEMBL61119;CHEMBL939;CHEMBL95320;CHEMBL95774;CHEMBL98798;CHEMBL99024,BRICS,True,pending,pending,,False,0.306,-4.433,0,False,520.6,2.275,1,9,8
GEN_ECD54C61,C[N+](C)(C)CC(O)COc1c(C#N)cnc2ncc(-c3coc4cc(O)cc(O)c4c3=O)cc12,[16*]c1cnc2ncc(C#N)c([16*])c2c1;[16*]c1coc2cc(O)cc(O)c2c1=O;[3*]O[3*];[4*]CC(O)C[4*];[5*][N+](C)(C)C,CHEMBL101581;CHEMBL113902;CHEMBL114728;CHEMBL115440;CHEMBL116012;CHEMBL117326;CHEMBL1202473;CHEMBL1202477;CHEMBL1202478;CHEMBL135853;CHEMBL140561;CHEMBL14627;CHEMBL14699;CHEMBL14874;CHEMBL14932;CHEMBL14952;CHEMBL15202;CHEMBL15346;CHEMBL155761;CHEMBL160846;CHEMBL168656;CHEMBL168921;CHEMBL1744086;CHEMBL1744347;CHEMBL1744349;CHEMBL1788321;CHEMBL1907763;CHEMBL1907764;CHEMBL1907944;CHEMBL24026;CHEMBL24137;CHEMBL2448064;CHEMBL2448065;CHEMBL2448066;CHEMBL2448067;CHEMBL24828;CHEMBL24979;CHEMBL25425;CHEMBL25450;CHEMBL25579;CHEMBL25610;CHEMBL26641;CHEMBL269620;CHEMBL273789;CHEMBL279459;CHEMBL281467;CHEMBL281872;CHEMBL281990;CHEMBL283088;CHEMBL286160;CHEMBL287022;CHEMBL291359;CHEMBL291514;CHEMBL293064;CHEMBL293090;CHEMBL294034;CHEMBL294395;CHEMBL299672;CHEMBL299893;CHEMBL300791;CHEMBL304271;CHEMBL31745;CHEMBL31965;CHEMBL335648;CHEMBL335931;CHEMBL338449;CHEMBL344486;CHEMBL348146;CHEMBL353823;CHEMBL416191;CHEMBL419022;CHEMBL421326;CHEMBL422292;CHEMBL422347;CHEMBL422758;CHEMBL428534;CHEMBL44;CHEMBL441518;CHEMBL460731;CHEMBL460732;CHEMBL47940;CHEMBL493428;CHEMBL514436;CHEMBL517907;CHEMBL533849;CHEMBL538507;CHEMBL538757;CHEMBL540292;CHEMBL540701;CHEMBL541307;CHEMBL542887;CHEMBL542891;CHEMBL542893;CHEMBL543361;CHEMBL544067;CHEMBL544074;CHEMBL544538;CHEMBL544770;CHEMBL545006;CHEMBL545315;CHEMBL552859;CHEMBL552860;CHEMBL553;CHEMBL554;CHEMBL55425;CHEMBL55794;CHEMBL56027;CHEMBL56142;CHEMBL56266;CHEMBL56319;CHEMBL56502;CHEMBL56505;CHEMBL56912;CHEMBL56936;CHEMBL57758;CHEMBL57759;CHEMBL57892;CHEMBL57990;CHEMBL59812;CHEMBL607707;CHEMBL60826;CHEMBL61119;CHEMBL7827;CHEMBL939;CHEMBL95320;CHEMBL95774;CHEMBL98798;CHEMBL99024,BRICS,True,pending,pending,,False,0.365,-4.096,0,False,463.47,2.132,3,9,6
GEN_5A4A3DB1,Cc1[nH]c(OCC(O)C[N+](C)(C)C)c(C)c1-c1ncnc2c3ccccc3n(C)c12,[14*]c1[nH]c(C)c([16*])c1C;[14*]c1ncnc2c3ccccc3n(C)c12;[3*]O[3*];[4*]CC(O)C[4*];[5*][N+](C)(C)C,CHEMBL101581;CHEMBL113902;CHEMBL114728;CHEMBL115440;CHEMBL116012;CHEMBL117326;CHEMBL1202473;CHEMBL1202477;CHEMBL1202478;CHEMBL135853;CHEMBL140561;CHEMBL14627;CHEMBL146694;CHEMBL14699;CHEMBL14874;CHEMBL149201;CHEMBL14932;CHEMBL14952;CHEMBL150177;CHEMBL15202;CHEMBL15346;CHEMBL155761;CHEMBL160846;CHEMBL168656;CHEMBL168921;CHEMBL1744086;CHEMBL1744347;CHEMBL1744349;CHEMBL1788321;CHEMBL1907763;CHEMBL1907764;CHEMBL1907944;CHEMBL24026;CHEMBL24137;CHEMBL2448064;CHEMBL2448065;CHEMBL2448066;CHEMBL2448067;CHEMBL24828;CHEMBL24979;CHEMBL25425;CHEMBL25450;CHEMBL25579;CHEMBL25610;CHEMBL26641;CHEMBL269620;CHEMBL273789;CHEMBL279459;CHEMBL281872;CHEMBL281990;CHEMBL283088;CHEMBL286160;CHEMBL291359;CHEMBL291514;CHEMBL293064;CHEMBL293090;CHEMBL294034;CHEMBL294395;CHEMBL299672;CHEMBL299893;CHEMBL300791;CHEMBL304271;CHEMBL305782;CHEMBL31965;CHEMBL335648;CHEMBL335931;CHEMBL338449;CHEMBL344486;CHEMBL348146;CHEMBL353823;CHEMBL358728;CHEMBL416191;CHEMBL419022;CHEMBL421326;CHEMBL422292;CHEMBL422347;CHEMBL422758;CHEMBL428534;CHEMBL432903;CHEMBL460731;CHEMBL460732;CHEMBL47940;CHEMBL493428;CHEMBL514436;CHEMBL517907;CHEMBL533849;CHEMBL538507;CHEMBL538757;CHEMBL540292;CHEMBL540701;CHEMBL541307;CHEMBL542887;CHEMBL542891;CHEMBL542893;CHEMBL543361;CHEMBL544067;CHEMBL544074;CHEMBL544538;CHEMBL544770;CHEMBL545006;CHEMBL545315;CHEMBL552859;CHEMBL552860;CHEMBL553;CHEMBL553137;CHEMBL554;CHEMBL55425;CHEMBL55794;CHEMBL56027;CHEMBL56142;CHEMBL56266;CHEMBL56319;CHEMBL56502;CHEMBL56505;CHEMBL56912;CHEMBL56936;CHEMBL57758;CHEMBL57759;CHEMBL57892;CHEMBL57990;CHEMBL59812;CHEMBL607707;CHEMBL60826;CHEMBL61119;CHEMBL939;CHEMBL95320;CHEMBL95774;CHEMBL98798;CHEMBL99024,BRICS,True,pending,pending,,False,0.481,-4.424,0,False,408.53,3.179,2,4,6
GEN_8478DCF3,CC1CN(c2ccc(OCC(O)C[N+](C)(C)C)nc2)CC(C)N1,[14*]c1ccc([16*])cn1;[3*]O[3*];[4*]CC(O)C[4*];[5*]N1CC(C)NC(C)C1;[5*][N+](C)(C)C,CHEMBL101581;CHEMBL111365;CHEMBL113185;CHEMBL113902;CHEMBL114728;CHEMBL115440;CHEMBL116012;CHEMBL117326;CHEMBL1202473;CHEMBL1202477;CHEMBL1202478;CHEMBL135853;CHEMBL140561;CHEMBL14627;CHEMBL14699;CHEMBL14874;CHEMBL14932;CHEMBL14952;CHEMBL15202;CHEMBL15346;CHEMBL155761;CHEMBL160846;CHEMBL168656;CHEMBL168921;CHEMBL1744086;CHEMBL1744347;CHEMBL1744349;CHEMBL1788321;CHEMBL1907763;CHEMBL1907764;CHEMBL1907944;CHEMBL24026;CHEMBL24137;CHEMBL2448064;CHEMBL2448065;CHEMBL2448066;CHEMBL2448067;CHEMBL24828;CHEMBL24979;CHEMBL25425;CHEMBL25450;CHEMBL25579;CHEMBL25610;CHEMBL26641;CHEMBL269620;CHEMBL273789;CHEMBL279459;CHEMBL281872;CHEMBL281990;CHEMBL283088;CHEMBL286160;CHEMBL291359;CHEMBL291514;CHEMBL293064;CHEMBL293090;CHEMBL294034;CHEMBL294395;CHEMBL299672;CHEMBL299893;CHEMBL300791;CHEMBL304271;CHEMBL31965;CHEMBL322066;CHEMBL335648;CHEMBL335931;CHEMBL338449;CHEMBL344486;CHEMBL348146;CHEMBL353823;CHEMBL416191;CHEMBL419022;CHEMBL421326;CHEMBL422292;CHEMBL422347;CHEMBL422758;CHEMBL428534;CHEMBL460731;CHEMBL460732;CHEMBL47940;CHEMBL493428;CHEMBL514436;CHEMBL517907;CHEMBL533849;CHEMBL538507;CHEMBL538757;CHEMBL540292;CHEMBL540701;CHEMBL541307;CHEMBL542887;CHEMBL542891;CHEMBL542893;CHEMBL543361;CHEMBL544067;CHEMBL544074;CHEMBL544538;CHEMBL544770;CHEMBL545006;CHEMBL545315;CHEMBL552859;CHEMBL552860;CHEMBL553;CHEMBL554;CHEMBL55425;CHEMBL55794;CHEMBL56027;CHEMBL56142;CHEMBL56266;CHEMBL56319;CHEMBL56502;CHEMBL56505;CHEMBL56912;CHEMBL56936;CHEMBL57758;CHEMBL57759;CHEMBL57892;CHEMBL57990;CHEMBL59812;CHEMBL607707;CHEMBL60826;CHEMBL61119;CHEMBL69071;CHEMBL939;CHEMBL95320;CHEMBL95774;CHEMBL98798;CHEMBL99024,BRICS,True,pending,pending,,False,0.755,-2.092,0,False,323.46,0.714,2,5,6
GEN_F12744DA,Cc1[nH]c(OCC(O)C[N+](C)(C)C)c(C)c1CC[N+](=O)[O-],[14*]c1[nH]c(C)c([16*])c1C;[3*]O[3*];[4*]CC(O)C[4*];[5*][N+](C)(C)C;[8*]CC[N+](=O)[O-],CHEMBL101581;CHEMBL113902;CHEMBL114728;CHEMBL115440;CHEMBL116012;CHEMBL117326;CHEMBL1202473;CHEMBL1202477;CHEMBL1202478;CHEMBL135853;CHEMBL140561;CHEMBL14627;CHEMBL146694;CHEMBL14699;CHEMBL14874;CHEMBL149201;CHEMBL14932;CHEMBL14952;CHEMBL150177;CHEMBL15202;CHEMBL15346;CHEMBL155761;CHEMBL158119;CHEMBL160846;CHEMBL168656;CHEMBL168921;CHEMBL1744086;CHEMBL1744347;CHEMBL1744349;CHEMBL1788321;CHEMBL1907763;CHEMBL1907764;CHEMBL1907944;CHEMBL24026;CHEMBL24137;CHEMBL2448064;CHEMBL2448065;CHEMBL2448066;CHEMBL2448067;CHEMBL24828;CHEMBL24979;CHEMBL25425;CHEMBL25450;CHEMBL25579;CHEMBL25610;CHEMBL26641;CHEMBL269620;CHEMBL273789;CHEMBL279459;CHEMBL281872;CHEMBL281990;CHEMBL283088;CHEMBL286160;CHEMBL291359;CHEMBL291514;CHEMBL293064;CHEMBL293090;CHEMBL294034;CHEMBL294395;CHEMBL299672;CHEMBL299893;CHEMBL300791;CHEMBL304271;CHEMBL305782;CHEMBL31965;CHEMBL335648;CHEMBL335931;CHEMBL338449;CHEMBL344486;CHEMBL348146;CHEMBL353823;CHEMBL358728;CHEMBL416191;CHEMBL419022;CHEMBL421326;CHEMBL422292;CHEMBL422347;CHEMBL422758;CHEMBL428534;CHEMBL432903;CHEMBL460731;CHEMBL460732;CHEMBL47940;CHEMBL493428;CHEMBL514436;CHEMBL517907;CHEMBL533849;CHEMBL538507;CHEMBL538757;CHEMBL540292;CHEMBL540701;CHEMBL541307;CHEMBL542887;CHEMBL542891;CHEMBL542893;CHEMBL543361;CHEMBL544067;CHEMBL544074;CHEMBL544538;CHEMBL544770;CHEMBL545006;CHEMBL545315;CHEMBL552859;CHEMBL552860;CHEMBL553;CHEMBL554;CHEMBL55425;CHEMBL55794;CHEMBL56027;CHEMBL56142;CHEMBL56266;CHEMBL56319;CHEMBL56502;CHEMBL56505;CHEMBL56912;CHEMBL56936;CHEMBL57758;CHEMBL57759;CHEMBL57892;CHEMBL57990;CHEMBL59812;CHEMBL607707;CHEMBL60826;CHEMBL61119;CHEMBL939;CHEMBL95320;CHEMBL95774;CHEMBL98798;CHEMBL99024,BRICS,True,pending,pending,,False,0.424,-1.915,0,False,300.38,0.897,2,4,8
GEN_535A15DE,C[N+](C)(C)CC(O)COC1CCCN1c1cnc2cc(O)cc(O)c2c1O,[16*]c1cnc2cc(O)cc(O)c2c1O;[3*]O[3*];[4*]CC(O)C[4*];[5*]N1CCCC1[13*];[5*][N+](C)(C)C,CHEMBL101581;CHEMBL113902;CHEMBL114728;CHEMBL115440;CHEMBL116012;CHEMBL117326;CHEMBL1202473;CHEMBL1202477;CHEMBL1202478;CHEMBL135853;CHEMBL140561;CHEMBL14627;CHEMBL14699;CHEMBL14874;CHEMBL14932;CHEMBL14952;CHEMBL15202;CHEMBL15346;CHEMBL155761;CHEMBL157128;CHEMBL160846;CHEMBL168656;CHEMBL168921;CHEMBL1744086;CHEMBL1744347;CHEMBL1744349;CHEMBL1788321;CHEMBL1907763;CHEMBL1907764;CHEMBL1907944;CHEMBL24026;CHEMBL24137;CHEMBL2448064;CHEMBL2448065;CHEMBL2448066;CHEMBL2448067;CHEMBL24828;CHEMBL24979;CHEMBL25425;CHEMBL25450;CHEMBL25579;CHEMBL25610;CHEMBL26641;CHEMBL266995;CHEMBL269620;CHEMBL273789;CHEMBL279459;CHEMBL281872;CHEMBL281990;CHEMBL283088;CHEMBL286160;CHEMBL291359;CHEMBL291514;CHEMBL293064;CHEMBL293090;CHEMBL294034;CHEMBL294395;CHEMBL299672;CHEMBL299893;CHEMBL300791;CHEMBL304271;CHEMBL31965;CHEMBL335648;CHEMBL335931;CHEMBL338449;CHEMBL344486;CHEMBL348146;CHEMBL353823;CHEMBL416191;CHEMBL419022;CHEMBL421326;CHEMBL422292;CHEMBL422347;CHEMBL422758;CHEMBL428534;CHEMBL460731;CHEMBL460732;CHEMBL47940;CHEMBL493428;CHEMBL514436;CHEMBL517907;CHEMBL533849;CHEMBL538507;CHEMBL538757;CHEMBL540292;CHEMBL540701;CHEMBL541307;CHEMBL542887;CHEMBL542891;CHEMBL542893;CHEMBL543361;CHEMBL544067;CHEMBL544074;CHEMBL544538;CHEMBL544770;CHEMBL545006;CHEMBL545315;CHEMBL552859;CHEMBL552860;CHEMBL553;CHEMBL554;CHEMBL55425;CHEMBL55794;CHEMBL56027;CHEMBL56142;CHEMBL56266;CHEMBL56319;CHEMBL56502;CHEMBL56505;CHEMBL56912;CHEMBL56936;CHEMBL57758;CHEMBL57759;CHEMBL57892;CHEMBL57990;CHEMBL59812;CHEMBL607707;CHEMBL60826;CHEMBL61119;CHEMBL939;CHEMBL95320;CHEMBL95774;CHEMBL98798;CHEMBL99024,BRICS,True,pending,pending,,False,0.563,-2.922,0,False,378.45,1.362,4,7,6
GEN_1E777F3C,CN(C)/N=N/c1ccc2ncnc(-c3ncnc4cc(OCC(O)C[N+](C)(C)C)ccc34)c2c1,[14*]c1ncnc2cc([16*])ccc12;[14*]c1ncnc2ccc(/N=N/N(C)C)cc12;[3*]O[3*];[4*]CC(O)C[4*];[5*][N+](C)(C)C,CHEMBL101581;CHEMBL113902;CHEMBL114728;CHEMBL115440;CHEMBL116012;CHEMBL117326;CHEMBL1202473;CHEMBL1202477;CHEMBL1202478;CHEMBL133023;CHEMBL134312;CHEMBL135853;CHEMBL136491;CHEMBL137027;CHEMBL140561;CHEMBL14627;CHEMBL14699;CHEMBL14874;CHEMBL14932;CHEMBL14952;CHEMBL15202;CHEMBL15346;CHEMBL155761;CHEMBL160846;CHEMBL168656;CHEMBL168921;CHEMBL1744086;CHEMBL1744347;CHEMBL1744349;CHEMBL1788321;CHEMBL1907763;CHEMBL1907764;CHEMBL1907944;CHEMBL24026;CHEMBL24137;CHEMBL2448064;CHEMBL2448065;CHEMBL2448066;CHEMBL2448067;CHEMBL24828;CHEMBL24979;CHEMBL25425;CHEMBL25450;CHEMBL25579;CHEMBL25610;CHEMBL26641;CHEMBL269620;CHEMBL273789;CHEMBL279459;CHEMBL281872;CHEMBL281990;CHEMBL283088;CHEMBL286160;CHEMBL291359;CHEMBL291514;CHEMBL293064;CHEMBL293090;CHEMBL294034;CHEMBL294395;CHEMBL299672;CHEMBL299893;CHEMBL300791;CHEMBL304271;CHEMBL31965;CHEMBL335648;CHEMBL335931;CHEMBL338449;CHEMBL344486;CHEMBL344652;CHEMBL348146;CHEMBL353823;CHEMBL416191;CHEMBL419022;CHEMBL421326;CHEMBL422292;CHEMBL422347;CHEMBL422758;CHEMBL428534;CHEMBL460731;CHEMBL460732;CHEMBL47940;CHEMBL493428;CHEMBL514436;CHEMBL517907;CHEMBL533849;CHEMBL538507;CHEMBL538757;CHEMBL540292;CHEMBL540701;CHEMBL541307;CHEMBL542887;CHEMBL542891;CHEMBL542893;CHEMBL543361;CHEMBL544067;CHEMBL544074;CHEMBL544538;CHEMBL544770;CHEMBL545006;CHEMBL545315;CHEMBL552859;CHEMBL552860;CHEMBL553;CHEMBL554;CHEMBL55425;CHEMBL55794;CHEMBL56027;CHEMBL56142;CHEMBL56266;CHEMBL56319;CHEMBL56502;CHEMBL56505;CHEMBL56912;CHEMBL56936;CHEMBL57758;CHEMBL57759;CHEMBL57892;CHEMBL57990;CHEMBL59812;CHEMBL607707;CHEMBL60826;CHEMBL61119;CHEMBL92812;CHEMBL939;CHEMBL95320;CHEMBL95774;CHEMBL98798;CHEMBL99024,BRICS,True,pending,pending,,False,0.244,-4.654,1,True,461.55,3.246,1,8,8
GEN_E54969B4,C[N+](C)(C)CC(O)COc1c(O)cc(O)c2c(=O)cc(-c3[nH]cnc4c5ccccc5nc3-4)oc12,[14*]c1[nH]cnc2c3ccccc3nc1-2;[14*]c1cc(=O)c2c(O)cc(O)c([16*])c2o1;[3*]O[3*];[4*]CC(O)C[4*];[5*][N+](C)(C)C,CHEMBL101581;CHEMBL113902;CHEMBL114728;CHEMBL115440;CHEMBL116012;CHEMBL117326;CHEMBL1202473;CHEMBL1202477;CHEMBL1202478;CHEMBL135853;CHEMBL140561;CHEMBL14627;CHEMBL14699;CHEMBL14874;CHEMBL14932;CHEMBL14952;CHEMBL15202;CHEMBL15346;CHEMBL155761;CHEMBL160846;CHEMBL168656;CHEMBL168921;CHEMBL1744086;CHEMBL1744347;CHEMBL1744349;CHEMBL1788321;CHEMBL1907763;CHEMBL1907764;CHEMBL1907944;CHEMBL2093928;CHEMBL24026;CHEMBL24137;CHEMBL2448064;CHEMBL2448065;CHEMBL2448066;CHEMBL2448067;CHEMBL24828;CHEMBL24979;CHEMBL25425;CHEMBL25450;CHEMBL25579;CHEMBL25610;CHEMBL26641;CHEMBL269620;CHEMBL273789;CHEMBL279459;CHEMBL281872;CHEMBL281990;CHEMBL283088;CHEMBL286160;CHEMBL291359;CHEMBL291514;CHEMBL293064;CHEMBL293090;CHEMBL294034;CHEMBL294395;CHEMBL299672;CHEMBL299893;CHEMBL300791;CHEMBL304271;CHEMBL31965;CHEMBL335648;CHEMBL335931;CHEMBL338449;CHEMBL344486;CHEMBL348146;CHEMBL353823;CHEMBL416191;CHEMBL418203;CHEMBL419022;CHEMBL421326;CHEMBL422292;CHEMBL422347;CHEMBL422758;CHEMBL428534;CHEMBL428690;CHEMBL460731;CHEMBL460732;CHEMBL47940;CHEMBL493428;CHEMBL514436;CHEMBL517907;CHEMBL533849;CHEMBL538507;CHEMBL538757;CHEMBL540292;CHEMBL540701;CHEMBL541307;CHEMBL542887;CHEMBL542891;CHEMBL542893;CHEMBL543361;CHEMBL544067;CHEMBL544074;CHEMBL544538;CHEMBL544640;CHEMBL544770;CHEMBL545006;CHEMBL545315;CHEMBL552859;CHEMBL552860;CHEMBL553;CHEMBL554;CHEMBL55425;CHEMBL55794;CHEMBL56027;CHEMBL56142;CHEMBL56266;CHEMBL56319;CHEMBL56502;CHEMBL56505;CHEMBL56912;CHEMBL56936;CHEMBL57758;CHEMBL57759;CHEMBL57892;CHEMBL57990;CHEMBL59812;CHEMBL607707;CHEMBL60826;CHEMBL61119;CHEMBL939;CHEMBL95320;CHEMBL95774;CHEMBL98798;CHEMBL99024,BRICS,True,pending,pending,,False,0.274,-4.587,0,False,477.5,2.693,4,8,6
GEN_BEE87C13,C[N+](C)(C)CC(O)COc1ncnc2cnc(Cl)nc12,[14*]c1ncnc2cnc(Cl)nc12;[3*]O[3*];[4*]CC(O)C[4*];[5*][N+](C)(C)C,CHEMBL101581;CHEMBL113902;CHEMBL114728;CHEMBL115440;CHEMBL116012;CHEMBL117326;CHEMBL1202473;CHEMBL1202477;CHEMBL1202478;CHEMBL135853;CHEMBL140561;CHEMBL14627;CHEMBL14699;CHEMBL14874;CHEMBL14932;CHEMBL14952;CHEMBL15202;CHEMBL15346;CHEMBL155761;CHEMBL160846;CHEMBL168656;CHEMBL168921;CHEMBL1744086;CHEMBL1744347;CHEMBL1744349;CHEMBL1788321;CHEMBL1907763;CHEMBL1907764;CHEMBL1907944;CHEMBL24026;CHEMBL24137;CHEMBL2448064;CHEMBL2448065;CHEMBL2448066;CHEMBL2448067;CHEMBL24828;CHEMBL24979;CHEMBL25425;CHEMBL25450;CHEMBL25579;CHEMBL25610;CHEMBL26641;CHEMBL269620;CHEMBL273789;CHEMBL279459;CHEMBL281872;CHEMBL281990;CHEMBL283088;CHEMBL286160;CHEMBL291359;CHEMBL291514;CHEMBL293064;CHEMBL293090;CHEMBL294034;CHEMBL294395;CHEMBL299672;CHEMBL299893;CHEMBL300791;CHEMBL304271;CHEMBL31965;CHEMBL335648;CHEMBL335931;CHEMBL338449;CHEMBL344486;CHEMBL348146;CHEMBL353823;CHEMBL416191;CHEMBL419022;CHEMBL421326;CHEMBL422292;CHEMBL422347;CHEMBL422758;CHEMBL428534;CHEMBL460731;CHEMBL460732;CHEMBL47940;CHEMBL493428;CHEMBL50027;CHEMBL514436;CHEMBL517907;CHEMBL52823;CHEMBL53311;CHEMBL533849;CHEMBL538507;CHEMBL538757;CHEMBL540292;CHEMBL540701;CHEMBL541307;CHEMBL542887;CHEMBL542891;CHEMBL542893;CHEMBL543361;CHEMBL544067;CHEMBL544074;CHEMBL544538;CHEMBL544770;CHEMBL545006;CHEMBL545315;CHEMBL552859;CHEMBL552860;CHEMBL553;CHEMBL554;CHEMBL55425;CHEMBL55794;CHEMBL56027;CHEMBL56142;CHEMBL56266;CHEMBL56319;CHEMBL56502;CHEMBL56505;CHEMBL56912;CHEMBL56936;CHEMBL57758;CHEMBL57759;CHEMBL57892;CHEMBL57990;CHEMBL59812;CHEMBL607707;CHEMBL60826;CHEMBL61119;CHEMBL939;CHEMBL95320;CHEMBL95774;CHEMBL98798;CHEMBL99024,BRICS,True,pending,pending,,False,0.64,-2.059,0,False,298.75,0.519,1,6,5
GEN_D12AED01,C[N+](C)(C)CC(O)COC(=O)CCC(=O)O,[1*]C(=O)CCC(=O)O;[3*]O[3*];[4*]CC(O)C[4*];[5*][N+](C)(C)C,CHEMBL101581;CHEMBL113902;CHEMBL114728;CHEMBL115440;CHEMBL116012;CHEMBL117326;CHEMBL1202473;CHEMBL1202477;CHEMBL1202478;CHEMBL135853;CHEMBL140561;CHEMBL14627;CHEMBL14699;CHEMBL14874;CHEMBL14932;CHEMBL14952;CHEMBL15202;CHEMBL15346;CHEMBL155761;CHEMBL160846;CHEMBL168656;CHEMBL168921;CHEMBL1744086;CHEMBL1744347;CHEMBL1744349;CHEMBL1788321;CHEMBL1907763;CHEMBL1907764;CHEMBL1907944;CHEMBL24026;CHEMBL24137;CHEMBL2448064;CHEMBL2448065;CHEMBL2448066;CHEMBL2448067;CHEMBL24828;CHEMBL24979;CHEMBL25425;CHEMBL25450;CHEMBL25579;CHEMBL25610;CHEMBL26641;CHEMBL269620;CHEMBL273789;CHEMBL279459;CHEMBL281872;CHEMBL281990;CHEMBL283088;CHEMBL286160;CHEMBL291359;CHEMBL291514;CHEMBL293064;CHEMBL293090;CHEMBL294034;CHEMBL294395;CHEMBL299672;CHEMBL299893;CHEMBL300791;CHEMBL304271;CHEMBL31965;CHEMBL335648;CHEMBL335931;CHEMBL337027;CHEMBL338449;CHEMBL344486;CHEMBL348146;CHEMBL353823;CHEMBL416191;CHEMBL419022;CHEMBL421326;CHEMBL422292;CHEMBL422347;CHEMBL422758;CHEMBL428534;CHEMBL460731;CHEMBL460732;CHEMBL47940;CHEMBL493428;CHEMBL514436;CHEMBL517907;CHEMBL533849;CHEMBL538507;CHEMBL538757;CHEMBL540292;CHEMBL540701;CHEMBL541307;CHEMBL542887;CHEMBL542891;CHEMBL542893;CHEMBL543361;CHEMBL544067;CHEMBL544074;CHEMBL544538;CHEMBL544770;CHEMBL545006;CHEMBL545315;CHEMBL552859;CHEMBL552860;CHEMBL553;CHEMBL554;CHEMBL55425;CHEMBL55794;CHEMBL56027;CHEMBL56142;CHEMBL56266;CHEMBL56319;CHEMBL56502;CHEMBL56505;CHEMBL56912;CHEMBL56936;CHEMBL57758;CHEMBL57759;CHEMBL57892;CHEMBL57990;CHEMBL59812;CHEMBL607707;CHEMBL60826;CHEMBL61119;CHEMBL939;CHEMBL95320;CHEMBL95774;CHEMBL98798;CHEMBL99024,BRICS,True,pending,pending,,False,0.456,-0.491,0,False,234.27,-0.538,2,4,7
GEN_E98D937F,Cc1ccc(S(=O)(=O)Cc2cnc3ncc(C#N)c(OCC(O)C[N+](C)(C)C)c3c2)cc1,[16*]c1cnc2ncc(C#N)c([16*])c2c1;[3*]O[3*];[4*]CC(O)C[4*];[5*][N+](C)(C)C;[8*]CS(=O)(=O)c1ccc(C)cc1,CHEMBL101581;CHEMBL113902;CHEMBL114728;CHEMBL115440;CHEMBL116012;CHEMBL117326;CHEMBL1202473;CHEMBL1202477;CHEMBL1202478;CHEMBL135853;CHEMBL140561;CHEMBL14627;CHEMBL14699;CHEMBL14874;CHEMBL14932;CHEMBL14952;CHEMBL15202;CHEMBL15346;CHEMBL155761;CHEMBL160846;CHEMBL168656;CHEMBL168921;CHEMBL1744086;CHEMBL1744347;CHEMBL1744349;CHEMBL1788321;CHEMBL1907763;CHEMBL1907764;CHEMBL1907944;CHEMBL24026;CHEMBL24137;CHEMBL2448064;CHEMBL2448065;CHEMBL2448066;CHEMBL2448067;CHEMBL24828;CHEMBL24979;CHEMBL25425;CHEMBL25450;CHEMBL25579;CHEMBL25610;CHEMBL26641;CHEMBL269620;CHEMBL273789;CHEMBL279459;CHEMBL281467;CHEMBL281872;CHEMBL281990;CHEMBL283088;CHEMBL286160;CHEMBL287022;CHEMBL291359;CHEMBL291514;CHEMBL293064;CHEMBL293090;CHEMBL294034;CHEMBL294395;CHEMBL299672;CHEMBL299893;CHEMBL300791;CHEMBL304271;CHEMBL31745;CHEMBL31965;CHEMBL334032;CHEMBL335648;CHEMBL335931;CHEMBL338449;CHEMBL344486;CHEMBL348146;CHEMBL353823;CHEMBL416191;CHEMBL419022;CHEMBL421326;CHEMBL422292;CHEMBL422347;CHEMBL422758;CHEMBL428534;CHEMBL441518;CHEMBL460731;CHEMBL460732;CHEMBL47940;CHEMBL493428;CHEMBL514436;CHEMBL517907;CHEMBL533849;CHEMBL538507;CHEMBL538757;CHEMBL540292;CHEMBL540701;CHEMBL541307;CHEMBL542887;CHEMBL542891;CHEMBL542893;CHEMBL543361;CHEMBL544067;CHEMBL544074;CHEMBL544538;CHEMBL544770;CHEMBL545006;CHEMBL545315;CHEMBL552859;CHEMBL552860;CHEMBL553;CHEMBL554;CHEMBL55425;CHEMBL55794;CHEMBL56027;CHEMBL56142;CHEMBL56266;CHEMBL56319;CHEMBL56502;CHEMBL56505;CHEMBL56912;CHEMBL56936;CHEMBL57758;CHEMBL57759;CHEMBL57892;CHEMBL57990;CHEMBL59812;CHEMBL607707;CHEMBL60826;CHEMBL61119;CHEMBL939;CHEMBL95320;CHEMBL95774;CHEMBL98798;CHEMBL99024,BRICS,True,pending,pending,,False,0.518,-3.911,0,False,455.56,2.23,1,7,8
GEN_D59F32C0,Cn1ccc2cc3c(-c4ccc(OCC(O)C[N+](C)(C)C)nc4)ncnc3cc21,[14*]c1ccc([16*])cn1;[14*]c1ncnc2cc3c(ccn3C)cc12;[3*]O[3*];[4*]CC(O)C[4*];[5*][N+](C)(C)C,CHEMBL101581;CHEMBL111365;CHEMBL113185;CHEMBL113902;CHEMBL114728;CHEMBL115440;CHEMBL116012;CHEMBL117326;CHEMBL1202473;CHEMBL1202477;CHEMBL1202478;CHEMBL135853;CHEMBL140561;CHEMBL14627;CHEMBL14699;CHEMBL14874;CHEMBL14932;CHEMBL14952;CHEMBL15202;CHEMBL15346;CHEMBL155761;CHEMBL160846;CHEMBL168656;CHEMBL168921;CHEMBL1744086;CHEMBL1744347;CHEMBL1744349;CHEMBL1788321;CHEMBL1907763;CHEMBL1907764;CHEMBL1907944;CHEMBL24026;CHEMBL24137;CHEMBL2448064;CHEMBL2448065;CHEMBL2448066;CHEMBL2448067;CHEMBL24828;CHEMBL24979;CHEMBL25425;CHEMBL25450;CHEMBL25579;CHEMBL25610;CHEMBL26641;CHEMBL269620;CHEMBL273789;CHEMBL279459;CHEMBL281872;CHEMBL281990;CHEMBL283088;CHEMBL286160;CHEMBL291359;CHEMBL291514;CHEMBL293064;CHEMBL293090;CHEMBL294034;CHEMBL294395;CHEMBL299672;CHEMBL299893;CHEMBL300791;CHEMBL304271;CHEMBL31965;CHEMBL322066;CHEMBL335648;CHEMBL335931;CHEMBL338449;CHEMBL344486;CHEMBL348146;CHEMBL353823;CHEMBL36727;CHEMBL416191;CHEMBL419022;CHEMBL421326;CHEMBL422292;CHEMBL422347;CHEMBL422758;CHEMBL428534;CHEMBL460731;CHEMBL460732;CHEMBL47940;CHEMBL493428;CHEMBL514436;CHEMBL517907;CHEMBL533849;CHEMBL538507;CHEMBL538757;CHEMBL540292;CHEMBL540701;CHEMBL541307;CHEMBL542887;CHEMBL542891;CHEMBL542893;CHEMBL543361;CHEMBL544067;CHEMBL544074;CHEMBL544538;CHEMBL544770;CHEMBL545006;CHEMBL545315;CHEMBL552859;CHEMBL552860;CHEMBL553;CHEMBL554;CHEMBL55425;CHEMBL55794;CHEMBL56027;CHEMBL56142;CHEMBL56266;CHEMBL56319;CHEMBL56502;CHEMBL56505;CHEMBL56912;CHEMBL56936;CHEMBL57758;CHEMBL57759;CHEMBL57892;CHEMBL57990;CHEMBL59812;CHEMBL607707;CHEMBL60826;CHEMBL61119;CHEMBL939;CHEMBL95320;CHEMBL95774;CHEMBL98798;CHEMBL99024,BRICS,True,pending,pending,,False,0.511,-4.019,0,False,392.48,2.629,1,5,6
GEN_468943C2,Cn1c(OCC(O)C[N+](C)(C)C)c(-c2cc(=O)c3cc(N)c(O)cc3o2)c2cc(O)ccc21,[14*]c1c([16*])c2cc(O)ccc2n1C;[14*]c1cc(=O)c2cc(N)c(O)cc2o1;[3*]O[3*];[4*]CC(O)C[4*];[5*][N+](C)(C)C,CHEMBL101581;CHEMBL113902;CHEMBL114728;CHEMBL115440;CHEMBL116012;CHEMBL117326;CHEMBL1202473;CHEMBL1202477;CHEMBL1202478;CHEMBL135853;CHEMBL140561;CHEMBL14627;CHEMBL14699;CHEMBL14874;CHEMBL14932;CHEMBL14952;CHEMBL15202;CHEMBL15346;CHEMBL155761;CHEMBL160846;CHEMBL168656;CHEMBL168921;CHEMBL1744086;CHEMBL1744347;CHEMBL1744349;CHEMBL1788321;CHEMBL1907763;CHEMBL1907764;CHEMBL1907944;CHEMBL24026;CHEMBL24137;CHEMBL2448064;CHEMBL2448065;CHEMBL2448066;CHEMBL2448067;CHEMBL24828;CHEMBL24979;CHEMBL25425;CHEMBL25450;CHEMBL25579;CHEMBL25610;CHEMBL26641;CHEMBL269620;CHEMBL273789;CHEMBL279459;CHEMBL281872;CHEMBL281990;CHEMBL283088;CHEMBL286160;CHEMBL291359;CHEMBL291514;CHEMBL293064;CHEMBL293090;CHEMBL293250;CHEMBL294034;CHEMBL294395;CHEMBL299672;CHEMBL299893;CHEMBL300791;CHEMBL304271;CHEMBL31965;CHEMBL335648;CHEMBL335931;CHEMBL338449;CHEMBL344486;CHEMBL348146;CHEMBL353823;CHEMBL416191;CHEMBL419022;CHEMBL421326;CHEMBL422292;CHEMBL422347;CHEMBL422758;CHEMBL428534;CHEMBL432416;CHEMBL460731;CHEMBL460732;CHEMBL47940;CHEMBL493428;CHEMBL514436;CHEMBL517907;CHEMBL533849;CHEMBL538507;CHEMBL538757;CHEMBL540292;CHEMBL540701;CHEMBL541307;CHEMBL542887;CHEMBL542891;CHEMBL542893;CHEMBL543361;CHEMBL544067;CHEMBL544074;CHEMBL544538;CHEMBL544770;CHEMBL545006;CHEMBL545315;CHEMBL552859;CHEMBL552860;CHEMBL553;CHEMBL554;CHEMBL55425;CHEMBL55794;CHEMBL56027;CHEMBL56142;CHEMBL56266;CHEMBL56319;CHEMBL56502;CHEMBL56505;CHEMBL56912;CHEMBL56936;CHEMBL57758;CHEMBL57759;CHEMBL57892;CHEMBL57990;CHEMBL59812;CHEMBL607707;CHEMBL60826;CHEMBL61119;CHEMBL939;CHEMBL95320;CHEMBL95774;CHEMBL98798;CHEMBL99024,BRICS,True,pending,pending,,False,0.2,-4.194,0,False,454.5,2.391,4,7,6
GEN_EF09D9B1,CONC(=O)CC[C@H]1CCCCC1OCC(O)C[N+](C)(C)C,[15*]C1CCCC[C@@H]1[15*];[3*]O[3*];[4*]CC(O)C[4*];[5*][N+](C)(C)C;[8*]CCC(=O)NOC,CHEMBL101581;CHEMBL113902;CHEMBL114728;CHEMBL115440;CHEMBL116012;CHEMBL117326;CHEMBL1202473;CHEMBL1202477;CHEMBL1202478;CHEMBL135853;CHEMBL140561;CHEMBL144778;CHEMBL14627;CHEMBL14699;CHEMBL14874;CHEMBL14932;CHEMBL14952;CHEMBL15202;CHEMBL15346;CHEMBL154969;CHEMBL155761;CHEMBL160846;CHEMBL168656;CHEMBL168921;CHEMBL1744086;CHEMBL1744347;CHEMBL1744349;CHEMBL1788321;CHEMBL1907763;CHEMBL1907764;CHEMBL1907944;CHEMBL24026;CHEMBL24137;CHEMBL2448064;CHEMBL2448065;CHEMBL2448066;CHEMBL2448067;CHEMBL24828;CHEMBL24979;CHEMBL25425;CHEMBL25450;CHEMBL25579;CHEMBL25610;CHEMBL26641;CHEMBL269620;CHEMBL273789;CHEMBL279459;CHEMBL281872;CHEMBL281990;CHEMBL283088;CHEMBL286160;CHEMBL291359;CHEMBL291514;CHEMBL293064;CHEMBL293090;CHEMBL294034;CHEMBL294395;CHEMBL299672;CHEMBL299893;CHEMBL300791;CHEMBL304271;CHEMBL31965;CHEMBL335648;CHEMBL335931;CHEMBL338449;CHEMBL344486;CHEMBL348146;CHEMBL353823;CHEMBL416191;CHEMBL419022;CHEMBL421326;CHEMBL422292;CHEMBL422347;CHEMBL422758;CHEMBL428534;CHEMBL460731;CHEMBL460732;CHEMBL47940;CHEMBL493428;CHEMBL514436;CHEMBL517907;CHEMBL533849;CHEMBL538507;CHEMBL538757;CHEMBL540292;CHEMBL540701;CHEMBL541307;CHEMBL542887;CHEMBL542891;CHEMBL542893;CHEMBL543361;CHEMBL544067;CHEMBL544074;CHEMBL544538;CHEMBL544770;CHEMBL545006;CHEMBL545315;CHEMBL552859;CHEMBL552860;CHEMBL553;CHEMBL554;CHEMBL55425;CHEMBL55794;CHEMBL56027;CHEMBL56142;CHEMBL56266;CHEMBL56319;CHEMBL56502;CHEMBL56505;CHEMBL56912;CHEMBL56936;CHEMBL57758;CHEMBL57759;CHEMBL57892;CHEMBL57990;CHEMBL59812;CHEMBL607707;CHEMBL60826;CHEMBL61119;CHEMBL939;CHEMBL95320;CHEMBL95774;CHEMBL98798;CHEMBL99024,BRICS,True,pending,pending,,False,0.493,-1.899,0,False,317.45,1.087,2,4,9
GEN_719F449D,C[N+](C)(C)CC(O)COc1cccc(F)c1,[16*]c1cccc(F)c1;[3*]O[3*];[4*]CC(O)C[4*];[5*][N+](C)(C)C,CHEMBL101581;CHEMBL113902;CHEMBL114728;CHEMBL115440;CHEMBL116012;CHEMBL117326;CHEMBL1202473;CHEMBL1202477;CHEMBL1202478;CHEMBL135853;CHEMBL140561;CHEMBL14627;CHEMBL14699;CHEMBL14874;CHEMBL14932;CHEMBL14952;CHEMBL15202;CHEMBL15346;CHEMBL155761;CHEMBL160846;CHEMBL168656;CHEMBL168921;CHEMBL1744086;CHEMBL1744347;CHEMBL1744349;CHEMBL1788321;CHEMBL1907763;CHEMBL1907764;CHEMBL1907944;CHEMBL24026;CHEMBL24137;CHEMBL2448064;CHEMBL2448065;CHEMBL2448066;CHEMBL2448067;CHEMBL24828;CHEMBL24979;CHEMBL25425;CHEMBL25450;CHEMBL25579;CHEMBL25610;CHEMBL26641;CHEMBL269620;CHEMBL273789;CHEMBL279459;CHEMBL281872;CHEMBL281990;CHEMBL283088;CHEMBL286160;CHEMBL291359;CHEMBL291514;CHEMBL293064;CHEMBL293090;CHEMBL294034;CHEMBL294395;CHEMBL299672;CHEMBL299893;CHEMBL300791;CHEMBL304271;CHEMBL31965;CHEMBL335648;CHEMBL335931;CHEMBL338449;CHEMBL340438;CHEMBL344486;CHEMBL348146;CHEMBL353823;CHEMBL416191;CHEMBL419022;CHEMBL421326;CHEMBL422292;CHEMBL422347;CHEMBL422758;CHEMBL428534;CHEMBL460731;CHEMBL460732;CHEMBL47940;CHEMBL493428;CHEMBL514436;CHEMBL517907;CHEMBL533849;CHEMBL538507;CHEMBL538757;CHEMBL540292;CHEMBL540701;CHEMBL541307;CHEMBL541586;CHEMBL542887;CHEMBL542891;CHEMBL542893;CHEMBL543361;CHEMBL544067;CHEMBL544074;CHEMBL544538;CHEMBL544770;CHEMBL545006;CHEMBL545315;CHEMBL552859;CHEMBL552860;CHEMBL553;CHEMBL554;CHEMBL55425;CHEMBL55794;CHEMBL56027;CHEMBL56142;CHEMBL56266;CHEMBL56319;CHEMBL56502;CHEMBL56505;CHEMBL56912;CHEMBL56936;CHEMBL57758;CHEMBL57759;CHEMBL57892;CHEMBL57990;CHEMBL59812;CHEMBL607707;CHEMBL60826;CHEMBL61119;CHEMBL939;CHEMBL95320;CHEMBL95774;CHEMBL98798;CHEMBL99024,BRICS,True,pending,pending,,False,0.769,-2.004,0,False,228.29,1.272,1,2,5
GEN_0D31E07A,Cc1cc2cc(-c3c(C#N)cnc4cc(OCC(O)C[N+](C)(C)C)ccc34)ccc2[nH]1,[16*]c1ccc2[nH]c(C)cc2c1;[16*]c1ccc2c([16*])c(C#N)cnc2c1;[3*]O[3*];[4*]CC(O)C[4*];[5*][N+](C)(C)C,CHEMBL101581;CHEMBL113902;CHEMBL114728;CHEMBL115440;CHEMBL116012;CHEMBL117326;CHEMBL1202473;CHEMBL1202477;CHEMBL1202478;CHEMBL135853;CHEMBL140561;CHEMBL14627;CHEMBL14699;CHEMBL14874;CHEMBL14932;CHEMBL14952;CHEMBL15202;CHEMBL15346;CHEMBL155761;CHEMBL160846;CHEMBL168656;CHEMBL168921;CHEMBL1744086;CHEMBL1744347;CHEMBL1744349;CHEMBL1788321;CHEMBL1907763;CHEMBL1907764;CHEMBL1907944;CHEMBL24026;CHEMBL24137;CHEMBL2448064;CHEMBL2448065;CHEMBL2448066;CHEMBL2448067;CHEMBL24828;CHEMBL24979;CHEMBL25425;CHEMBL25450;CHEMBL25579;CHEMBL25610;CHEMBL26641;CHEMBL269620;CHEMBL273789;CHEMBL279459;CHEMBL281872;CHEMBL281990;CHEMBL283088;CHEMBL286160;CHEMBL291359;CHEMBL291514;CHEMBL293064;CHEMBL293090;CHEMBL294034;CHEMBL294395;CHEMBL299672;CHEMBL299893;CHEMBL300791;CHEMBL304271;CHEMBL311111;CHEMBL31965;CHEMBL322395;CHEMBL335648;CHEMBL335931;CHEMBL338449;CHEMBL344486;CHEMBL348146;CHEMBL353823;CHEMBL416191;CHEMBL419022;CHEMBL421326;CHEMBL422292;CHEMBL422347;CHEMBL422758;CHEMBL428534;CHEMBL460731;CHEMBL460732;CHEMBL47940;CHEMBL493428;CHEMBL514436;CHEMBL517907;CHEMBL533849;CHEMBL538507;CHEMBL538757;CHEMBL540292;CHEMBL540701;CHEMBL541307;CHEMBL542887;CHEMBL542891;CHEMBL542893;CHEMBL543361;CHEMBL544067;CHEMBL544074;CHEMBL544538;CHEMBL544770;CHEMBL545006;CHEMBL545315;CHEMBL552859;CHEMBL552860;CHEMBL553;CHEMBL554;CHEMBL55425;CHEMBL55794;CHEMBL56027;CHEMBL56142;CHEMBL56266;CHEMBL56319;CHEMBL56502;CHEMBL56505;CHEMBL56912;CHEMBL56936;CHEMBL57758;CHEMBL57759;CHEMBL57892;CHEMBL57990;CHEMBL59812;CHEMBL607707;CHEMBL60826;CHEMBL61119;CHEMBL79060;CHEMBL939;CHEMBL95320;CHEMBL95774;CHEMBL98798;CHEMBL99024,BRICS,True,pending,pending,,False,0.466,-4.999,0,False,415.52,4.009,2,4,6
GEN_EC29B542,CONC(=O)CCc1ccc(OCC(O)C[N+](C)(C)C)nc1,[14*]c1ccc([16*])cn1;[3*]O[3*];[4*]CC(O)C[4*];[5*][N+](C)(C)C;[8*]CCC(=O)NOC,CHEMBL101581;CHEMBL111365;CHEMBL113185;CHEMBL113902;CHEMBL114728;CHEMBL115440;CHEMBL116012;CHEMBL117326;CHEMBL1202473;CHEMBL1202477;CHEMBL1202478;CHEMBL135853;CHEMBL140561;CHEMBL14627;CHEMBL14699;CHEMBL14874;CHEMBL14932;CHEMBL14952;CHEMBL15202;CHEMBL15346;CHEMBL154969;CHEMBL155761;CHEMBL160846;CHEMBL168656;CHEMBL168921;CHEMBL1744086;CHEMBL1744347;CHEMBL1744349;CHEMBL1788321;CHEMBL1907763;CHEMBL1907764;CHEMBL1907944;CHEMBL24026;CHEMBL24137;CHEMBL2448064;CHEMBL2448065;CHEMBL2448066;CHEMBL2448067;CHEMBL24828;CHEMBL24979;CHEMBL25425;CHEMBL25450;CHEMBL25579;CHEMBL25610;CHEMBL26641;CHEMBL269620;CHEMBL273789;CHEMBL279459;CHEMBL281872;CHEMBL281990;CHEMBL283088;CHEMBL286160;CHEMBL291359;CHEMBL291514;CHEMBL293064;CHEMBL293090;CHEMBL294034;CHEMBL294395;CHEMBL299672;CHEMBL299893;CHEMBL300791;CHEMBL304271;CHEMBL31965;CHEMBL322066;CHEMBL335648;CHEMBL335931;CHEMBL338449;CHEMBL344486;CHEMBL348146;CHEMBL353823;CHEMBL416191;CHEMBL419022;CHEMBL421326;CHEMBL422292;CHEMBL422347;CHEMBL422758;CHEMBL428534;CHEMBL460731;CHEMBL460732;CHEMBL47940;CHEMBL493428;CHEMBL514436;CHEMBL517907;CHEMBL533849;CHEMBL538507;CHEMBL538757;CHEMBL540292;CHEMBL540701;CHEMBL541307;CHEMBL542887;CHEMBL542891;CHEMBL542893;CHEMBL543361;CHEMBL544067;CHEMBL544074;CHEMBL544538;CHEMBL544770;CHEMBL545006;CHEMBL545315;CHEMBL552859;CHEMBL552860;CHEMBL553;CHEMBL554;CHEMBL55425;CHEMBL55794;CHEMBL56027;CHEMBL56142;CHEMBL56266;CHEMBL56319;CHEMBL56502;CHEMBL56505;CHEMBL56912;CHEMBL56936;CHEMBL57758;CHEMBL57759;CHEMBL57892;CHEMBL57990;CHEMBL59812;CHEMBL607707;CHEMBL60826;CHEMBL61119;CHEMBL939;CHEMBL95320;CHEMBL95774;CHEMBL98798;CHEMBL99024,BRICS,True,pending,pending,,False,0.501,-1.471,0,False,312.39,0.138,2,5,9
GEN_BD543BFC,C[N+](C)(C)CC(O)COCC(O)C(O)C(O)C(O)CO,[3*]O[3*];[4*]CC(O)C(O)C(O)C(O)CO;[4*]CC(O)C[4*];[5*][N+](C)(C)C,CHEMBL101581;CHEMBL113902;CHEMBL114728;CHEMBL115440;CHEMBL116012;CHEMBL117326;CHEMBL1202473;CHEMBL1202477;CHEMBL1202478;CHEMBL127611;CHEMBL129579;CHEMBL135853;CHEMBL140561;CHEMBL14627;CHEMBL14699;CHEMBL14874;CHEMBL14932;CHEMBL14952;CHEMBL15202;CHEMBL15346;CHEMBL155761;CHEMBL160846;CHEMBL168656;CHEMBL168921;CHEMBL1744086;CHEMBL1744347;CHEMBL1744349;CHEMBL1788321;CHEMBL1907763;CHEMBL1907764;CHEMBL1907944;CHEMBL24026;CHEMBL24137;CHEMBL2448064;CHEMBL2448065;CHEMBL2448066;CHEMBL2448067;CHEMBL24828;CHEMBL24979;CHEMBL25425;CHEMBL25450;CHEMBL25579;CHEMBL25610;CHEMBL26641;CHEMBL269620;CHEMBL273789;CHEMBL279459;CHEMBL281872;CHEMBL281990;CHEMBL283088;CHEMBL286160;CHEMBL291359;CHEMBL291514;CHEMBL293064;CHEMBL293090;CHEMBL294034;CHEMBL294395;CHEMBL299672;CHEMBL299893;CHEMBL300791;CHEMBL304271;CHEMBL31965;CHEMBL335648;CHEMBL335931;CHEMBL338449;CHEMBL344486;CHEMBL348146;CHEMBL353823;CHEMBL416191;CHEMBL419022;CHEMBL421326;CHEMBL422292;CHEMBL422347;CHEMBL422758;CHEMBL428534;CHEMBL460731;CHEMBL460732;CHEMBL47940;CHEMBL493428;CHEMBL514436;CHEMBL517907;CHEMBL533849;CHEMBL538507;CHEMBL538757;CHEMBL540292;CHEMBL540701;CHEMBL541307;CHEMBL542887;CHEMBL542891;CHEMBL542893;CHEMBL543361;CHEMBL544067;CHEMBL544074;CHEMBL544538;CHEMBL544770;CHEMBL545006;CHEMBL545315;CHEMBL552859;CHEMBL552860;CHEMBL553;CHEMBL554;CHEMBL55425;CHEMBL55794;CHEMBL56027;CHEMBL56142;CHEMBL56266;CHEMBL56319;CHEMBL56502;CHEMBL56505;CHEMBL56912;CHEMBL56936;CHEMBL57758;CHEMBL57759;CHEMBL57892;CHEMBL57990;CHEMBL59812;CHEMBL607707;CHEMBL60826;CHEMBL61119;CHEMBL939;CHEMBL95320;CHEMBL95774;CHEMBL98798;CHEMBL99024,BRICS,True,pending,pending,,False,0.231,1.171,0,False,298.36,-3.494,6,7,10
GEN_83BDE091,C[N+](C)(C)CC(O)COC1CCCN1c1ccc(C#N)cc1F,[16*]c1ccc(C#N)cc1F;[3*]O[3*];[4*]CC(O)C[4*];[5*]N1CCCC1[13*];[5*][N+](C)(C)C,CHEMBL101581;CHEMBL113902;CHEMBL114728;CHEMBL115440;CHEMBL116012;CHEMBL117326;CHEMBL1202473;CHEMBL1202477;CHEMBL1202478;CHEMBL135853;CHEMBL140561;CHEMBL14627;CHEMBL14699;CHEMBL14874;CHEMBL14932;CHEMBL14952;CHEMBL15202;CHEMBL15346;CHEMBL155761;CHEMBL157128;CHEMBL160846;CHEMBL168656;CHEMBL168921;CHEMBL1744086;CHEMBL1744347;CHEMBL1744349;CHEMBL1788321;CHEMBL1907763;CHEMBL1907764;CHEMBL1907944;CHEMBL24026;CHEMBL24137;CHEMBL2448064;CHEMBL2448065;CHEMBL2448066;CHEMBL2448067;CHEMBL24828;CHEMBL24979;CHEMBL25425;CHEMBL25450;CHEMBL25579;CHEMBL25610;CHEMBL26641;CHEMBL269620;CHEMBL273789;CHEMBL279459;CHEMBL281872;CHEMBL281990;CHEMBL283088;CHEMBL286160;CHEMBL291359;CHEMBL291514;CHEMBL293064;CHEMBL293090;CHEMBL294034;CHEMBL294395;CHEMBL299672;CHEMBL299893;CHEMBL300791;CHEMBL304271;CHEMBL31965;CHEMBL335648;CHEMBL335931;CHEMBL338449;CHEMBL344486;CHEMBL348146;CHEMBL353823;CHEMBL416191;CHEMBL419022;CHEMBL421326;CHEMBL422292;CHEMBL422347;CHEMBL422758;CHEMBL428534;CHEMBL460731;CHEMBL460732;CHEMBL47940;CHEMBL493428;CHEMBL514436;CHEMBL517907;CHEMBL533849;CHEMBL538507;CHEMBL538757;CHEMBL540292;CHEMBL540701;CHEMBL541307;CHEMBL542887;CHEMBL542891;CHEMBL542893;CHEMBL543361;CHEMBL544067;CHEMBL544074;CHEMBL544538;CHEMBL544770;CHEMBL545006;CHEMBL545315;CHEMBL552859;CHEMBL552860;CHEMBL553;CHEMBL554;CHEMBL55425;CHEMBL55794;CHEMBL56027;CHEMBL56142;CHEMBL56266;CHEMBL56319;CHEMBL56502;CHEMBL56505;CHEMBL56912;CHEMBL56936;CHEMBL57758;CHEMBL57759;CHEMBL57892;CHEMBL57990;CHEMBL59812;CHEMBL607707;CHEMBL60826;CHEMBL61119;CHEMBL939;CHEMBL95320;CHEMBL95774;CHEMBL98798;CHEMBL99024,BRICS,True,pending,pending,,False,0.81,-2.712,0,False,322.4,1.707,1,4,6
GEN_9A598D88,Cc1[nH]c(OCC(O)C[N+](C)(C)C)c(C)c1-c1cnc2cc(O)cc(O)c2c1O,[14*]c1[nH]c(C)c([16*])c1C;[16*]c1cnc2cc(O)cc(O)c2c1O;[3*]O[3*];[4*]CC(O)C[4*];[5*][N+](C)(C)C,CHEMBL101581;CHEMBL113902;CHEMBL114728;CHEMBL115440;CHEMBL116012;CHEMBL117326;CHEMBL1202473;CHEMBL1202477;CHEMBL1202478;CHEMBL135853;CHEMBL140561;CHEMBL14627;CHEMBL146694;CHEMBL14699;CHEMBL14874;CHEMBL149201;CHEMBL14932;CHEMBL14952;CHEMBL150177;CHEMBL15202;CHEMBL15346;CHEMBL155761;CHEMBL160846;CHEMBL168656;CHEMBL168921;CHEMBL1744086;CHEMBL1744347;CHEMBL1744349;CHEMBL1788321;CHEMBL1907763;CHEMBL1907764;CHEMBL1907944;CHEMBL24026;CHEMBL24137;CHEMBL2448064;CHEMBL2448065;CHEMBL2448066;CHEMBL2448067;CHEMBL24828;CHEMBL24979;CHEMBL25425;CHEMBL25450;CHEMBL25579;CHEMBL25610;CHEMBL26641;CHEMBL266995;CHEMBL269620;CHEMBL273789;CHEMBL279459;CHEMBL281872;CHEMBL281990;CHEMBL283088;CHEMBL286160;CHEMBL291359;CHEMBL291514;CHEMBL293064;CHEMBL293090;CHEMBL294034;CHEMBL294395;CHEMBL299672;CHEMBL299893;CHEMBL300791;CHEMBL304271;CHEMBL305782;CHEMBL31965;CHEMBL335648;CHEMBL335931;CHEMBL338449;CHEMBL344486;CHEMBL348146;CHEMBL353823;CHEMBL358728;CHEMBL416191;CHEMBL419022;CHEMBL421326;CHEMBL422292;CHEMBL422347;CHEMBL422758;CHEMBL428534;CHEMBL432903;CHEMBL460731;CHEMBL460732;CHEMBL47940;CHEMBL493428;CHEMBL514436;CHEMBL517907;CHEMBL533849;CHEMBL538507;CHEMBL538757;CHEMBL540292;CHEMBL540701;CHEMBL541307;CHEMBL542887;CHEMBL542891;CHEMBL542893;CHEMBL543361;CHEMBL544067;CHEMBL544074;CHEMBL544538;CHEMBL544770;CHEMBL545006;CHEMBL545315;CHEMBL552859;CHEMBL552860;CHEMBL553;CHEMBL554;CHEMBL55425;CHEMBL55794;CHEMBL56027;CHEMBL56142;CHEMBL56266;CHEMBL56319;CHEMBL56502;CHEMBL56505;CHEMBL56912;CHEMBL56936;CHEMBL57758;CHEMBL57759;CHEMBL57892;CHEMBL57990;CHEMBL59812;CHEMBL607707;CHEMBL60826;CHEMBL61119;CHEMBL939;CHEMBL95320;CHEMBL95774;CHEMBL98798;CHEMBL99024,BRICS,True,pending,pending,,False,0.404,-3.84,0,False,402.47,2.409,5,6,6
GEN_3CEFA55D,C[N+](C)(C)CC(O)CN1CCOCC1,[4*]CC(O)C[4*];[5*]N1CCOCC1;[5*][N+](C)(C)C,CHEMBL113985;CHEMBL113996;CHEMBL114073;CHEMBL114392;CHEMBL116012;CHEMBL118000;CHEMBL126384;CHEMBL126623;CHEMBL128987;CHEMBL129509;CHEMBL136058;CHEMBL137082;CHEMBL137364;CHEMBL138940;CHEMBL139307;CHEMBL14699;CHEMBL1744086;CHEMBL1788321;CHEMBL24137;CHEMBL25610;CHEMBL264382;CHEMBL294475;CHEMBL299881;CHEMBL299893;CHEMBL302552;CHEMBL304271;CHEMBL311111;CHEMBL312482;CHEMBL31965;CHEMBL322395;CHEMBL332497;CHEMBL335648;CHEMBL36967;CHEMBL38199;CHEMBL39355;CHEMBL40130;CHEMBL417420;CHEMBL443268;CHEMBL542893;CHEMBL544067;CHEMBL545315;CHEMBL56266;CHEMBL65848;CHEMBL67003;CHEMBL67057;CHEMBL69629;CHEMBL69960;CHEMBL69966;CHEMBL939;CHEMBL95774;CHEMBL99024,BRICS,True,pending,pending,,False,0.619,-0.449,0,False,203.31,-0.614,1,3,4
GEN_8F256473,Cn1c(OCC(O)C[N+](C)(C)C)c(SC2=NCCS2)c2cc(O)ccc21,[11*]SC1=NCCS1;[14*]c1c([16*])c2cc(O)ccc2n1C;[3*]O[3*];[4*]CC(O)C[4*];[5*][N+](C)(C)C,CHEMBL101581;CHEMBL113902;CHEMBL114728;CHEMBL115440;CHEMBL116012;CHEMBL117326;CHEMBL1202473;CHEMBL1202477;CHEMBL1202478;CHEMBL135853;CHEMBL140561;CHEMBL14627;CHEMBL14699;CHEMBL14874;CHEMBL14932;CHEMBL14952;CHEMBL15202;CHEMBL15346;CHEMBL155761;CHEMBL160846;CHEMBL168656;CHEMBL168921;CHEMBL1744086;CHEMBL1744347;CHEMBL1744349;CHEMBL1788321;CHEMBL1907763;CHEMBL1907764;CHEMBL1907944;CHEMBL24026;CHEMBL24137;CHEMBL2448064;CHEMBL2448065;CHEMBL2448066;CHEMBL2448067;CHEMBL24828;CHEMBL24979;CHEMBL25425;CHEMBL25450;CHEMBL25579;CHEMBL25610;CHEMBL26641;CHEMBL269620;CHEMBL273789;CHEMBL279459;CHEMBL281872;CHEMBL281990;CHEMBL283088;CHEMBL286160;CHEMBL291359;CHEMBL291514;CHEMBL293064;CHEMBL293090;CHEMBL293250;CHEMBL294034;CHEMBL294395;CHEMBL299672;CHEMBL299893;CHEMBL300791;CHEMBL304271;CHEMBL31965;CHEMBL324030;CHEMBL335648;CHEMBL335931;CHEMBL338449;CHEMBL344486;CHEMBL348146;CHEMBL353823;CHEMBL416191;CHEMBL419022;CHEMBL421326;CHEMBL422292;CHEMBL422347;CHEMBL422758;CHEMBL428534;CHEMBL460731;CHEMBL460732;CHEMBL47940;CHEMBL493428;CHEMBL514436;CHEMBL517907;CHEMBL533849;CHEMBL538507;CHEMBL538757;CHEMBL540292;CHEMBL540701;CHEMBL541307;CHEMBL542887;CHEMBL542891;CHEMBL542893;CHEMBL543361;CHEMBL544067;CHEMBL544074;CHEMBL544538;CHEMBL544770;CHEMBL545006;CHEMBL545315;CHEMBL552859;CHEMBL552860;CHEMBL553;CHEMBL554;CHEMBL55425;CHEMBL55794;CHEMBL56027;CHEMBL56142;CHEMBL56266;CHEMBL56319;CHEMBL56502;CHEMBL56505;CHEMBL56912;CHEMBL56936;CHEMBL57758;CHEMBL57759;CHEMBL57892;CHEMBL57990;CHEMBL59812;CHEMBL607707;CHEMBL60826;CHEMBL61119;CHEMBL939;CHEMBL95320;CHEMBL95774;CHEMBL98798;CHEMBL99024,BRICS,True,pending,pending,,False,0.735,-3.749,0,False,396.56,2.525,2,6,6
GEN_8C1009B7,Cc1ccc(S(=O)(=O)Cn2cc(OCC(O)C[N+](C)(C)C)c3c(N)ncnc32)cc1,[3*]O[3*];[4*]CC(O)C[4*];[5*][N+](C)(C)C;[8*]CS(=O)(=O)c1ccc(C)cc1;[9*]n1cc([16*])c2c(N)ncnc21,CHEMBL101581;CHEMBL113902;CHEMBL114728;CHEMBL115440;CHEMBL116012;CHEMBL117326;CHEMBL1202473;CHEMBL1202477;CHEMBL1202478;CHEMBL135853;CHEMBL140561;CHEMBL14627;CHEMBL14699;CHEMBL14874;CHEMBL14932;CHEMBL14952;CHEMBL15202;CHEMBL15346;CHEMBL155761;CHEMBL160846;CHEMBL166765;CHEMBL166766;CHEMBL168266;CHEMBL168285;CHEMBL168382;CHEMBL168550;CHEMBL168555;CHEMBL168656;CHEMBL168661;CHEMBL168829;CHEMBL168921;CHEMBL169064;CHEMBL169065;CHEMBL169200;CHEMBL169390;CHEMBL169467;CHEMBL169519;CHEMBL169570;CHEMBL169780;CHEMBL169920;CHEMBL170438;CHEMBL170724;CHEMBL171256;CHEMBL171311;CHEMBL171545;CHEMBL172514;CHEMBL1744086;CHEMBL1744347;CHEMBL1744349;CHEMBL1788321;CHEMBL1907763;CHEMBL1907764;CHEMBL1907944;CHEMBL24026;CHEMBL24137;CHEMBL2448064;CHEMBL2448065;CHEMBL2448066;CHEMBL2448067;CHEMBL24828;CHEMBL24979;CHEMBL25425;CHEMBL25450;CHEMBL25579;CHEMBL25610;CHEMBL262276;CHEMBL263528;CHEMBL26641;CHEMBL269620;CHEMBL273789;CHEMBL274732;CHEMBL279459;CHEMBL281872;CHEMBL281990;CHEMBL283088;CHEMBL286160;CHEMBL291359;CHEMBL291514;CHEMBL293064;CHEMBL293090;CHEMBL294034;CHEMBL294395;CHEMBL299672;CHEMBL299893;CHEMBL300791;CHEMBL304271;CHEMBL31965;CHEMBL334032;CHEMBL335648;CHEMBL335931;CHEMBL338449;CHEMBL344486;CHEMBL348146;CHEMBL352801;CHEMBL352954;CHEMBL353823;CHEMBL354033;CHEMBL354310;CHEMBL355019;CHEMBL355191;CHEMBL355269;CHEMBL355322;CHEMBL355330;CHEMBL355891;CHEMBL408683;CHEMBL416191;CHEMBL419022;CHEMBL421326;CHEMBL422292;CHEMBL422347;CHEMBL422758;CHEMBL428534;CHEMBL460731;CHEMBL460732;CHEMBL47940;CHEMBL493428;CHEMBL514436;CHEMBL517907;CHEMBL533849;CHEMBL538507;CHEMBL538757;CHEMBL540292;CHEMBL540701;CHEMBL541307;CHEMBL542887;CHEMBL542891;CHEMBL542893;CHEMBL543361;CHEMBL544067;CHEMBL544074;CHEMBL544538;CHEMBL544770;CHEMBL545006;CHEMBL545315;CHEMBL552859;CHEMBL552860;CHEMBL553;CHEMBL554;CHEMBL55425;CHEMBL55794;CHEMBL56027;CHEMBL56142;CHEMBL56266;CHEMBL56319;CHEMBL56502;CHEMBL56505;CHEMBL56912;CHEMBL56936;CHEMBL57758;CHEMBL57759;CHEMBL57892;CHEMBL57990;CHEMBL59812;CHEMBL607707;CHEMBL60826;CHEMBL61119;CHEMBL939;CHEMBL95320;CHEMBL95774;CHEMBL98798;CHEMBL99024,BRICS,True,pending,pending,,False,0.511,-3.132,0,False,434.54,1.199,2,7,8
GEN_5E8053D7,C[N+](C)(C)CC(O)COc1c(O)cc(O)c2c(=O)cc(N3CCc4ccccc43)oc12,[14*]c1cc(=O)c2c(O)cc(O)c([16*])c2o1;[3*]O[3*];[4*]CC(O)C[4*];[5*]N1CCc2ccccc21;[5*][N+](C)(C)C,CHEMBL101581;CHEMBL113902;CHEMBL114728;CHEMBL115440;CHEMBL116012;CHEMBL117326;CHEMBL1202473;CHEMBL1202477;CHEMBL1202478;CHEMBL135853;CHEMBL140561;CHEMBL14627;CHEMBL14699;CHEMBL14874;CHEMBL14932;CHEMBL14952;CHEMBL15202;CHEMBL15346;CHEMBL155761;CHEMBL160846;CHEMBL168656;CHEMBL168921;CHEMBL1744086;CHEMBL1744347;CHEMBL1744349;CHEMBL1788321;CHEMBL1907763;CHEMBL1907764;CHEMBL1907944;CHEMBL24026;CHEMBL24137;CHEMBL2448064;CHEMBL2448065;CHEMBL2448066;CHEMBL2448067;CHEMBL24828;CHEMBL24979;CHEMBL25425;CHEMBL25450;CHEMBL25579;CHEMBL25610;CHEMBL26641;CHEMBL269620;CHEMBL273789;CHEMBL279459;CHEMBL281872;CHEMBL281990;CHEMBL283088;CHEMBL286160;CHEMBL291359;CHEMBL291514;CHEMBL293064;CHEMBL293090;CHEMBL294034;CHEMBL294395;CHEMBL299672;CHEMBL299893;CHEMBL300791;CHEMBL304271;CHEMBL31965;CHEMBL335648;CHEMBL335931;CHEMBL338449;CHEMBL344486;CHEMBL348146;CHEMBL353823;CHEMBL416191;CHEMBL418203;CHEMBL419022;CHEMBL421326;CHEMBL422292;CHEMBL422347;CHEMBL422758;CHEMBL428534;CHEMBL428690;CHEMBL460731;CHEMBL460732;CHEMBL47940;CHEMBL493428;CHEMBL514436;CHEMBL517907;CHEMBL533849;CHEMBL538507;CHEMBL538757;CHEMBL540292;CHEMBL540701;CHEMBL541307;CHEMBL542887;CHEMBL542891;CHEMBL542893;CHEMBL543361;CHEMBL544067;CHEMBL544074;CHEMBL544538;CHEMBL544770;CHEMBL545006;CHEMBL545315;CHEMBL552859;CHEMBL552860;CHEMBL553;CHEMBL554;CHEMBL55425;CHEMBL55794;CHEMBL56027;CHEMBL56142;CHEMBL56266;CHEMBL56319;CHEMBL56502;CHEMBL56505;CHEMBL56542;CHEMBL56912;CHEMBL56936;CHEMBL57758;CHEMBL57759;CHEMBL57892;CHEMBL57990;CHEMBL59812;CHEMBL607707;CHEMBL60826;CHEMBL61119;CHEMBL939;CHEMBL95320;CHEMBL95774;CHEMBL98798;CHEMBL99024,BRICS,True,pending,pending,,False,0.519,-3.953,0,False,427.48,2.344,3,7,6
GEN_B2DBF950,C[N+](C)(C)CC(O)COC1CCCC[C@@H]1c1ncnc2c1sc1c([N+](=O)[O-])cccc12,[14*]c1ncnc2c1sc1c([N+](=O)[O-])cccc12;[15*]C1CCCC[C@@H]1[15*];[3*]O[3*];[4*]CC(O)C[4*];[5*][N+](C)(C)C,CHEMBL101581;CHEMBL113902;CHEMBL114728;CHEMBL115440;CHEMBL116012;CHEMBL117326;CHEMBL1202473;CHEMBL1202477;CHEMBL1202478;CHEMBL135853;CHEMBL140561;CHEMBL144778;CHEMBL14627;CHEMBL14699;CHEMBL14874;CHEMBL14932;CHEMBL14952;CHEMBL15202;CHEMBL15346;CHEMBL155761;CHEMBL160846;CHEMBL168656;CHEMBL168921;CHEMBL1744086;CHEMBL1744347;CHEMBL1744349;CHEMBL1788321;CHEMBL1907763;CHEMBL1907764;CHEMBL1907944;CHEMBL24026;CHEMBL24137;CHEMBL2448064;CHEMBL2448065;CHEMBL2448066;CHEMBL2448067;CHEMBL24828;CHEMBL24979;CHEMBL25425;CHEMBL25450;CHEMBL25579;CHEMBL25610;CHEMBL26641;CHEMBL269620;CHEMBL273789;CHEMBL279459;CHEMBL281872;CHEMBL281990;CHEMBL283088;CHEMBL286160;CHEMBL291359;CHEMBL291514;CHEMBL293064;CHEMBL293090;CHEMBL294034;CHEMBL294395;CHEMBL299672;CHEMBL299893;CHEMBL300791;CHEMBL304271;CHEMBL31965;CHEMBL335648;CHEMBL335931;CHEMBL338449;CHEMBL344486;CHEMBL348146;CHEMBL353823;CHEMBL416191;CHEMBL419022;CHEMBL421326;CHEMBL422292;CHEMBL422347;CHEMBL422758;CHEMBL428534;CHEMBL460731;CHEMBL460732;CHEMBL47940;CHEMBL493428;CHEMBL514436;CHEMBL517907;CHEMBL533849;CHEMBL538507;CHEMBL538757;CHEMBL540082;CHEMBL540292;CHEMBL540701;CHEMBL541307;CHEMBL542887;CHEMBL542891;CHEMBL542893;CHEMBL543361;CHEMBL544067;CHEMBL544074;CHEMBL544538;CHEMBL544770;CHEMBL545006;CHEMBL545315;CHEMBL552859;CHEMBL552860;CHEMBL553;CHEMBL554;CHEMBL55425;CHEMBL55794;CHEMBL56027;CHEMBL56142;CHEMBL56266;CHEMBL56319;CHEMBL56502;CHEMBL56505;CHEMBL56912;CHEMBL56936;CHEMBL57758;CHEMBL57759;CHEMBL57892;CHEMBL57990;CHEMBL59812;CHEMBL607707;CHEMBL60826;CHEMBL61119;CHEMBL939;CHEMBL95320;CHEMBL95774;CHEMBL98798;CHEMBL99024,BRICS,True,pending,pending,,False,0.337,-4.884,0,False,445.57,3.863,1,7,7
GEN_23C40F4F,C[N+](C)(C)CC(O)COc1nc2ccccc2[nH]1,[14*]c1nc2ccccc2[nH]1;[3*]O[3*];[4*]CC(O)C[4*];[5*][N+](C)(C)C,CHEMBL101581;CHEMBL113902;CHEMBL114728;CHEMBL115440;CHEMBL116012;CHEMBL117326;CHEMBL1202473;CHEMBL1202477;CHEMBL1202478;CHEMBL135853;CHEMBL140561;CHEMBL14627;CHEMBL14699;CHEMBL14874;CHEMBL14932;CHEMBL14952;CHEMBL15202;CHEMBL15346;CHEMBL155761;CHEMBL160846;CHEMBL168656;CHEMBL168921;CHEMBL1744086;CHEMBL1744347;CHEMBL1744349;CHEMBL1788321;CHEMBL1907763;CHEMBL1907764;CHEMBL1907944;CHEMBL24026;CHEMBL24137;CHEMBL2448064;CHEMBL2448065;CHEMBL2448066;CHEMBL2448067;CHEMBL24828;CHEMBL24979;CHEMBL25425;CHEMBL25450;CHEMBL25579;CHEMBL25610;CHEMBL26641;CHEMBL269620;CHEMBL273789;CHEMBL279459;CHEMBL281872;CHEMBL281990;CHEMBL283088;CHEMBL286160;CHEMBL291359;CHEMBL291514;CHEMBL293064;CHEMBL293090;CHEMBL294034;CHEMBL294395;CHEMBL299672;CHEMBL299893;CHEMBL300791;CHEMBL304271;CHEMBL31965;CHEMBL331026;CHEMBL335648;CHEMBL335931;CHEMBL338449;CHEMBL344486;CHEMBL348146;CHEMBL353823;CHEMBL416191;CHEMBL419022;CHEMBL421326;CHEMBL422292;CHEMBL422347;CHEMBL422758;CHEMBL428534;CHEMBL460731;CHEMBL460732;CHEMBL47940;CHEMBL493428;CHEMBL514436;CHEMBL517907;CHEMBL533849;CHEMBL538507;CHEMBL538757;CHEMBL540292;CHEMBL540701;CHEMBL541307;CHEMBL542887;CHEMBL542891;CHEMBL542893;CHEMBL543361;CHEMBL544067;CHEMBL544074;CHEMBL544538;CHEMBL544770;CHEMBL545006;CHEMBL545315;CHEMBL552859;CHEMBL552860;CHEMBL553;CHEMBL554;CHEMBL55425;CHEMBL55794;CHEMBL56027;CHEMBL56142;CHEMBL56266;CHEMBL56319;CHEMBL56502;CHEMBL56505;CHEMBL56912;CHEMBL56936;CHEMBL57758;CHEMBL57759;CHEMBL57892;CHEMBL57990;CHEMBL59812;CHEMBL607707;CHEMBL60826;CHEMBL61119;CHEMBL939;CHEMBL95320;CHEMBL95774;CHEMBL98798;CHEMBL99024,BRICS,True,pending,pending,,False,0.779,-2.068,0,False,250.32,1.009,2,3,5
GEN_0C75C8C9,C=C=CC(=O)N1CCCC1OCC(O)C[N+](C)(C)C,[1*]C(=O)C=C=C;[3*]O[3*];[4*]CC(O)C[4*];[5*]N1CCCC1[13*];[5*][N+](C)(C)C,CHEMBL101581;CHEMBL113902;CHEMBL114728;CHEMBL115440;CHEMBL116012;CHEMBL117326;CHEMBL1202473;CHEMBL1202477;CHEMBL1202478;CHEMBL135853;CHEMBL140561;CHEMBL14627;CHEMBL14699;CHEMBL14874;CHEMBL14932;CHEMBL14952;CHEMBL15202;CHEMBL15346;CHEMBL155761;CHEMBL157128;CHEMBL160846;CHEMBL168656;CHEMBL168921;CHEMBL1744086;CHEMBL1744347;CHEMBL1744349;CHEMBL1788321;CHEMBL1907763;CHEMBL1907764;CHEMBL1907944;CHEMBL24026;CHEMBL24137;CHEMBL2448064;CHEMBL2448065;CHEMBL2448066;CHEMBL2448067;CHEMBL24828;CHEMBL24979;CHEMBL25425;CHEMBL25450;CHEMBL25579;CHEMBL25610;CHEMBL26641;CHEMBL269620;CHEMBL273789;CHEMBL279459;CHEMBL281872;CHEMBL281990;CHEMBL283088;CHEMBL286160;CHEMBL291359;CHEMBL291514;CHEMBL293064;CHEMBL293090;CHEMBL294034;CHEMBL294395;CHEMBL299672;CHEMBL299893;CHEMBL300791;CHEMBL304271;CHEMBL31965;CHEMBL335648;CHEMBL335931;CHEMBL338449;CHEMBL343722;CHEMBL344486;CHEMBL348146;CHEMBL353823;CHEMBL416191;CHEMBL419022;CHEMBL421326;CHEMBL422292;CHEMBL422347;CHEMBL422758;CHEMBL428534;CHEMBL460731;CHEMBL460732;CHEMBL47940;CHEMBL493428;CHEMBL514436;CHEMBL517907;CHEMBL533849;CHEMBL538507;CHEMBL538757;CHEMBL540292;CHEMBL540701;CHEMBL541307;CHEMBL542887;CHEMBL542891;CHEMBL542893;CHEMBL543361;CHEMBL544067;CHEMBL544074;CHEMBL544538;CHEMBL544770;CHEMBL545006;CHEMBL545315;CHEMBL552859;CHEMBL552860;CHEMBL553;CHEMBL554;CHEMBL55425;CHEMBL55794;CHEMBL56027;CHEMBL56142;CHEMBL56266;CHEMBL56319;CHEMBL56502;CHEMBL56505;CHEMBL56912;CHEMBL56936;CHEMBL57758;CHEMBL57759;CHEMBL57892;CHEMBL57990;CHEMBL59812;CHEMBL607707;CHEMBL60826;CHEMBL61119;CHEMBL939;CHEMBL95320;CHEMBL95774;CHEMBL98798;CHEMBL99024,BRICS,True,pending,pending,,False,0.43,-1.341,0,False,269.37,0.36,1,3,6
GEN_6528EDDA,Cc1[nH]c(OCC(O)C[N+](C)(C)C)c(C)c1-c1nc2ccccc2o1,[14*]c1[nH]c(C)c([16*])c1C;[14*]c1nc2ccccc2o1;[3*]O[3*];[4*]CC(O)C[4*];[5*][N+](C)(C)C,CHEMBL101581;CHEMBL113902;CHEMBL114728;CHEMBL115440;CHEMBL116012;CHEMBL117326;CHEMBL118205;CHEMBL1202473;CHEMBL1202477;CHEMBL1202478;CHEMBL135853;CHEMBL140561;CHEMBL14627;CHEMBL146694;CHEMBL14699;CHEMBL14874;CHEMBL149201;CHEMBL14932;CHEMBL14952;CHEMBL150177;CHEMBL15202;CHEMBL15346;CHEMBL155761;CHEMBL160846;CHEMBL168656;CHEMBL168921;CHEMBL1744086;CHEMBL1744347;CHEMBL1744349;CHEMBL1788321;CHEMBL1907763;CHEMBL1907764;CHEMBL1907944;CHEMBL24026;CHEMBL24137;CHEMBL2448064;CHEMBL2448065;CHEMBL2448066;CHEMBL2448067;CHEMBL24828;CHEMBL24979;CHEMBL25425;CHEMBL25450;CHEMBL25579;CHEMBL25610;CHEMBL26641;CHEMBL269620;CHEMBL273789;CHEMBL279459;CHEMBL281872;CHEMBL281990;CHEMBL283088;CHEMBL286160;CHEMBL291359;CHEMBL291514;CHEMBL293064;CHEMBL293090;CHEMBL294034;CHEMBL294395;CHEMBL299672;CHEMBL299893;CHEMBL300791;CHEMBL304271;CHEMBL305782;CHEMBL31965;CHEMBL335648;CHEMBL335931;CHEMBL338449;CHEMBL344486;CHEMBL348146;CHEMBL353823;CHEMBL358728;CHEMBL416191;CHEMBL419022;CHEMBL421326;CHEMBL422292;CHEMBL422347;CHEMBL422758;CHEMBL428534;CHEMBL432903;CHEMBL460731;CHEMBL460732;CHEMBL47940;CHEMBL493428;CHEMBL514436;CHEMBL517907;CHEMBL533849;CHEMBL538507;CHEMBL538757;CHEMBL540292;CHEMBL540701;CHEMBL541307;CHEMBL542887;CHEMBL542891;CHEMBL542893;CHEMBL543361;CHEMBL544067;CHEMBL544074;CHEMBL544538;CHEMBL544770;CHEMBL545006;CHEMBL545315;CHEMBL552859;CHEMBL552860;CHEMBL553;CHEMBL554;CHEMBL55425;CHEMBL55794;CHEMBL56027;CHEMBL56142;CHEMBL56266;CHEMBL56319;CHEMBL56502;CHEMBL56505;CHEMBL56912;CHEMBL56936;CHEMBL57758;CHEMBL57759;CHEMBL57892;CHEMBL57990;CHEMBL59812;CHEMBL607707;CHEMBL60826;CHEMBL61119;CHEMBL939;CHEMBL95320;CHEMBL95774;CHEMBL98798;CHEMBL99024,BRICS,True,pending,pending,,False,0.675,-3.812,0,False,344.44,2.886,2,4,6
GEN_9D7A19AB,C[N+](C)(C)CC(O)COC1CCCN1c1nc2ccccc2o1,[14*]c1nc2ccccc2o1;[3*]O[3*];[4*]CC(O)C[4*];[5*]N1CCCC1[13*];[5*][N+](C)(C)C,CHEMBL101581;CHEMBL113902;CHEMBL114728;CHEMBL115440;CHEMBL116012;CHEMBL117326;CHEMBL118205;CHEMBL1202473;CHEMBL1202477;CHEMBL1202478;CHEMBL135853;CHEMBL140561;CHEMBL14627;CHEMBL14699;CHEMBL14874;CHEMBL14932;CHEMBL14952;CHEMBL15202;CHEMBL15346;CHEMBL155761;CHEMBL157128;CHEMBL160846;CHEMBL168656;CHEMBL168921;CHEMBL1744086;CHEMBL1744347;CHEMBL1744349;CHEMBL1788321;CHEMBL1907763;CHEMBL1907764;CHEMBL1907944;CHEMBL24026;CHEMBL24137;CHEMBL2448064;CHEMBL2448065;CHEMBL2448066;CHEMBL2448067;CHEMBL24828;CHEMBL24979;CHEMBL25425;CHEMBL25450;CHEMBL25579;CHEMBL25610;CHEMBL26641;CHEMBL269620;CHEMBL273789;CHEMBL279459;CHEMBL281872;CHEMBL281990;CHEMBL283088;CHEMBL286160;CHEMBL291359;CHEMBL291514;CHEMBL293064;CHEMBL293090;CHEMBL294034;CHEMBL294395;CHEMBL299672;CHEMBL299893;CHEMBL300791;CHEMBL304271;CHEMBL31965;CHEMBL335648;CHEMBL335931;CHEMBL338449;CHEMBL344486;CHEMBL348146;CHEMBL353823;CHEMBL416191;CHEMBL419022;CHEMBL421326;CHEMBL422292;CHEMBL422347;CHEMBL422758;CHEMBL428534;CHEMBL460731;CHEMBL460732;CHEMBL47940;CHEMBL493428;CHEMBL514436;CHEMBL517907;CHEMBL533849;CHEMBL538507;CHEMBL538757;CHEMBL540292;CHEMBL540701;CHEMBL541307;CHEMBL542887;CHEMBL542891;CHEMBL542893;CHEMBL543361;CHEMBL544067;CHEMBL544074;CHEMBL544538;CHEMBL544770;CHEMBL545006;CHEMBL545315;CHEMBL552859;CHEMBL552860;CHEMBL553;CHEMBL554;CHEMBL55425;CHEMBL55794;CHEMBL56027;CHEMBL56142;CHEMBL56266;CHEMBL56319;CHEMBL56502;CHEMBL56505;CHEMBL56912;CHEMBL56936;CHEMBL57758;CHEMBL57759;CHEMBL57892;CHEMBL57990;CHEMBL59812;CHEMBL607707;CHEMBL60826;CHEMBL61119;CHEMBL939;CHEMBL95320;CHEMBL95774;CHEMBL98798;CHEMBL99024,BRICS,True,pending,pending,,False,0.823,-2.878,0,False,320.41,1.838,1,5,6
GEN_1005EB80,C[N+](C)(C)CC(O)COC1CCCC[C@@H]1c1cc(=O)c2c(N)c(O)c(N)cc2o1,[14*]c1cc(=O)c2c(N)c(O)c(N)cc2o1;[15*]C1CCCC[C@@H]1[15*];[3*]O[3*];[4*]CC(O)C[4*];[5*][N+](C)(C)C,CHEMBL101581;CHEMBL113902;CHEMBL114728;CHEMBL115440;CHEMBL116012;CHEMBL117326;CHEMBL1202473;CHEMBL1202477;CHEMBL1202478;CHEMBL135853;CHEMBL140561;CHEMBL144778;CHEMBL14627;CHEMBL14699;CHEMBL14874;CHEMBL14932;CHEMBL14952;CHEMBL15202;CHEMBL15346;CHEMBL155761;CHEMBL160846;CHEMBL168656;CHEMBL168921;CHEMBL1744086;CHEMBL1744347;CHEMBL1744349;CHEMBL1788321;CHEMBL1907763;CHEMBL1907764;CHEMBL1907944;CHEMBL24026;CHEMBL24137;CHEMBL2448064;CHEMBL2448065;CHEMBL2448066;CHEMBL2448067;CHEMBL24828;CHEMBL24979;CHEMBL25425;CHEMBL25450;CHEMBL25579;CHEMBL25610;CHEMBL26641;CHEMBL269620;CHEMBL273789;CHEMBL279459;CHEMBL281872;CHEMBL281990;CHEMBL283088;CHEMBL286160;CHEMBL291359;CHEMBL291514;CHEMBL293064;CHEMBL293090;CHEMBL294034;CHEMBL294395;CHEMBL299672;CHEMBL299893;CHEMBL300791;CHEMBL304271;CHEMBL31965;CHEMBL325949;CHEMBL335648;CHEMBL335931;CHEMBL338449;CHEMBL344486;CHEMBL348146;CHEMBL353823;CHEMBL416191;CHEMBL419022;CHEMBL421326;CHEMBL422292;CHEMBL422347;CHEMBL422758;CHEMBL428534;CHEMBL460731;CHEMBL460732;CHEMBL47940;CHEMBL493428;CHEMBL514436;CHEMBL517907;CHEMBL533849;CHEMBL538507;CHEMBL538757;CHEMBL540292;CHEMBL540701;CHEMBL541307;CHEMBL542887;CHEMBL542891;CHEMBL542893;CHEMBL543361;CHEMBL544067;CHEMBL544074;CHEMBL544538;CHEMBL544770;CHEMBL545006;CHEMBL545315;CHEMBL552859;CHEMBL552860;CHEMBL553;CHEMBL554;CHEMBL55425;CHEMBL55794;CHEMBL56027;CHEMBL56142;CHEMBL56266;CHEMBL56319;CHEMBL56502;CHEMBL56505;CHEMBL56912;CHEMBL56936;CHEMBL57758;CHEMBL57759;CHEMBL57892;CHEMBL57990;CHEMBL59812;CHEMBL607707;CHEMBL60826;CHEMBL61119;CHEMBL939;CHEMBL95320;CHEMBL95774;CHEMBL98798;CHEMBL99024,BRICS,True,pending,pending,,False,0.326,-3.336,0,False,406.5,1.773,4,7,6
GEN_DC2FC4CF,C[N+](C)(C)CC(O)COC1CCCN1c1ncnc2cc3[nH]ncc3cc12,[14*]c1ncnc2cc3[nH]ncc3cc12;[3*]O[3*];[4*]CC(O)C[4*];[5*]N1CCCC1[13*];[5*][N+](C)(C)C,CHEMBL101581;CHEMBL113902;CHEMBL114728;CHEMBL115440;CHEMBL116012;CHEMBL117326;CHEMBL1202473;CHEMBL1202477;CHEMBL1202478;CHEMBL135853;CHEMBL140561;CHEMBL14627;CHEMBL14699;CHEMBL14874;CHEMBL14932;CHEMBL14952;CHEMBL15202;CHEMBL15346;CHEMBL155761;CHEMBL157128;CHEMBL160846;CHEMBL168656;CHEMBL168921;CHEMBL1744086;CHEMBL1744347;CHEMBL1744349;CHEMBL1788321;CHEMBL1907763;CHEMBL1907764;CHEMBL1907944;CHEMBL24026;CHEMBL24137;CHEMBL2448064;CHEMBL2448065;CHEMBL2448066;CHEMBL2448067;CHEMBL24828;CHEMBL24979;CHEMBL25425;CHEMBL25450;CHEMBL25579;CHEMBL25610;CHEMBL26641;CHEMBL269620;CHEMBL273789;CHEMBL279459;CHEMBL281872;CHEMBL281990;CHEMBL283088;CHEMBL286160;CHEMBL291359;CHEMBL291514;CHEMBL293064;CHEMBL293090;CHEMBL294034;CHEMBL294395;CHEMBL299672;CHEMBL299893;CHEMBL300791;CHEMBL304271;CHEMBL31965;CHEMBL335648;CHEMBL335931;CHEMBL338449;CHEMBL344486;CHEMBL348146;CHEMBL353823;CHEMBL39337;CHEMBL416191;CHEMBL419022;CHEMBL421326;CHEMBL422292;CHEMBL422347;CHEMBL422758;CHEMBL428534;CHEMBL460731;CHEMBL460732;CHEMBL47940;CHEMBL493428;CHEMBL514436;CHEMBL517907;CHEMBL533849;CHEMBL538507;CHEMBL538757;CHEMBL540292;CHEMBL540701;CHEMBL541307;CHEMBL542887;CHEMBL542891;CHEMBL542893;CHEMBL543361;CHEMBL544067;CHEMBL544074;CHEMBL544538;CHEMBL544770;CHEMBL545006;CHEMBL545315;CHEMBL552859;CHEMBL552860;CHEMBL553;CHEMBL554;CHEMBL55425;CHEMBL55794;CHEMBL56027;CHEMBL56142;CHEMBL56266;CHEMBL56319;CHEMBL56502;CHEMBL56505;CHEMBL56912;CHEMBL56936;CHEMBL57758;CHEMBL57759;CHEMBL57892;CHEMBL57990;CHEMBL59812;CHEMBL607707;CHEMBL60826;CHEMBL61119;CHEMBL939;CHEMBL95320;CHEMBL95774;CHEMBL98798;CHEMBL99024,BRICS,True,pending,pending,,False,0.639,-3.059,0,False,371.47,1.516,2,6,6
GEN_6D2800AB,C[N+](C)(C)CC(O)COC1CCCC[C@@H]1c1ncnc2ccc3cc[nH]c3c12,[14*]c1ncnc2ccc3cc[nH]c3c12;[15*]C1CCCC[C@@H]1[15*];[3*]O[3*];[4*]CC(O)C[4*];[5*][N+](C)(C)C,CHEMBL101581;CHEMBL113902;CHEMBL114728;CHEMBL115440;CHEMBL116012;CHEMBL117326;CHEMBL1202473;CHEMBL1202477;CHEMBL1202478;CHEMBL135853;CHEMBL140561;CHEMBL144778;CHEMBL14627;CHEMBL14699;CHEMBL14874;CHEMBL14932;CHEMBL14952;CHEMBL15202;CHEMBL15346;CHEMBL153525;CHEMBL155761;CHEMBL160846;CHEMBL168656;CHEMBL168921;CHEMBL1744086;CHEMBL1744347;CHEMBL1744349;CHEMBL1788321;CHEMBL1907763;CHEMBL1907764;CHEMBL1907944;CHEMBL24026;CHEMBL24137;CHEMBL2448064;CHEMBL2448065;CHEMBL2448066;CHEMBL2448067;CHEMBL24828;CHEMBL24979;CHEMBL25425;CHEMBL25450;CHEMBL25579;CHEMBL25610;CHEMBL26641;CHEMBL269620;CHEMBL273789;CHEMBL279459;CHEMBL281872;CHEMBL281990;CHEMBL283088;CHEMBL286160;CHEMBL291359;CHEMBL291514;CHEMBL293064;CHEMBL293090;CHEMBL294034;CHEMBL294395;CHEMBL299672;CHEMBL299893;CHEMBL300791;CHEMBL304271;CHEMBL31965;CHEMBL335648;CHEMBL335931;CHEMBL338449;CHEMBL344486;CHEMBL348146;CHEMBL353823;CHEMBL416191;CHEMBL419022;CHEMBL421326;CHEMBL422292;CHEMBL422347;CHEMBL422758;CHEMBL428534;CHEMBL460731;CHEMBL460732;CHEMBL47940;CHEMBL493428;CHEMBL514436;CHEMBL517907;CHEMBL533849;CHEMBL538507;CHEMBL538757;CHEMBL540292;CHEMBL540701;CHEMBL541307;CHEMBL542887;CHEMBL542891;CHEMBL542893;CHEMBL543361;CHEMBL544067;CHEMBL544074;CHEMBL544538;CHEMBL544770;CHEMBL545006;CHEMBL545315;CHEMBL552859;CHEMBL552860;CHEMBL553;CHEMBL554;CHEMBL55425;CHEMBL55794;CHEMBL56027;CHEMBL56142;CHEMBL56266;CHEMBL56319;CHEMBL56502;CHEMBL56505;CHEMBL56912;CHEMBL56936;CHEMBL57758;CHEMBL57759;CHEMBL57892;CHEMBL57990;CHEMBL59812;CHEMBL607707;CHEMBL60826;CHEMBL61119;CHEMBL939;CHEMBL95320;CHEMBL95774;CHEMBL98798;CHEMBL99024,BRICS,True,pending,pending,,False,0.641,-4.195,0,False,383.52,3.221,2,4,6
GEN_B71AEF0F,C[N+](C)(C)CC(O)COc1ncnc2c1c1ccccc1n2-c1coc2cc(O)cc(O)c2c1=O,[16*]c1coc2cc(O)cc(O)c2c1=O;[3*]O[3*];[4*]CC(O)C[4*];[5*][N+](C)(C)C;[9*]n1c2ccccc2c2c([14*])ncnc21,CHEMBL101581;CHEMBL113902;CHEMBL114728;CHEMBL115440;CHEMBL116012;CHEMBL117326;CHEMBL1202473;CHEMBL1202477;CHEMBL1202478;CHEMBL135853;CHEMBL140561;CHEMBL14627;CHEMBL14699;CHEMBL14874;CHEMBL14932;CHEMBL14952;CHEMBL15202;CHEMBL15346;CHEMBL155761;CHEMBL160846;CHEMBL168656;CHEMBL168921;CHEMBL1744086;CHEMBL1744347;CHEMBL1744349;CHEMBL1788321;CHEMBL1907763;CHEMBL1907764;CHEMBL1907944;CHEMBL24026;CHEMBL24137;CHEMBL2448064;CHEMBL2448065;CHEMBL2448066;CHEMBL2448067;CHEMBL24828;CHEMBL24979;CHEMBL25425;CHEMBL25450;CHEMBL25579;CHEMBL25610;CHEMBL26641;CHEMBL269620;CHEMBL273789;CHEMBL279459;CHEMBL281872;CHEMBL281990;CHEMBL283088;CHEMBL286160;CHEMBL291359;CHEMBL291514;CHEMBL293064;CHEMBL293090;CHEMBL294034;CHEMBL294395;CHEMBL299672;CHEMBL299893;CHEMBL300791;CHEMBL304271;CHEMBL31965;CHEMBL335648;CHEMBL335931;CHEMBL338449;CHEMBL344486;CHEMBL348146;CHEMBL353823;CHEMBL416191;CHEMBL419022;CHEMBL421326;CHEMBL422292;CHEMBL422347;CHEMBL422758;CHEMBL428534;CHEMBL44;CHEMBL448730;CHEMBL460731;CHEMBL460732;CHEMBL47940;CHEMBL493428;CHEMBL514436;CHEMBL517907;CHEMBL533849;CHEMBL538507;CHEMBL538757;CHEMBL540292;CHEMBL540701;CHEMBL541307;CHEMBL542887;CHEMBL542891;CHEMBL542893;CHEMBL543361;CHEMBL544067;CHEMBL544074;CHEMBL544538;CHEMBL544770;CHEMBL545006;CHEMBL545315;CHEMBL552859;CHEMBL552860;CHEMBL553;CHEMBL554;CHEMBL55425;CHEMBL55794;CHEMBL56027;CHEMBL56142;CHEMBL56266;CHEMBL56319;CHEMBL56502;CHEMBL56505;CHEMBL56912;CHEMBL56936;CHEMBL57758;CHEMBL57759;CHEMBL57892;CHEMBL57990;CHEMBL59812;CHEMBL607707;CHEMBL60826;CHEMBL61119;CHEMBL7827;CHEMBL939;CHEMBL95320;CHEMBL95774;CHEMBL98798;CHEMBL99024,BRICS,True,pending,pending,,False,0.318,-4.489,0,False,477.5,2.537,3,8,6
GEN_03EC45E6,Cn1ncc2cc3c(OCC(O)C[N+](C)(C)C)ncnc3cc21,[14*]c1ncnc2cc3c(cnn3C)cc12;[3*]O[3*];[4*]CC(O)C[4*];[5*][N+](C)(C)C,CHEMBL101581;CHEMBL113902;CHEMBL114728;CHEMBL115440;CHEMBL116012;CHEMBL117326;CHEMBL1202473;CHEMBL1202477;CHEMBL1202478;CHEMBL135853;CHEMBL140561;CHEMBL14627;CHEMBL14699;CHEMBL14874;CHEMBL14932;CHEMBL14952;CHEMBL15202;CHEMBL15346;CHEMBL155761;CHEMBL160846;CHEMBL168656;CHEMBL168921;CHEMBL1744086;CHEMBL1744347;CHEMBL1744349;CHEMBL1788321;CHEMBL1907763;CHEMBL1907764;CHEMBL1907944;CHEMBL24026;CHEMBL24137;CHEMBL2448064;CHEMBL2448065;CHEMBL2448066;CHEMBL2448067;CHEMBL24828;CHEMBL24979;CHEMBL25425;CHEMBL25450;CHEMBL25579;CHEMBL25610;CHEMBL26641;CHEMBL269620;CHEMBL273789;CHEMBL279459;CHEMBL281872;CHEMBL281990;CHEMBL283088;CHEMBL286160;CHEMBL291359;CHEMBL291514;CHEMBL293064;CHEMBL293090;CHEMBL294034;CHEMBL294395;CHEMBL299672;CHEMBL299893;CHEMBL300791;CHEMBL304271;CHEMBL31965;CHEMBL335648;CHEMBL335931;CHEMBL338449;CHEMBL344486;CHEMBL348146;CHEMBL353823;CHEMBL39320;CHEMBL416191;CHEMBL419022;CHEMBL421326;CHEMBL422292;CHEMBL422347;CHEMBL422758;CHEMBL428534;CHEMBL460731;CHEMBL460732;CHEMBL47940;CHEMBL493428;CHEMBL514436;CHEMBL517907;CHEMBL533849;CHEMBL538507;CHEMBL538757;CHEMBL540292;CHEMBL540701;CHEMBL541307;CHEMBL542887;CHEMBL542891;CHEMBL542893;CHEMBL543361;CHEMBL544067;CHEMBL544074;CHEMBL544538;CHEMBL544770;CHEMBL545006;CHEMBL545315;CHEMBL552859;CHEMBL552860;CHEMBL553;CHEMBL554;CHEMBL55425;CHEMBL55794;CHEMBL56027;CHEMBL56142;CHEMBL56266;CHEMBL56319;CHEMBL56502;CHEMBL56505;CHEMBL56912;CHEMBL56936;CHEMBL57758;CHEMBL57759;CHEMBL57892;CHEMBL57990;CHEMBL59812;CHEMBL607707;CHEMBL60826;CHEMBL61119;CHEMBL939;CHEMBL95320;CHEMBL95774;CHEMBL98798;CHEMBL99024,BRICS,True,pending,pending,,False,0.71,-2.496,0,False,316.39,0.962,1,5,5
GEN_28A324FF,C[N+](C)(C)CC(O)COc1ncnc2c1ccc1[nH]cnc12,[14*]c1ncnc2c1ccc1[nH]cnc12;[3*]O[3*];[4*]CC(O)C[4*];[5*][N+](C)(C)C,CHEMBL101581;CHEMBL113902;CHEMBL114728;CHEMBL115440;CHEMBL116012;CHEMBL117326;CHEMBL1202473;CHEMBL1202477;CHEMBL1202478;CHEMBL135853;CHEMBL140561;CHEMBL14627;CHEMBL14699;CHEMBL14874;CHEMBL14932;CHEMBL14952;CHEMBL15202;CHEMBL15346;CHEMBL155100;CHEMBL155761;CHEMBL160846;CHEMBL168656;CHEMBL168921;CHEMBL1744086;CHEMBL1744347;CHEMBL1744349;CHEMBL1788321;CHEMBL1907763;CHEMBL1907764;CHEMBL1907944;CHEMBL24026;CHEMBL24137;CHEMBL2448064;CHEMBL2448065;CHEMBL2448066;CHEMBL2448067;CHEMBL24828;CHEMBL24979;CHEMBL25425;CHEMBL25450;CHEMBL25579;CHEMBL25610;CHEMBL26641;CHEMBL269620;CHEMBL273789;CHEMBL279459;CHEMBL281872;CHEMBL281990;CHEMBL283088;CHEMBL286160;CHEMBL291359;CHEMBL291514;CHEMBL293064;CHEMBL293090;CHEMBL294034;CHEMBL294395;CHEMBL299672;CHEMBL299893;CHEMBL300791;CHEMBL304271;CHEMBL31965;CHEMBL335648;CHEMBL335931;CHEMBL338449;CHEMBL344486;CHEMBL348146;CHEMBL353823;CHEMBL416191;CHEMBL419022;CHEMBL421326;CHEMBL422292;CHEMBL422347;CHEMBL422758;CHEMBL428534;CHEMBL460731;CHEMBL460732;CHEMBL47940;CHEMBL493428;CHEMBL514436;CHEMBL517907;CHEMBL533849;CHEMBL538507;CHEMBL538757;CHEMBL540292;CHEMBL540701;CHEMBL541307;CHEMBL542887;CHEMBL542891;CHEMBL542893;CHEMBL543361;CHEMBL544067;CHEMBL544074;CHEMBL544538;CHEMBL544770;CHEMBL545006;CHEMBL545315;CHEMBL552859;CHEMBL552860;CHEMBL553;CHEMBL554;CHEMBL55425;CHEMBL55794;CHEMBL56027;CHEMBL56142;CHEMBL56266;CHEMBL56319;CHEMBL56502;CHEMBL56505;CHEMBL56912;CHEMBL56936;CHEMBL57758;CHEMBL57759;CHEMBL57892;CHEMBL57990;CHEMBL59812;CHEMBL607707;CHEMBL60826;CHEMBL61119;CHEMBL939;CHEMBL95320;CHEMBL95774;CHEMBL98798;CHEMBL99024,BRICS,True,pending,pending,,False,0.686,-2.422,0,False,302.36,0.952,2,5,5
GEN_D41A0105,C=C(C)C(=O)OCC(O)C[N+](C)(C)C,[1*]C(=O)C(=C)C;[3*]O[3*];[4*]CC(O)C[4*];[5*][N+](C)(C)C,CHEMBL101581;CHEMBL113902;CHEMBL114728;CHEMBL115440;CHEMBL116012;CHEMBL117326;CHEMBL1202473;CHEMBL1202477;CHEMBL1202478;CHEMBL135853;CHEMBL138363;CHEMBL140561;CHEMBL14627;CHEMBL14699;CHEMBL14874;CHEMBL14932;CHEMBL14952;CHEMBL15202;CHEMBL15346;CHEMBL155761;CHEMBL160846;CHEMBL168656;CHEMBL168921;CHEMBL1744086;CHEMBL1744347;CHEMBL1744349;CHEMBL1788321;CHEMBL1907763;CHEMBL1907764;CHEMBL1907944;CHEMBL24026;CHEMBL24137;CHEMBL2448064;CHEMBL2448065;CHEMBL2448066;CHEMBL2448067;CHEMBL24828;CHEMBL24979;CHEMBL25425;CHEMBL25450;CHEMBL25579;CHEMBL25610;CHEMBL26641;CHEMBL269620;CHEMBL273789;CHEMBL279459;CHEMBL281872;CHEMBL281990;CHEMBL283088;CHEMBL286160;CHEMBL291359;CHEMBL291514;CHEMBL293064;CHEMBL293090;CHEMBL294034;CHEMBL294395;CHEMBL299672;CHEMBL299893;CHEMBL300791;CHEMBL304271;CHEMBL31965;CHEMBL335648;CHEMBL335931;CHEMBL338449;CHEMBL344486;CHEMBL348146;CHEMBL353823;CHEMBL416191;CHEMBL419022;CHEMBL421326;CHEMBL422292;CHEMBL422347;CHEMBL422758;CHEMBL428534;CHEMBL460731;CHEMBL460732;CHEMBL47940;CHEMBL493428;CHEMBL514436;CHEMBL517907;CHEMBL533849;CHEMBL538507;CHEMBL538757;CHEMBL540292;CHEMBL540701;CHEMBL541307;CHEMBL542887;CHEMBL542891;CHEMBL542893;CHEMBL543361;CHEMBL544067;CHEMBL544074;CHEMBL544538;CHEMBL544770;CHEMBL545006;CHEMBL545315;CHEMBL552859;CHEMBL552860;CHEMBL553;CHEMBL554;CHEMBL55425;CHEMBL55794;CHEMBL56027;CHEMBL56142;CHEMBL56266;CHEMBL56319;CHEMBL56502;CHEMBL56505;CHEMBL56912;CHEMBL56936;CHEMBL57758;CHEMBL57759;CHEMBL57892;CHEMBL57990;CHEMBL59812;CHEMBL607707;CHEMBL60826;CHEMBL61119;CHEMBL92086;CHEMBL939;CHEMBL95320;CHEMBL95774;CHEMBL98798;CHEMBL99024,BRICS,True,pending,pending,,False,0.393,-0.873,0,False,202.27,0.173,1,3,5
GEN_02B6328C,CNC(=S)N(C)c1ccc(OCC(O)C[N+](C)(C)C)nc1,[14*]c1ccc([16*])cn1;[3*]O[3*];[4*]CC(O)C[4*];[5*]N(C)C(=S)NC;[5*][N+](C)(C)C,CHEMBL101581;CHEMBL111365;CHEMBL113185;CHEMBL113902;CHEMBL114728;CHEMBL115440;CHEMBL116012;CHEMBL117326;CHEMBL1202473;CHEMBL1202477;CHEMBL1202478;CHEMBL135853;CHEMBL140561;CHEMBL14627;CHEMBL14699;CHEMBL14874;CHEMBL14932;CHEMBL14952;CHEMBL15202;CHEMBL15346;CHEMBL155761;CHEMBL160846;CHEMBL168656;CHEMBL168921;CHEMBL1744086;CHEMBL1744347;CHEMBL1744349;CHEMBL1788321;CHEMBL1907763;CHEMBL1907764;CHEMBL1907944;CHEMBL24026;CHEMBL24137;CHEMBL2448064;CHEMBL2448065;CHEMBL2448066;CHEMBL2448067;CHEMBL24828;CHEMBL24979;CHEMBL25425;CHEMBL25450;CHEMBL25579;CHEMBL25610;CHEMBL26641;CHEMBL269620;CHEMBL273789;CHEMBL279459;CHEMBL281872;CHEMBL281990;CHEMBL283088;CHEMBL286160;CHEMBL291359;CHEMBL291514;CHEMBL293064;CHEMBL293090;CHEMBL294034;CHEMBL294395;CHEMBL299672;CHEMBL299893;CHEMBL300791;CHEMBL304271;CHEMBL31965;CHEMBL322066;CHEMBL335648;CHEMBL335931;CHEMBL337035;CHEMBL338449;CHEMBL344486;CHEMBL348146;CHEMBL353823;CHEMBL416191;CHEMBL419022;CHEMBL421326;CHEMBL422292;CHEMBL422347;CHEMBL422758;CHEMBL428534;CHEMBL460731;CHEMBL460732;CHEMBL47940;CHEMBL493428;CHEMBL514436;CHEMBL517907;CHEMBL533849;CHEMBL538507;CHEMBL538757;CHEMBL540292;CHEMBL540701;CHEMBL541307;CHEMBL542887;CHEMBL542891;CHEMBL542893;CHEMBL543361;CHEMBL544067;CHEMBL544074;CHEMBL544538;CHEMBL544770;CHEMBL545006;CHEMBL545315;CHEMBL552859;CHEMBL552860;CHEMBL553;CHEMBL554;CHEMBL55425;CHEMBL55794;CHEMBL56027;CHEMBL56142;CHEMBL56266;CHEMBL56319;CHEMBL56502;CHEMBL56505;CHEMBL56912;CHEMBL56936;CHEMBL57758;CHEMBL57759;CHEMBL57892;CHEMBL57990;CHEMBL59812;CHEMBL607707;CHEMBL60826;CHEMBL61119;CHEMBL939;CHEMBL95320;CHEMBL95774;CHEMBL98798;CHEMBL99024,BRICS,True,pending,pending,,False,0.588,-1.894,0,False,313.45,0.468,2,4,6
GEN_33330ADC,C[N+](C)(C)CC(O)COc1ccc(SC2=NCCS2)cn1,[11*]SC1=NCCS1;[14*]c1ccc([16*])cn1;[3*]O[3*];[4*]CC(O)C[4*];[5*][N+](C)(C)C,CHEMBL101581;CHEMBL111365;CHEMBL113185;CHEMBL113902;CHEMBL114728;CHEMBL115440;CHEMBL116012;CHEMBL117326;CHEMBL1202473;CHEMBL1202477;CHEMBL1202478;CHEMBL135853;CHEMBL140561;CHEMBL14627;CHEMBL14699;CHEMBL14874;CHEMBL14932;CHEMBL14952;CHEMBL15202;CHEMBL15346;CHEMBL155761;CHEMBL160846;CHEMBL168656;CHEMBL168921;CHEMBL1744086;CHEMBL1744347;CHEMBL1744349;CHEMBL1788321;CHEMBL1907763;CHEMBL1907764;CHEMBL1907944;CHEMBL24026;CHEMBL24137;CHEMBL2448064;CHEMBL2448065;CHEMBL2448066;CHEMBL2448067;CHEMBL24828;CHEMBL24979;CHEMBL25425;CHEMBL25450;CHEMBL25579;CHEMBL25610;CHEMBL26641;CHEMBL269620;CHEMBL273789;CHEMBL279459;CHEMBL281872;CHEMBL281990;CHEMBL283088;CHEMBL286160;CHEMBL291359;CHEMBL291514;CHEMBL293064;CHEMBL293090;CHEMBL294034;CHEMBL294395;CHEMBL299672;CHEMBL299893;CHEMBL300791;CHEMBL304271;CHEMBL31965;CHEMBL322066;CHEMBL324030;CHEMBL335648;CHEMBL335931;CHEMBL338449;CHEMBL344486;CHEMBL348146;CHEMBL353823;CHEMBL416191;CHEMBL419022;CHEMBL421326;CHEMBL422292;CHEMBL422347;CHEMBL422758;CHEMBL428534;CHEMBL460731;CHEMBL460732;CHEMBL47940;CHEMBL493428;CHEMBL514436;CHEMBL517907;CHEMBL533849;CHEMBL538507;CHEMBL538757;CHEMBL540292;CHEMBL540701;CHEMBL541307;CHEMBL542887;CHEMBL542891;CHEMBL542893;CHEMBL543361;CHEMBL544067;CHEMBL544074;CHEMBL544538;CHEMBL544770;CHEMBL545006;CHEMBL545315;CHEMBL552859;CHEMBL552860;CHEMBL553;CHEMBL554;CHEMBL55425;CHEMBL55794;CHEMBL56027;CHEMBL56142;CHEMBL56266;CHEMBL56319;CHEMBL56502;CHEMBL56505;CHEMBL56912;CHEMBL56936;CHEMBL57758;CHEMBL57759;CHEMBL57892;CHEMBL57990;CHEMBL59812;CHEMBL607707;CHEMBL60826;CHEMBL61119;CHEMBL939;CHEMBL95320;CHEMBL95774;CHEMBL98798;CHEMBL99024,BRICS,True,pending,pending,,False,0.806,-2.777,0,False,328.48,1.722,1,6,6
GEN_8547194F,C[N+](C)(C)CC(O)COc1ccc(-c2cc(O)c(O)c([N+](=O)[O-])c2)cn1,[14*]c1ccc([16*])cn1;[16*]c1cc(O)c(O)c([N+](=O)[O-])c1;[3*]O[3*];[4*]CC(O)C[4*];[5*][N+](C)(C)C,CHEMBL101581;CHEMBL111365;CHEMBL113185;CHEMBL113902;CHEMBL114728;CHEMBL115440;CHEMBL116012;CHEMBL117326;CHEMBL1202473;CHEMBL1202477;CHEMBL1202478;CHEMBL135853;CHEMBL140561;CHEMBL144632;CHEMBL14627;CHEMBL14699;CHEMBL14874;CHEMBL14932;CHEMBL14952;CHEMBL15202;CHEMBL15346;CHEMBL155761;CHEMBL160846;CHEMBL168656;CHEMBL168921;CHEMBL1744086;CHEMBL1744347;CHEMBL1744349;CHEMBL1788321;CHEMBL1907763;CHEMBL1907764;CHEMBL1907944;CHEMBL24026;CHEMBL24137;CHEMBL2448064;CHEMBL2448065;CHEMBL2448066;CHEMBL2448067;CHEMBL24828;CHEMBL24979;CHEMBL25425;CHEMBL25450;CHEMBL25579;CHEMBL25610;CHEMBL26641;CHEMBL269620;CHEMBL273789;CHEMBL279459;CHEMBL281872;CHEMBL281990;CHEMBL283088;CHEMBL286160;CHEMBL291359;CHEMBL291514;CHEMBL293064;CHEMBL293090;CHEMBL294034;CHEMBL294395;CHEMBL299672;CHEMBL299893;CHEMBL300791;CHEMBL304271;CHEMBL31965;CHEMBL322066;CHEMBL335648;CHEMBL335931;CHEMBL338449;CHEMBL344486;CHEMBL348146;CHEMBL353823;CHEMBL416191;CHEMBL419022;CHEMBL421326;CHEMBL422292;CHEMBL422347;CHEMBL422758;CHEMBL428534;CHEMBL460731;CHEMBL460732;CHEMBL47940;CHEMBL493428;CHEMBL514436;CHEMBL517907;CHEMBL533849;CHEMBL538507;CHEMBL538757;CHEMBL540292;CHEMBL540701;CHEMBL541307;CHEMBL542887;CHEMBL542891;CHEMBL542893;CHEMBL543361;CHEMBL544067;CHEMBL544074;CHEMBL544538;CHEMBL544770;CHEMBL545006;CHEMBL545315;CHEMBL552859;CHEMBL552860;CHEMBL553;CHEMBL554;CHEMBL55425;CHEMBL55794;CHEMBL56027;CHEMBL56142;CHEMBL56266;CHEMBL56319;CHEMBL56502;CHEMBL56505;CHEMBL56912;CHEMBL56936;CHEMBL57758;CHEMBL57759;CHEMBL57892;CHEMBL57990;CHEMBL59812;CHEMBL607707;CHEMBL60826;CHEMBL61119;CHEMBL939;CHEMBL95320;CHEMBL95774;CHEMBL98798;CHEMBL99024,BRICS,True,pending,pending,,False,0.294,-2.932,1,True,364.38,1.514,3,7,7
GEN_0B9402CA,C[N+](C)(C)CC(O)COC1CCCC[C@@H]1OC(F)(F)F,[15*]C1CCCC[C@@H]1[15*];[3*]OC(F)(F)F;[3*]O[3*];[4*]CC(O)C[4*];[5*][N+](C)(C)C,CHEMBL101581;CHEMBL113902;CHEMBL114728;CHEMBL115440;CHEMBL116012;CHEMBL117326;CHEMBL1202473;CHEMBL1202477;CHEMBL1202478;CHEMBL135853;CHEMBL140561;CHEMBL144778;CHEMBL14627;CHEMBL14699;CHEMBL14874;CHEMBL14932;CHEMBL14952;CHEMBL15202;CHEMBL15346;CHEMBL155761;CHEMBL160846;CHEMBL168656;CHEMBL168921;CHEMBL1744086;CHEMBL1744347;CHEMBL1744349;CHEMBL1788321;CHEMBL1907763;CHEMBL1907764;CHEMBL1907944;CHEMBL24026;CHEMBL24137;CHEMBL2448064;CHEMBL2448065;CHEMBL2448066;CHEMBL2448067;CHEMBL24828;CHEMBL24979;CHEMBL25425;CHEMBL25450;CHEMBL25579;CHEMBL25610;CHEMBL26641;CHEMBL269620;CHEMBL273789;CHEMBL279459;CHEMBL281872;CHEMBL281990;CHEMBL283088;CHEMBL286160;CHEMBL291359;CHEMBL291514;CHEMBL293064;CHEMBL293090;CHEMBL294034;CHEMBL294395;CHEMBL299672;CHEMBL299893;CHEMBL300791;CHEMBL304271;CHEMBL31965;CHEMBL335648;CHEMBL335931;CHEMBL338449;CHEMBL344486;CHEMBL348146;CHEMBL353823;CHEMBL416191;CHEMBL419022;CHEMBL421047;CHEMBL421326;CHEMBL422292;CHEMBL422347;CHEMBL422758;CHEMBL428534;CHEMBL460731;CHEMBL460732;CHEMBL47940;CHEMBL493428;CHEMBL514436;CHEMBL517907;CHEMBL533849;CHEMBL538507;CHEMBL538757;CHEMBL540292;CHEMBL540701;CHEMBL541307;CHEMBL542887;CHEMBL542891;CHEMBL542893;CHEMBL543361;CHEMBL544067;CHEMBL544074;CHEMBL544538;CHEMBL544770;CHEMBL545006;CHEMBL545315;CHEMBL552859;CHEMBL552860;CHEMBL553;CHEMBL554;CHEMBL55425;CHEMBL55794;CHEMBL56027;CHEMBL56142;CHEMBL56266;CHEMBL56319;CHEMBL56502;CHEMBL56505;CHEMBL56912;CHEMBL56936;CHEMBL57758;CHEMBL57759;CHEMBL57892;CHEMBL57990;CHEMBL59812;CHEMBL607707;CHEMBL60826;CHEMBL61119;CHEMBL939;CHEMBL95320;CHEMBL95774;CHEMBL98798;CHEMBL99024,BRICS,True,pending,pending,,False,0.762,-2.514,0,False,300.34,1.918,1,3,6
GEN_6F116C63,C[N+](C)(C)CC(O)COC1CCCC[C@@H]1SC1=NCCS1,[11*]SC1=NCCS1;[15*]C1CCCC[C@@H]1[15*];[3*]O[3*];[4*]CC(O)C[4*];[5*][N+](C)(C)C,CHEMBL101581;CHEMBL113902;CHEMBL114728;CHEMBL115440;CHEMBL116012;CHEMBL117326;CHEMBL1202473;CHEMBL1202477;CHEMBL1202478;CHEMBL135853;CHEMBL140561;CHEMBL144778;CHEMBL14627;CHEMBL14699;CHEMBL14874;CHEMBL14932;CHEMBL14952;CHEMBL15202;CHEMBL15346;CHEMBL155761;CHEMBL160846;CHEMBL168656;CHEMBL168921;CHEMBL1744086;CHEMBL1744347;CHEMBL1744349;CHEMBL1788321;CHEMBL1907763;CHEMBL1907764;CHEMBL1907944;CHEMBL24026;CHEMBL24137;CHEMBL2448064;CHEMBL2448065;CHEMBL2448066;CHEMBL2448067;CHEMBL24828;CHEMBL24979;CHEMBL25425;CHEMBL25450;CHEMBL25579;CHEMBL25610;CHEMBL26641;CHEMBL269620;CHEMBL273789;CHEMBL279459;CHEMBL281872;CHEMBL281990;CHEMBL283088;CHEMBL286160;CHEMBL291359;CHEMBL291514;CHEMBL293064;CHEMBL293090;CHEMBL294034;CHEMBL294395;CHEMBL299672;CHEMBL299893;CHEMBL300791;CHEMBL304271;CHEMBL31965;CHEMBL324030;CHEMBL335648;CHEMBL335931;CHEMBL338449;CHEMBL344486;CHEMBL348146;CHEMBL353823;CHEMBL416191;CHEMBL419022;CHEMBL421326;CHEMBL422292;CHEMBL422347;CHEMBL422758;CHEMBL428534;CHEMBL460731;CHEMBL460732;CHEMBL47940;CHEMBL493428;CHEMBL514436;CHEMBL517907;CHEMBL533849;CHEMBL538507;CHEMBL538757;CHEMBL540292;CHEMBL540701;CHEMBL541307;CHEMBL542887;CHEMBL542891;CHEMBL542893;CHEMBL543361;CHEMBL544067;CHEMBL544074;CHEMBL544538;CHEMBL544770;CHEMBL545006;CHEMBL545315;CHEMBL552859;CHEMBL552860;CHEMBL553;CHEMBL554;CHEMBL55425;CHEMBL55794;CHEMBL56027;CHEMBL56142;CHEMBL56266;CHEMBL56319;CHEMBL56502;CHEMBL56505;CHEMBL56912;CHEMBL56936;CHEMBL57758;CHEMBL57759;CHEMBL57892;CHEMBL57990;CHEMBL59812;CHEMBL607707;CHEMBL60826;CHEMBL61119;CHEMBL939;CHEMBL95320;CHEMBL95774;CHEMBL98798;CHEMBL99024,BRICS,True,pending,pending,,False,0.757,-2.909,0,False,333.54,2.217,1,5,6
GEN_A5315F33,C[N+](C)(C)CC(O)COC1CCCC[C@@H]1c1nc2ccccc2s1,[14*]c1nc2ccccc2s1;[15*]C1CCCC[C@@H]1[15*];[3*]O[3*];[4*]CC(O)C[4*];[5*][N+](C)(C)C,CHEMBL101581;CHEMBL113902;CHEMBL114728;CHEMBL115440;CHEMBL116012;CHEMBL117326;CHEMBL118109;CHEMBL1202473;CHEMBL1202477;CHEMBL1202478;CHEMBL135853;CHEMBL140561;CHEMBL144778;CHEMBL14627;CHEMBL14699;CHEMBL14874;CHEMBL14932;CHEMBL14952;CHEMBL15202;CHEMBL15346;CHEMBL155761;CHEMBL160846;CHEMBL168656;CHEMBL168921;CHEMBL1744086;CHEMBL1744347;CHEMBL1744349;CHEMBL1788321;CHEMBL1907763;CHEMBL1907764;CHEMBL1907944;CHEMBL24026;CHEMBL24137;CHEMBL2448064;CHEMBL2448065;CHEMBL2448066;CHEMBL2448067;CHEMBL24828;CHEMBL24979;CHEMBL25425;CHEMBL25450;CHEMBL25579;CHEMBL25610;CHEMBL26641;CHEMBL269620;CHEMBL273789;CHEMBL279459;CHEMBL281872;CHEMBL281990;CHEMBL283088;CHEMBL286160;CHEMBL291359;CHEMBL291514;CHEMBL293064;CHEMBL293090;CHEMBL294034;CHEMBL294395;CHEMBL299672;CHEMBL299893;CHEMBL300791;CHEMBL304271;CHEMBL31965;CHEMBL335648;CHEMBL335931;CHEMBL338449;CHEMBL344486;CHEMBL348146;CHEMBL353823;CHEMBL416191;CHEMBL419022;CHEMBL421326;CHEMBL422292;CHEMBL422347;CHEMBL422758;CHEMBL428534;CHEMBL460731;CHEMBL460732;CHEMBL47940;CHEMBL493428;CHEMBL514436;CHEMBL517907;CHEMBL533849;CHEMBL538507;CHEMBL538757;CHEMBL540292;CHEMBL540701;CHEMBL541307;CHEMBL542887;CHEMBL542891;CHEMBL542893;CHEMBL543361;CHEMBL544067;CHEMBL544074;CHEMBL544538;CHEMBL544770;CHEMBL545006;CHEMBL545315;CHEMBL552859;CHEMBL552860;CHEMBL553;CHEMBL554;CHEMBL55425;CHEMBL55794;CHEMBL56027;CHEMBL56142;CHEMBL56266;CHEMBL56319;CHEMBL56502;CHEMBL56505;CHEMBL56912;CHEMBL56936;CHEMBL57758;CHEMBL57759;CHEMBL57892;CHEMBL57990;CHEMBL59812;CHEMBL607707;CHEMBL60826;CHEMBL61119;CHEMBL939;CHEMBL95320;CHEMBL95774;CHEMBL98798;CHEMBL99024,BRICS,True,pending,pending,,False,0.813,-4.034,0,False,349.52,3.406,1,4,6
GEN_F6C3491D,Cn1c(OCC(O)C[N+](C)(C)C)c(-c2ccc(C#N)cc2F)c2cc(O)ccc21,[14*]c1c([16*])c2cc(O)ccc2n1C;[16*]c1ccc(C#N)cc1F;[3*]O[3*];[4*]CC(O)C[4*];[5*][N+](C)(C)C,CHEMBL101581;CHEMBL113902;CHEMBL114728;CHEMBL115440;CHEMBL116012;CHEMBL117326;CHEMBL1202473;CHEMBL1202477;CHEMBL1202478;CHEMBL135853;CHEMBL140561;CHEMBL14627;CHEMBL14699;CHEMBL14874;CHEMBL14932;CHEMBL14952;CHEMBL15202;CHEMBL15346;CHEMBL155761;CHEMBL160846;CHEMBL168656;CHEMBL168921;CHEMBL1744086;CHEMBL1744347;CHEMBL1744349;CHEMBL1788321;CHEMBL1907763;CHEMBL1907764;CHEMBL1907944;CHEMBL24026;CHEMBL24137;CHEMBL2448064;CHEMBL2448065;CHEMBL2448066;CHEMBL2448067;CHEMBL24828;CHEMBL24979;CHEMBL25425;CHEMBL25450;CHEMBL25579;CHEMBL25610;CHEMBL26641;CHEMBL269620;CHEMBL273789;CHEMBL279459;CHEMBL281872;CHEMBL281990;CHEMBL283088;CHEMBL286160;CHEMBL291359;CHEMBL291514;CHEMBL293064;CHEMBL293090;CHEMBL293250;CHEMBL294034;CHEMBL294395;CHEMBL299672;CHEMBL299893;CHEMBL300791;CHEMBL304271;CHEMBL31965;CHEMBL335648;CHEMBL335931;CHEMBL338449;CHEMBL344486;CHEMBL348146;CHEMBL353823;CHEMBL416191;CHEMBL419022;CHEMBL421326;CHEMBL422292;CHEMBL422347;CHEMBL422758;CHEMBL428534;CHEMBL460731;CHEMBL460732;CHEMBL47940;CHEMBL493428;CHEMBL514436;CHEMBL517907;CHEMBL533849;CHEMBL538507;CHEMBL538757;CHEMBL540292;CHEMBL540701;CHEMBL541307;CHEMBL542887;CHEMBL542891;CHEMBL542893;CHEMBL543361;CHEMBL544067;CHEMBL544074;CHEMBL544538;CHEMBL544770;CHEMBL545006;CHEMBL545315;CHEMBL552859;CHEMBL552860;CHEMBL553;CHEMBL554;CHEMBL55425;CHEMBL55794;CHEMBL56027;CHEMBL56142;CHEMBL56266;CHEMBL56319;CHEMBL56502;CHEMBL56505;CHEMBL56912;CHEMBL56936;CHEMBL57758;CHEMBL57759;CHEMBL57892;CHEMBL57990;CHEMBL59812;CHEMBL607707;CHEMBL60826;CHEMBL61119;CHEMBL939;CHEMBL95320;CHEMBL95774;CHEMBL98798;CHEMBL99024,BRICS,True,pending,pending,,False,0.626,-4.192,0,False,398.46,3.008,2,4,6
GEN_C332BF36,C[N+](C)(C)CC(O)COc1ccc2c(CCCC(=O)O)ncnc2c1,[14*]c1ncnc2cc([16*])ccc12;[3*]O[3*];[4*]CC(O)C[4*];[5*][N+](C)(C)C;[8*]CCCC(=O)O,CHEMBL101581;CHEMBL113070;CHEMBL113902;CHEMBL114728;CHEMBL115440;CHEMBL116012;CHEMBL117326;CHEMBL1202473;CHEMBL1202477;CHEMBL1202478;CHEMBL135853;CHEMBL140561;CHEMBL14627;CHEMBL14699;CHEMBL14874;CHEMBL14932;CHEMBL14952;CHEMBL15202;CHEMBL15346;CHEMBL155761;CHEMBL160846;CHEMBL168656;CHEMBL168921;CHEMBL1744086;CHEMBL1744347;CHEMBL1744349;CHEMBL1788321;CHEMBL1907763;CHEMBL1907764;CHEMBL1907944;CHEMBL24026;CHEMBL24137;CHEMBL2448064;CHEMBL2448065;CHEMBL2448066;CHEMBL2448067;CHEMBL24828;CHEMBL24979;CHEMBL25425;CHEMBL25450;CHEMBL25579;CHEMBL25610;CHEMBL26641;CHEMBL269620;CHEMBL273789;CHEMBL279459;CHEMBL281872;CHEMBL281990;CHEMBL283088;CHEMBL286160;CHEMBL291359;CHEMBL291514;CHEMBL293064;CHEMBL293090;CHEMBL294034;CHEMBL294395;CHEMBL299672;CHEMBL299893;CHEMBL300791;CHEMBL304271;CHEMBL31965;CHEMBL335648;CHEMBL335931;CHEMBL338449;CHEMBL344486;CHEMBL348146;CHEMBL353823;CHEMBL416191;CHEMBL419022;CHEMBL421326;CHEMBL422292;CHEMBL422347;CHEMBL422758;CHEMBL428534;CHEMBL460731;CHEMBL460732;CHEMBL47940;CHEMBL493428;CHEMBL514436;CHEMBL517907;CHEMBL533849;CHEMBL538507;CHEMBL538757;CHEMBL540292;CHEMBL540701;CHEMBL541307;CHEMBL542887;CHEMBL542891;CHEMBL542893;CHEMBL543361;CHEMBL544067;CHEMBL544074;CHEMBL544538;CHEMBL544770;CHEMBL545006;CHEMBL545315;CHEMBL552859;CHEMBL552860;CHEMBL553;CHEMBL554;CHEMBL55425;CHEMBL55794;CHEMBL56027;CHEMBL56142;CHEMBL56266;CHEMBL56319;CHEMBL56502;CHEMBL56505;CHEMBL56912;CHEMBL56936;CHEMBL57758;CHEMBL57759;CHEMBL57892;CHEMBL57990;CHEMBL59812;CHEMBL607707;CHEMBL60826;CHEMBL61119;CHEMBL79531;CHEMBL82214;CHEMBL92812;CHEMBL939;CHEMBL95320;CHEMBL95774;CHEMBL98798;CHEMBL99024,BRICS,True,pending,pending,,False,0.667,-2.637,0,False,348.42,1.483,2,5,9
GEN_72B8CA4D,Cc1[nH]c(OCC(O)C[N+](C)(C)C)c(C)c1OC(F)(F)F,[14*]c1[nH]c(C)c([16*])c1C;[3*]OC(F)(F)F;[3*]O[3*];[4*]CC(O)C[4*];[5*][N+](C)(C)C,CHEMBL101581;CHEMBL113902;CHEMBL114728;CHEMBL115440;CHEMBL116012;CHEMBL117326;CHEMBL1202473;CHEMBL1202477;CHEMBL1202478;CHEMBL135853;CHEMBL140561;CHEMBL14627;CHEMBL146694;CHEMBL14699;CHEMBL14874;CHEMBL149201;CHEMBL14932;CHEMBL14952;CHEMBL150177;CHEMBL15202;CHEMBL15346;CHEMBL155761;CHEMBL160846;CHEMBL168656;CHEMBL168921;CHEMBL1744086;CHEMBL1744347;CHEMBL1744349;CHEMBL1788321;CHEMBL1907763;CHEMBL1907764;CHEMBL1907944;CHEMBL24026;CHEMBL24137;CHEMBL2448064;CHEMBL2448065;CHEMBL2448066;CHEMBL2448067;CHEMBL24828;CHEMBL24979;CHEMBL25425;CHEMBL25450;CHEMBL25579;CHEMBL25610;CHEMBL26641;CHEMBL269620;CHEMBL273789;CHEMBL279459;CHEMBL281872;CHEMBL281990;CHEMBL283088;CHEMBL286160;CHEMBL291359;CHEMBL291514;CHEMBL293064;CHEMBL293090;CHEMBL294034;CHEMBL294395;CHEMBL299672;CHEMBL299893;CHEMBL300791;CHEMBL304271;CHEMBL305782;CHEMBL31965;CHEMBL335648;CHEMBL335931;CHEMBL338449;CHEMBL344486;CHEMBL348146;CHEMBL353823;CHEMBL358728;CHEMBL416191;CHEMBL419022;CHEMBL421047;CHEMBL421326;CHEMBL422292;CHEMBL422347;CHEMBL422758;CHEMBL428534;CHEMBL432903;CHEMBL460731;CHEMBL460732;CHEMBL47940;CHEMBL493428;CHEMBL514436;CHEMBL517907;CHEMBL533849;CHEMBL538507;CHEMBL538757;CHEMBL540292;CHEMBL540701;CHEMBL541307;CHEMBL542887;CHEMBL542891;CHEMBL542893;CHEMBL543361;CHEMBL544067;CHEMBL544074;CHEMBL544538;CHEMBL544770;CHEMBL545006;CHEMBL545315;CHEMBL552859;CHEMBL552860;CHEMBL553;CHEMBL554;CHEMBL55425;CHEMBL55794;CHEMBL56027;CHEMBL56142;CHEMBL56266;CHEMBL56319;CHEMBL56502;CHEMBL56505;CHEMBL56912;CHEMBL56936;CHEMBL57758;CHEMBL57759;CHEMBL57892;CHEMBL57990;CHEMBL59812;CHEMBL607707;CHEMBL60826;CHEMBL61119;CHEMBL939;CHEMBL95320;CHEMBL95774;CHEMBL98798;CHEMBL99024,BRICS,True,pending,pending,,False,0.79,-2.795,0,False,311.32,1.976,2,3,6
GEN_4841C597,C[N+](C)(C)CC(O)COc1c(O)cc(O)c2c(=O)cc(-c3ncnc4cnc(S(=O)(=O)CCO)cc34)oc12,[14*]c1cc(=O)c2c(O)cc(O)c([16*])c2o1;[14*]c1ncnc2cnc(S(=O)(=O)CCO)cc12;[3*]O[3*];[4*]CC(O)C[4*];[5*][N+](C)(C)C,CHEMBL101581;CHEMBL113902;CHEMBL114728;CHEMBL115440;CHEMBL116012;CHEMBL117326;CHEMBL1202473;CHEMBL1202477;CHEMBL1202478;CHEMBL135853;CHEMBL140561;CHEMBL14627;CHEMBL14699;CHEMBL14874;CHEMBL14932;CHEMBL14952;CHEMBL15202;CHEMBL15346;CHEMBL155761;CHEMBL160846;CHEMBL168656;CHEMBL168921;CHEMBL1744086;CHEMBL1744347;CHEMBL1744349;CHEMBL1788321;CHEMBL1907763;CHEMBL1907764;CHEMBL1907944;CHEMBL24026;CHEMBL24137;CHEMBL2448064;CHEMBL2448065;CHEMBL2448066;CHEMBL2448067;CHEMBL24828;CHEMBL24979;CHEMBL25425;CHEMBL25450;CHEMBL25579;CHEMBL25610;CHEMBL26641;CHEMBL269620;CHEMBL273789;CHEMBL279459;CHEMBL281872;CHEMBL281990;CHEMBL283088;CHEMBL286160;CHEMBL291359;CHEMBL291514;CHEMBL293064;CHEMBL293090;CHEMBL294034;CHEMBL294395;CHEMBL299672;CHEMBL299893;CHEMBL300791;CHEMBL304271;CHEMBL31965;CHEMBL335440;CHEMBL335648;CHEMBL335931;CHEMBL338449;CHEMBL344486;CHEMBL348146;CHEMBL353823;CHEMBL416191;CHEMBL418203;CHEMBL419022;CHEMBL421326;CHEMBL422292;CHEMBL422347;CHEMBL422758;CHEMBL428534;CHEMBL428690;CHEMBL460731;CHEMBL460732;CHEMBL47940;CHEMBL493428;CHEMBL514436;CHEMBL517907;CHEMBL533849;CHEMBL538507;CHEMBL538757;CHEMBL540292;CHEMBL540701;CHEMBL541307;CHEMBL542887;CHEMBL542891;CHEMBL542893;CHEMBL543361;CHEMBL544067;CHEMBL544074;CHEMBL544538;CHEMBL544770;CHEMBL545006;CHEMBL545315;CHEMBL552859;CHEMBL552860;CHEMBL553;CHEMBL554;CHEMBL55425;CHEMBL55794;CHEMBL56027;CHEMBL56142;CHEMBL56266;CHEMBL56319;CHEMBL56502;CHEMBL56505;CHEMBL56912;CHEMBL56936;CHEMBL57758;CHEMBL57759;CHEMBL57892;CHEMBL57990;CHEMBL59812;CHEMBL607707;CHEMBL60826;CHEMBL61119;CHEMBL939;CHEMBL95320;CHEMBL95774;CHEMBL98798;CHEMBL99024,BRICS,True,pending,pending,,False,0.211,-3.296,0,False,547.57,0.421,4,12,9
GEN_434A0FA5,C[N+](C)(C)CC(O)COc1ccc2c(-c3nc(N)nc4[nH]c5ccccc5c34)ncnc2c1,[14*]c1nc(N)nc2[nH]c3ccccc3c12;[14*]c1ncnc2cc([16*])ccc12;[3*]O[3*];[4*]CC(O)C[4*];[5*][N+](C)(C)C,CHEMBL101581;CHEMBL113902;CHEMBL114728;CHEMBL115440;CHEMBL116012;CHEMBL117326;CHEMBL1202473;CHEMBL1202477;CHEMBL1202478;CHEMBL135853;CHEMBL140561;CHEMBL14627;CHEMBL14699;CHEMBL14874;CHEMBL14932;CHEMBL14952;CHEMBL15202;CHEMBL15346;CHEMBL155761;CHEMBL160846;CHEMBL168656;CHEMBL168921;CHEMBL1744086;CHEMBL1744347;CHEMBL1744349;CHEMBL1788321;CHEMBL1907763;CHEMBL1907764;CHEMBL1907944;CHEMBL24026;CHEMBL24137;CHEMBL2448064;CHEMBL2448065;CHEMBL2448066;CHEMBL2448067;CHEMBL24828;CHEMBL24979;CHEMBL25425;CHEMBL25450;CHEMBL25579;CHEMBL25610;CHEMBL26641;CHEMBL269620;CHEMBL273789;CHEMBL279459;CHEMBL281872;CHEMBL281990;CHEMBL283088;CHEMBL286160;CHEMBL291359;CHEMBL291514;CHEMBL293064;CHEMBL293090;CHEMBL294034;CHEMBL294395;CHEMBL299672;CHEMBL299893;CHEMBL300791;CHEMBL304271;CHEMBL31965;CHEMBL335648;CHEMBL335931;CHEMBL338449;CHEMBL344486;CHEMBL345988;CHEMBL348146;CHEMBL353823;CHEMBL416191;CHEMBL419022;CHEMBL421326;CHEMBL422292;CHEMBL422347;CHEMBL422758;CHEMBL428534;CHEMBL460731;CHEMBL460732;CHEMBL47940;CHEMBL493428;CHEMBL514436;CHEMBL517907;CHEMBL533849;CHEMBL538507;CHEMBL538757;CHEMBL540292;CHEMBL540701;CHEMBL541307;CHEMBL542887;CHEMBL542891;CHEMBL542893;CHEMBL543361;CHEMBL544067;CHEMBL544074;CHEMBL544538;CHEMBL544770;CHEMBL545006;CHEMBL545315;CHEMBL552859;CHEMBL552860;CHEMBL553;CHEMBL554;CHEMBL55425;CHEMBL55794;CHEMBL56027;CHEMBL56142;CHEMBL56266;CHEMBL56319;CHEMBL56502;CHEMBL56505;CHEMBL56912;CHEMBL56936;CHEMBL57758;CHEMBL57759;CHEMBL57892;CHEMBL57990;CHEMBL59812;CHEMBL607707;CHEMBL60826;CHEMBL61119;CHEMBL92812;CHEMBL939;CHEMBL95320;CHEMBL95774;CHEMBL98798;CHEMBL99024,BRICS,True,pending,pending,,False,0.344,-4.448,0,False,444.52,2.749,3,7,6
GEN_621CB4B2,CNC(=S)N(C)c1c(C#N)cnc2cc(OCC(O)C[N+](C)(C)C)ccc12,[16*]c1ccc2c([16*])c(C#N)cnc2c1;[3*]O[3*];[4*]CC(O)C[4*];[5*]N(C)C(=S)NC;[5*][N+](C)(C)C,CHEMBL101581;CHEMBL113902;CHEMBL114728;CHEMBL115440;CHEMBL116012;CHEMBL117326;CHEMBL1202473;CHEMBL1202477;CHEMBL1202478;CHEMBL135853;CHEMBL140561;CHEMBL14627;CHEMBL14699;CHEMBL14874;CHEMBL14932;CHEMBL14952;CHEMBL15202;CHEMBL15346;CHEMBL155761;CHEMBL160846;CHEMBL168656;CHEMBL168921;CHEMBL1744086;CHEMBL1744347;CHEMBL1744349;CHEMBL1788321;CHEMBL1907763;CHEMBL1907764;CHEMBL1907944;CHEMBL24026;CHEMBL24137;CHEMBL2448064;CHEMBL2448065;CHEMBL2448066;CHEMBL2448067;CHEMBL24828;CHEMBL24979;CHEMBL25425;CHEMBL25450;CHEMBL25579;CHEMBL25610;CHEMBL26641;CHEMBL269620;CHEMBL273789;CHEMBL279459;CHEMBL281872;CHEMBL281990;CHEMBL283088;CHEMBL286160;CHEMBL291359;CHEMBL291514;CHEMBL293064;CHEMBL293090;CHEMBL294034;CHEMBL294395;CHEMBL299672;CHEMBL299893;CHEMBL300791;CHEMBL304271;CHEMBL31965;CHEMBL322395;CHEMBL335648;CHEMBL335931;CHEMBL337035;CHEMBL338449;CHEMBL344486;CHEMBL348146;CHEMBL353823;CHEMBL416191;CHEMBL419022;CHEMBL421326;CHEMBL422292;CHEMBL422347;CHEMBL422758;CHEMBL428534;CHEMBL460731;CHEMBL460732;CHEMBL47940;CHEMBL493428;CHEMBL514436;CHEMBL517907;CHEMBL533849;CHEMBL538507;CHEMBL538757;CHEMBL540292;CHEMBL540701;CHEMBL541307;CHEMBL542887;CHEMBL542891;CHEMBL542893;CHEMBL543361;CHEMBL544067;CHEMBL544074;CHEMBL544538;CHEMBL544770;CHEMBL545006;CHEMBL545315;CHEMBL552859;CHEMBL552860;CHEMBL553;CHEMBL554;CHEMBL55425;CHEMBL55794;CHEMBL56027;CHEMBL56142;CHEMBL56266;CHEMBL56319;CHEMBL56502;CHEMBL56505;CHEMBL56912;CHEMBL56936;CHEMBL57758;CHEMBL57759;CHEMBL57892;CHEMBL57990;CHEMBL59812;CHEMBL607707;CHEMBL60826;CHEMBL61119;CHEMBL939;CHEMBL95320;CHEMBL95774;CHEMBL98798;CHEMBL99024,BRICS,True,pending,pending,,False,0.573,-3.067,0,False,388.52,1.493,2,5,6
GEN_A5ECFDB0,CN1CCC(n2c3ccccc3c3c(OCC(O)C[N+](C)(C)C)ncnc32)[C@@H](O)C1,[15*]C1CCN(C)C[C@@H]1O;[3*]O[3*];[4*]CC(O)C[4*];[5*][N+](C)(C)C;[9*]n1c2ccccc2c2c([14*])ncnc21,CHEMBL101581;CHEMBL113902;CHEMBL114728;CHEMBL115440;CHEMBL116012;CHEMBL117326;CHEMBL1202473;CHEMBL1202477;CHEMBL1202478;CHEMBL135853;CHEMBL140561;CHEMBL14627;CHEMBL14699;CHEMBL14874;CHEMBL14932;CHEMBL14952;CHEMBL15202;CHEMBL15346;CHEMBL155761;CHEMBL160846;CHEMBL168656;CHEMBL168921;CHEMBL1744086;CHEMBL1744347;CHEMBL1744349;CHEMBL1788321;CHEMBL1907763;CHEMBL1907764;CHEMBL1907944;CHEMBL24026;CHEMBL24137;CHEMBL2448064;CHEMBL2448065;CHEMBL2448066;CHEMBL2448067;CHEMBL24828;CHEMBL24979;CHEMBL25425;CHEMBL25450;CHEMBL25579;CHEMBL25610;CHEMBL26641;CHEMBL269620;CHEMBL273789;CHEMBL279459;CHEMBL281872;CHEMBL281990;CHEMBL283088;CHEMBL286160;CHEMBL291359;CHEMBL291514;CHEMBL293064;CHEMBL293090;CHEMBL294034;CHEMBL294395;CHEMBL299672;CHEMBL299893;CHEMBL300791;CHEMBL304271;CHEMBL31965;CHEMBL335648;CHEMBL335931;CHEMBL338449;CHEMBL344486;CHEMBL348146;CHEMBL353823;CHEMBL416191;CHEMBL418203;CHEMBL419022;CHEMBL421326;CHEMBL422292;CHEMBL422347;CHEMBL422758;CHEMBL428534;CHEMBL448730;CHEMBL460731;CHEMBL460732;CHEMBL47940;CHEMBL493428;CHEMBL514436;CHEMBL517907;CHEMBL533849;CHEMBL538507;CHEMBL538757;CHEMBL540292;CHEMBL540701;CHEMBL541307;CHEMBL542887;CHEMBL542891;CHEMBL542893;CHEMBL543361;CHEMBL544067;CHEMBL544074;CHEMBL544538;CHEMBL544770;CHEMBL545006;CHEMBL545315;CHEMBL552859;CHEMBL552860;CHEMBL553;CHEMBL554;CHEMBL55425;CHEMBL55794;CHEMBL56027;CHEMBL56142;CHEMBL56266;CHEMBL56319;CHEMBL56502;CHEMBL56505;CHEMBL56912;CHEMBL56936;CHEMBL57758;CHEMBL57759;CHEMBL57892;CHEMBL57990;CHEMBL59812;CHEMBL607707;CHEMBL60826;CHEMBL61119;CHEMBL939;CHEMBL95320;CHEMBL95774;CHEMBL98798;CHEMBL99024,BRICS,True,pending,pending,,False,0.591,-3.134,0,False,414.53,1.268,2,6,6
GEN_A86C0140,C[N+](C)(C)CC(O)COc1c(O)cc(O)c2c(=O)cc(SC3=NCCS3)oc12,[11*]SC1=NCCS1;[14*]c1cc(=O)c2c(O)cc(O)c([16*])c2o1;[3*]O[3*];[4*]CC(O)C[4*];[5*][N+](C)(C)C,CHEMBL101581;CHEMBL113902;CHEMBL114728;CHEMBL115440;CHEMBL116012;CHEMBL117326;CHEMBL1202473;CHEMBL1202477;CHEMBL1202478;CHEMBL135853;CHEMBL140561;CHEMBL14627;CHEMBL14699;CHEMBL14874;CHEMBL14932;CHEMBL14952;CHEMBL15202;CHEMBL15346;CHEMBL155761;CHEMBL160846;CHEMBL168656;CHEMBL168921;CHEMBL1744086;CHEMBL1744347;CHEMBL1744349;CHEMBL1788321;CHEMBL1907763;CHEMBL1907764;CHEMBL1907944;CHEMBL24026;CHEMBL24137;CHEMBL2448064;CHEMBL2448065;CHEMBL2448066;CHEMBL2448067;CHEMBL24828;CHEMBL24979;CHEMBL25425;CHEMBL25450;CHEMBL25579;CHEMBL25610;CHEMBL26641;CHEMBL269620;CHEMBL273789;CHEMBL279459;CHEMBL281872;CHEMBL281990;CHEMBL283088;CHEMBL286160;CHEMBL291359;CHEMBL291514;CHEMBL293064;CHEMBL293090;CHEMBL294034;CHEMBL294395;CHEMBL299672;CHEMBL299893;CHEMBL300791;CHEMBL304271;CHEMBL31965;CHEMBL324030;CHEMBL335648;CHEMBL335931;CHEMBL338449;CHEMBL344486;CHEMBL348146;CHEMBL353823;CHEMBL416191;CHEMBL418203;CHEMBL419022;CHEMBL421326;CHEMBL422292;CHEMBL422347;CHEMBL422758;CHEMBL428534;CHEMBL428690;CHEMBL460731;CHEMBL460732;CHEMBL47940;CHEMBL493428;CHEMBL514436;CHEMBL517907;CHEMBL533849;CHEMBL538507;CHEMBL538757;CHEMBL540292;CHEMBL540701;CHEMBL541307;CHEMBL542887;CHEMBL542891;CHEMBL542893;CHEMBL543361;CHEMBL544067;CHEMBL544074;CHEMBL544538;CHEMBL544770;CHEMBL545006;CHEMBL545315;CHEMBL552859;CHEMBL552860;CHEMBL553;CHEMBL554;CHEMBL55425;CHEMBL55794;CHEMBL56027;CHEMBL56142;CHEMBL56266;CHEMBL56319;CHEMBL56502;CHEMBL56505;CHEMBL56912;CHEMBL56936;CHEMBL57758;CHEMBL57759;CHEMBL57892;CHEMBL57990;CHEMBL59812;CHEMBL607707;CHEMBL60826;CHEMBL61119;CHEMBL939;CHEMBL95320;CHEMBL95774;CHEMBL98798;CHEMBL99024,BRICS,True,pending,pending,,False,0.599,-3.521,0,False,427.52,1.845,3,9,6
GEN_8E3A6658,CN1CCC(c2c(OCC(O)C[N+](C)(C)C)n(C)c3ccc(O)cc23)[C@@H](O)C1,[14*]c1c([16*])c2cc(O)ccc2n1C;[15*]C1CCN(C)C[C@@H]1O;[3*]O[3*];[4*]CC(O)C[4*];[5*][N+](C)(C)C,CHEMBL101581;CHEMBL113902;CHEMBL114728;CHEMBL115440;CHEMBL116012;CHEMBL117326;CHEMBL1202473;CHEMBL1202477;CHEMBL1202478;CHEMBL135853;CHEMBL140561;CHEMBL14627;CHEMBL14699;CHEMBL14874;CHEMBL14932;CHEMBL14952;CHEMBL15202;CHEMBL15346;CHEMBL155761;CHEMBL160846;CHEMBL168656;CHEMBL168921;CHEMBL1744086;CHEMBL1744347;CHEMBL1744349;CHEMBL1788321;CHEMBL1907763;CHEMBL1907764;CHEMBL1907944;CHEMBL24026;CHEMBL24137;CHEMBL2448064;CHEMBL2448065;CHEMBL2448066;CHEMBL2448067;CHEMBL24828;CHEMBL24979;CHEMBL25425;CHEMBL25450;CHEMBL25579;CHEMBL25610;CHEMBL26641;CHEMBL269620;CHEMBL273789;CHEMBL279459;CHEMBL281872;CHEMBL281990;CHEMBL283088;CHEMBL286160;CHEMBL291359;CHEMBL291514;CHEMBL293064;CHEMBL293090;CHEMBL293250;CHEMBL294034;CHEMBL294395;CHEMBL299672;CHEMBL299893;CHEMBL300791;CHEMBL304271;CHEMBL31965;CHEMBL335648;CHEMBL335931;CHEMBL338449;CHEMBL344486;CHEMBL348146;CHEMBL353823;CHEMBL416191;CHEMBL418203;CHEMBL419022;CHEMBL421326;CHEMBL422292;CHEMBL422347;CHEMBL422758;CHEMBL428534;CHEMBL460731;CHEMBL460732;CHEMBL47940;CHEMBL493428;CHEMBL514436;CHEMBL517907;CHEMBL533849;CHEMBL538507;CHEMBL538757;CHEMBL540292;CHEMBL540701;CHEMBL541307;CHEMBL542887;CHEMBL542891;CHEMBL542893;CHEMBL543361;CHEMBL544067;CHEMBL544074;CHEMBL544538;CHEMBL544770;CHEMBL545006;CHEMBL545315;CHEMBL552859;CHEMBL552860;CHEMBL553;CHEMBL554;CHEMBL55425;CHEMBL55794;CHEMBL56027;CHEMBL56142;CHEMBL56266;CHEMBL56319;CHEMBL56502;CHEMBL56505;CHEMBL56912;CHEMBL56936;CHEMBL57758;CHEMBL57759;CHEMBL57892;CHEMBL57990;CHEMBL59812;CHEMBL607707;CHEMBL60826;CHEMBL61119;CHEMBL939;CHEMBL95320;CHEMBL95774;CHEMBL98798;CHEMBL99024,BRICS,True,pending,pending,,False,0.642,-2.815,0,False,392.52,1.11,3,5,6
GEN_01895410,C[N+](C)(C)CC(O)COC1CCCN1c1cc(O)c(O)c([N+](=O)[O-])c1,[16*]c1cc(O)c(O)c([N+](=O)[O-])c1;[3*]O[3*];[4*]CC(O)C[4*];[5*]N1CCCC1[13*];[5*][N+](C)(C)C,CHEMBL101581;CHEMBL113902;CHEMBL114728;CHEMBL115440;CHEMBL116012;CHEMBL117326;CHEMBL1202473;CHEMBL1202477;CHEMBL1202478;CHEMBL135853;CHEMBL140561;CHEMBL144632;CHEMBL14627;CHEMBL14699;CHEMBL14874;CHEMBL14932;CHEMBL14952;CHEMBL15202;CHEMBL15346;CHEMBL155761;CHEMBL157128;CHEMBL160846;CHEMBL168656;CHEMBL168921;CHEMBL1744086;CHEMBL1744347;CHEMBL1744349;CHEMBL1788321;CHEMBL1907763;CHEMBL1907764;CHEMBL1907944;CHEMBL24026;CHEMBL24137;CHEMBL2448064;CHEMBL2448065;CHEMBL2448066;CHEMBL2448067;CHEMBL24828;CHEMBL24979;CHEMBL25425;CHEMBL25450;CHEMBL25579;CHEMBL25610;CHEMBL26641;CHEMBL269620;CHEMBL273789;CHEMBL279459;CHEMBL281872;CHEMBL281990;CHEMBL283088;CHEMBL286160;CHEMBL291359;CHEMBL291514;CHEMBL293064;CHEMBL293090;CHEMBL294034;CHEMBL294395;CHEMBL299672;CHEMBL299893;CHEMBL300791;CHEMBL304271;CHEMBL31965;CHEMBL335648;CHEMBL335931;CHEMBL338449;CHEMBL344486;CHEMBL348146;CHEMBL353823;CHEMBL416191;CHEMBL419022;CHEMBL421326;CHEMBL422292;CHEMBL422347;CHEMBL422758;CHEMBL428534;CHEMBL460731;CHEMBL460732;CHEMBL47940;CHEMBL493428;CHEMBL514436;CHEMBL517907;CHEMBL533849;CHEMBL538507;CHEMBL538757;CHEMBL540292;CHEMBL540701;CHEMBL541307;CHEMBL542887;CHEMBL542891;CHEMBL542893;CHEMBL543361;CHEMBL544067;CHEMBL544074;CHEMBL544538;CHEMBL544770;CHEMBL545006;CHEMBL545315;CHEMBL552859;CHEMBL552860;CHEMBL553;CHEMBL554;CHEMBL55425;CHEMBL55794;CHEMBL56027;CHEMBL56142;CHEMBL56266;CHEMBL56319;CHEMBL56502;CHEMBL56505;CHEMBL56912;CHEMBL56936;CHEMBL57758;CHEMBL57759;CHEMBL57892;CHEMBL57990;CHEMBL59812;CHEMBL607707;CHEMBL60826;CHEMBL61119;CHEMBL939;CHEMBL95320;CHEMBL95774;CHEMBL98798;CHEMBL99024,BRICS,True,pending,pending,,False,0.289,-2.405,1,True,356.4,1.016,3,7,7
GEN_A7281059,C[N+](C)(C)CC(O)COC1CCCC[C@@H]1c1c(F)cc(Br)cc1F,[15*]C1CCCC[C@@H]1[15*];[16*]c1c(F)cc(Br)cc1F;[3*]O[3*];[4*]CC(O)C[4*];[5*][N+](C)(C)C,CHEMBL101581;CHEMBL113902;CHEMBL114728;CHEMBL115440;CHEMBL116012;CHEMBL117326;CHEMBL1202473;CHEMBL1202477;CHEMBL1202478;CHEMBL135853;CHEMBL140561;CHEMBL144778;CHEMBL14627;CHEMBL14699;CHEMBL14874;CHEMBL14932;CHEMBL14952;CHEMBL15202;CHEMBL15346;CHEMBL155761;CHEMBL160846;CHEMBL168656;CHEMBL168921;CHEMBL1744086;CHEMBL1744347;CHEMBL1744349;CHEMBL1788321;CHEMBL1907763;CHEMBL1907764;CHEMBL1907944;CHEMBL24026;CHEMBL24137;CHEMBL2448064;CHEMBL2448065;CHEMBL2448066;CHEMBL2448067;CHEMBL24828;CHEMBL24979;CHEMBL25425;CHEMBL25450;CHEMBL25579;CHEMBL25610;CHEMBL26641;CHEMBL269620;CHEMBL273789;CHEMBL279459;CHEMBL281872;CHEMBL281990;CHEMBL283088;CHEMBL286160;CHEMBL291359;CHEMBL291514;CHEMBL293064;CHEMBL293090;CHEMBL294034;CHEMBL294395;CHEMBL299672;CHEMBL299893;CHEMBL300791;CHEMBL304271;CHEMBL31965;CHEMBL335648;CHEMBL335931;CHEMBL338449;CHEMBL344486;CHEMBL348146;CHEMBL353823;CHEMBL416191;CHEMBL419022;CHEMBL421326;CHEMBL422292;CHEMBL422347;CHEMBL422758;CHEMBL428534;CHEMBL460731;CHEMBL460732;CHEMBL47940;CHEMBL493428;CHEMBL514436;CHEMBL517907;CHEMBL533849;CHEMBL538507;CHEMBL538757;CHEMBL540292;CHEMBL540701;CHEMBL541307;CHEMBL542887;CHEMBL542891;CHEMBL542893;CHEMBL543361;CHEMBL544067;CHEMBL544074;CHEMBL544538;CHEMBL544770;CHEMBL545006;CHEMBL545315;CHEMBL552859;CHEMBL552860;CHEMBL553;CHEMBL554;CHEMBL55425;CHEMBL55794;CHEMBL56027;CHEMBL56142;CHEMBL56266;CHEMBL56319;CHEMBL56502;CHEMBL56505;CHEMBL56912;CHEMBL56936;CHEMBL57758;CHEMBL57759;CHEMBL57892;CHEMBL57990;CHEMBL59812;CHEMBL607707;CHEMBL60826;CHEMBL61119;CHEMBL939;CHEMBL95320;CHEMBL95774;CHEMBL98798;CHEMBL99024,BRICS,True,pending,pending,,False,0.727,-4.572,0,False,407.32,3.837,1,2,6
GEN_1C64D9D8,C[N+](C)(C)CC(O)COC1CCCN1C1CCC(O)C1,[15*]C1CCC(O)C1;[3*]O[3*];[4*]CC(O)C[4*];[5*]N1CCCC1[13*];[5*][N+](C)(C)C,CHEMBL101581;CHEMBL113902;CHEMBL114728;CHEMBL115440;CHEMBL116012;CHEMBL117326;CHEMBL1202473;CHEMBL1202477;CHEMBL1202478;CHEMBL135853;CHEMBL140561;CHEMBL14627;CHEMBL14699;CHEMBL14874;CHEMBL14932;CHEMBL14952;CHEMBL15202;CHEMBL15346;CHEMBL155761;CHEMBL157128;CHEMBL160846;CHEMBL168285;CHEMBL168656;CHEMBL168921;CHEMBL1744086;CHEMBL1744347;CHEMBL1744349;CHEMBL1788321;CHEMBL1907763;CHEMBL1907764;CHEMBL1907944;CHEMBL24026;CHEMBL24137;CHEMBL2448064;CHEMBL2448065;CHEMBL2448066;CHEMBL2448067;CHEMBL24828;CHEMBL24979;CHEMBL25425;CHEMBL25450;CHEMBL25579;CHEMBL25610;CHEMBL26641;CHEMBL269620;CHEMBL273789;CHEMBL279459;CHEMBL281872;CHEMBL281990;CHEMBL283088;CHEMBL286160;CHEMBL291359;CHEMBL291514;CHEMBL293064;CHEMBL293090;CHEMBL294034;CHEMBL294395;CHEMBL299672;CHEMBL299893;CHEMBL300791;CHEMBL304271;CHEMBL31965;CHEMBL335648;CHEMBL335931;CHEMBL338449;CHEMBL344486;CHEMBL348146;CHEMBL353823;CHEMBL416191;CHEMBL419022;CHEMBL421326;CHEMBL422292;CHEMBL422347;CHEMBL422758;CHEMBL428534;CHEMBL460731;CHEMBL460732;CHEMBL47940;CHEMBL493428;CHEMBL514436;CHEMBL517907;CHEMBL533849;CHEMBL538507;CHEMBL538757;CHEMBL540292;CHEMBL540701;CHEMBL541307;CHEMBL542887;CHEMBL542891;CHEMBL542893;CHEMBL543361;CHEMBL544067;CHEMBL544074;CHEMBL544538;CHEMBL544770;CHEMBL545006;CHEMBL545315;CHEMBL552859;CHEMBL552860;CHEMBL553;CHEMBL554;CHEMBL55425;CHEMBL55794;CHEMBL56027;CHEMBL56142;CHEMBL56266;CHEMBL56319;CHEMBL56502;CHEMBL56505;CHEMBL56912;CHEMBL56936;CHEMBL57758;CHEMBL57759;CHEMBL57892;CHEMBL57990;CHEMBL59812;CHEMBL607707;CHEMBL60826;CHEMBL61119;CHEMBL939;CHEMBL95320;CHEMBL95774;CHEMBL98798;CHEMBL99024,BRICS,True,pending,pending,,False,0.695,-1.481,0,False,287.42,0.405,2,4,6
GEN_F04693DA,C[N+](C)(C)CC(O)COc1ccc2[nH]ccc2c1,[16*]c1ccc2[nH]ccc2c1;[3*]O[3*];[4*]CC(O)C[4*];[5*][N+](C)(C)C,CHEMBL101581;CHEMBL113902;CHEMBL114728;CHEMBL115440;CHEMBL116012;CHEMBL117326;CHEMBL1202473;CHEMBL1202477;CHEMBL1202478;CHEMBL135853;CHEMBL140561;CHEMBL14627;CHEMBL14699;CHEMBL14874;CHEMBL14932;CHEMBL14952;CHEMBL15202;CHEMBL15346;CHEMBL155761;CHEMBL160846;CHEMBL168656;CHEMBL168921;CHEMBL1744086;CHEMBL1744347;CHEMBL1744349;CHEMBL1788321;CHEMBL1907763;CHEMBL1907764;CHEMBL1907944;CHEMBL24026;CHEMBL24137;CHEMBL2448064;CHEMBL2448065;CHEMBL2448066;CHEMBL2448067;CHEMBL24828;CHEMBL24979;CHEMBL25425;CHEMBL25450;CHEMBL25579;CHEMBL25610;CHEMBL26641;CHEMBL269620;CHEMBL273789;CHEMBL279459;CHEMBL281872;CHEMBL281990;CHEMBL283088;CHEMBL286160;CHEMBL291359;CHEMBL291514;CHEMBL293064;CHEMBL293090;CHEMBL294034;CHEMBL294395;CHEMBL299672;CHEMBL299893;CHEMBL300791;CHEMBL304271;CHEMBL308498;CHEMBL310740;CHEMBL310853;CHEMBL311109;CHEMBL312482;CHEMBL312753;CHEMBL312818;CHEMBL31965;CHEMBL335648;CHEMBL335931;CHEMBL338449;CHEMBL344486;CHEMBL348146;CHEMBL353823;CHEMBL416191;CHEMBL419022;CHEMBL421326;CHEMBL422292;CHEMBL422347;CHEMBL422758;CHEMBL428534;CHEMBL431977;CHEMBL460731;CHEMBL460732;CHEMBL47940;CHEMBL493428;CHEMBL514436;CHEMBL517907;CHEMBL533849;CHEMBL538507;CHEMBL538757;CHEMBL540292;CHEMBL540701;CHEMBL541307;CHEMBL542887;CHEMBL542891;CHEMBL542893;CHEMBL543361;CHEMBL544067;CHEMBL544074;CHEMBL544538;CHEMBL544770;CHEMBL545006;CHEMBL545315;CHEMBL552859;CHEMBL552860;CHEMBL553;CHEMBL554;CHEMBL55425;CHEMBL55794;CHEMBL56027;CHEMBL56142;CHEMBL56266;CHEMBL56319;CHEMBL56502;CHEMBL56505;CHEMBL56912;CHEMBL56936;CHEMBL57758;CHEMBL57759;CHEMBL57892;CHEMBL57990;CHEMBL59812;CHEMBL607707;CHEMBL60826;CHEMBL61119;CHEMBL76432;CHEMBL76751;CHEMBL78018;CHEMBL79206;CHEMBL79215;CHEMBL80540;CHEMBL80809;CHEMBL81712;CHEMBL939;CHEMBL95320;CHEMBL95774;CHEMBL98798;CHEMBL99024,BRICS,True,pending,pending,,False,0.791,-2.443,0,False,249.33,1.614,2,2,5
GEN_6B32600B,C[N+](C)(C)CC(O)COc1cc(O)c(O)c(Br)c1,[16*]c1cc(O)c(O)c(Br)c1;[3*]O[3*];[4*]CC(O)C[4*];[5*][N+](C)(C)C,CHEMBL101581;CHEMBL113902;CHEMBL114728;CHEMBL115440;CHEMBL116012;CHEMBL117326;CHEMBL1202473;CHEMBL1202477;CHEMBL1202478;CHEMBL135853;CHEMBL140561;CHEMBL144770;CHEMBL144791;CHEMBL14627;CHEMBL14699;CHEMBL14874;CHEMBL14932;CHEMBL14952;CHEMBL15202;CHEMBL15346;CHEMBL155761;CHEMBL160846;CHEMBL168656;CHEMBL168921;CHEMBL1744086;CHEMBL1744347;CHEMBL1744349;CHEMBL1788321;CHEMBL1907763;CHEMBL1907764;CHEMBL1907944;CHEMBL24026;CHEMBL24137;CHEMBL2448064;CHEMBL2448065;CHEMBL2448066;CHEMBL2448067;CHEMBL24828;CHEMBL24979;CHEMBL25425;CHEMBL25450;CHEMBL25579;CHEMBL25610;CHEMBL26641;CHEMBL269620;CHEMBL273789;CHEMBL279459;CHEMBL281872;CHEMBL281990;CHEMBL283088;CHEMBL286160;CHEMBL291359;CHEMBL291514;CHEMBL293064;CHEMBL293090;CHEMBL294034;CHEMBL294395;CHEMBL299672;CHEMBL299893;CHEMBL300791;CHEMBL304271;CHEMBL31965;CHEMBL335648;CHEMBL335931;CHEMBL338449;CHEMBL344486;CHEMBL348146;CHEMBL353823;CHEMBL416191;CHEMBL419022;CHEMBL421326;CHEMBL422292;CHEMBL422347;CHEMBL422758;CHEMBL428534;CHEMBL460731;CHEMBL460732;CHEMBL47940;CHEMBL493428;CHEMBL514436;CHEMBL517907;CHEMBL533849;CHEMBL538507;CHEMBL538757;CHEMBL540292;CHEMBL540701;CHEMBL541307;CHEMBL542887;CHEMBL542891;CHEMBL542893;CHEMBL543361;CHEMBL544067;CHEMBL544074;CHEMBL544538;CHEMBL544770;CHEMBL545006;CHEMBL545315;CHEMBL552859;CHEMBL552860;CHEMBL553;CHEMBL554;CHEMBL55425;CHEMBL55794;CHEMBL56027;CHEMBL56142;CHEMBL56266;CHEMBL56319;CHEMBL56502;CHEMBL56505;CHEMBL56912;CHEMBL56936;CHEMBL57758;CHEMBL57759;CHEMBL57892;CHEMBL57990;CHEMBL59812;CHEMBL607707;CHEMBL60826;CHEMBL61119;CHEMBL77803;CHEMBL939;CHEMBL95320;CHEMBL95774;CHEMBL98798;CHEMBL99024,BRICS,True,pending,pending,,False,0.565,-2.571,1,True,321.19,1.306,3,4,5
GEN_60670AEF,C[N+](C)(C)CC(O)COc1cn(-c2ncnc3c2sc2c([N+](=O)[O-])cccc23)c2ncnc(N)c12,[14*]c1ncnc2c1sc1c([N+](=O)[O-])cccc12;[3*]O[3*];[4*]CC(O)C[4*];[5*][N+](C)(C)C;[9*]n1cc([16*])c2c(N)ncnc21,CHEMBL101581;CHEMBL113902;CHEMBL114728;CHEMBL115440;CHEMBL116012;CHEMBL117326;CHEMBL1202473;CHEMBL1202477;CHEMBL1202478;CHEMBL135853;CHEMBL140561;CHEMBL14627;CHEMBL14699;CHEMBL14874;CHEMBL14932;CHEMBL14952;CHEMBL15202;CHEMBL15346;CHEMBL155761;CHEMBL160846;CHEMBL166765;CHEMBL166766;CHEMBL168266;CHEMBL168285;CHEMBL168382;CHEMBL168550;CHEMBL168555;CHEMBL168656;CHEMBL168661;CHEMBL168829;CHEMBL168921;CHEMBL169064;CHEMBL169065;CHEMBL169200;CHEMBL169390;CHEMBL169467;CHEMBL169519;CHEMBL169570;CHEMBL169780;CHEMBL169920;CHEMBL170438;CHEMBL170724;CHEMBL171256;CHEMBL171311;CHEMBL171545;CHEMBL172514;CHEMBL1744086;CHEMBL1744347;CHEMBL1744349;CHEMBL1788321;CHEMBL1907763;CHEMBL1907764;CHEMBL1907944;CHEMBL24026;CHEMBL24137;CHEMBL2448064;CHEMBL2448065;CHEMBL2448066;CHEMBL2448067;CHEMBL24828;CHEMBL24979;CHEMBL25425;CHEMBL25450;CHEMBL25579;CHEMBL25610;CHEMBL262276;CHEMBL263528;CHEMBL26641;CHEMBL269620;CHEMBL273789;CHEMBL274732;CHEMBL279459;CHEMBL281872;CHEMBL281990;CHEMBL283088;CHEMBL286160;CHEMBL291359;CHEMBL291514;CHEMBL293064;CHEMBL293090;CHEMBL294034;CHEMBL294395;CHEMBL299672;CHEMBL299893;CHEMBL300791;CHEMBL304271;CHEMBL31965;CHEMBL335648;CHEMBL335931;CHEMBL338449;CHEMBL344486;CHEMBL348146;CHEMBL352801;CHEMBL352954;CHEMBL353823;CHEMBL354033;CHEMBL354310;CHEMBL355019;CHEMBL355191;CHEMBL355269;CHEMBL355322;CHEMBL355330;CHEMBL355891;CHEMBL408683;CHEMBL416191;CHEMBL419022;CHEMBL421326;CHEMBL422292;CHEMBL422347;CHEMBL422758;CHEMBL428534;CHEMBL460731;CHEMBL460732;CHEMBL47940;CHEMBL493428;CHEMBL514436;CHEMBL517907;CHEMBL533849;CHEMBL538507;CHEMBL538757;CHEMBL540082;CHEMBL540292;CHEMBL540701;CHEMBL541307;CHEMBL542887;CHEMBL542891;CHEMBL542893;CHEMBL543361;CHEMBL544067;CHEMBL544074;CHEMBL544538;CHEMBL544770;CHEMBL545006;CHEMBL545315;CHEMBL552859;CHEMBL552860;CHEMBL553;CHEMBL554;CHEMBL55425;CHEMBL55794;CHEMBL56027;CHEMBL56142;CHEMBL56266;CHEMBL56319;CHEMBL56502;CHEMBL56505;CHEMBL56912;CHEMBL56936;CHEMBL57758;CHEMBL57759;CHEMBL57892;CHEMBL57990;CHEMBL59812;CHEMBL607707;CHEMBL60826;CHEMBL61119;CHEMBL939;CHEMBL95320;CHEMBL95774;CHEMBL98798;CHEMBL99024,BRICS,True,pending,pending,,False,0.197,-4.5,0,False,495.55,2.515,2,10,7
GEN_5FF1B910,Cn1c2ccccc2c2c(N3CCCC3OCC(O)C[N+](C)(C)C)ncnc21,[14*]c1ncnc2c1c1ccccc1n2C;[3*]O[3*];[4*]CC(O)C[4*];[5*]N1CCCC1[13*];[5*][N+](C)(C)C,CHEMBL101581;CHEMBL113902;CHEMBL114728;CHEMBL115440;CHEMBL116012;CHEMBL117326;CHEMBL1202473;CHEMBL1202477;CHEMBL1202478;CHEMBL135853;CHEMBL140561;CHEMBL14627;CHEMBL14699;CHEMBL14874;CHEMBL14932;CHEMBL14952;CHEMBL15202;CHEMBL152984;CHEMBL15346;CHEMBL155761;CHEMBL157128;CHEMBL160846;CHEMBL168656;CHEMBL168921;CHEMBL1744086;CHEMBL1744347;CHEMBL1744349;CHEMBL1788321;CHEMBL1907763;CHEMBL1907764;CHEMBL1907944;CHEMBL24026;CHEMBL24137;CHEMBL2448064;CHEMBL2448065;CHEMBL2448066;CHEMBL2448067;CHEMBL24828;CHEMBL24979;CHEMBL25425;CHEMBL25450;CHEMBL25579;CHEMBL25610;CHEMBL26641;CHEMBL269620;CHEMBL273789;CHEMBL279459;CHEMBL281872;CHEMBL281990;CHEMBL283088;CHEMBL286160;CHEMBL291359;CHEMBL291514;CHEMBL293064;CHEMBL293090;CHEMBL294034;CHEMBL294395;CHEMBL299672;CHEMBL299893;CHEMBL300791;CHEMBL304271;CHEMBL31965;CHEMBL335648;CHEMBL335931;CHEMBL338449;CHEMBL344486;CHEMBL348146;CHEMBL353823;CHEMBL416191;CHEMBL419022;CHEMBL421326;CHEMBL422292;CHEMBL422347;CHEMBL422758;CHEMBL428534;CHEMBL460731;CHEMBL460732;CHEMBL47940;CHEMBL493428;CHEMBL514436;CHEMBL517907;CHEMBL533849;CHEMBL538507;CHEMBL538757;CHEMBL540292;CHEMBL540701;CHEMBL541307;CHEMBL542887;CHEMBL542891;CHEMBL542893;CHEMBL543361;CHEMBL544067;CHEMBL544074;CHEMBL544538;CHEMBL544770;CHEMBL545006;CHEMBL545315;CHEMBL552859;CHEMBL552860;CHEMBL553;CHEMBL554;CHEMBL55425;CHEMBL55794;CHEMBL56027;CHEMBL56142;CHEMBL56266;CHEMBL56319;CHEMBL56502;CHEMBL56505;CHEMBL56912;CHEMBL56936;CHEMBL57758;CHEMBL57759;CHEMBL57892;CHEMBL57990;CHEMBL59812;CHEMBL607707;CHEMBL60826;CHEMBL61119;CHEMBL939;CHEMBL95320;CHEMBL95774;CHEMBL98798;CHEMBL99024,BRICS,True,pending,pending,,False,0.66,-3.514,0,False,384.5,2.131,1,5,6
GEN_96951C7E,C[N+](C)(C)CC(O)COc1ccc2c(-c3ncnc4c3sc3ccc(N)cc34)ncnc2c1,[14*]c1ncnc2c1sc1ccc(N)cc12;[14*]c1ncnc2cc([16*])ccc12;[3*]O[3*];[4*]CC(O)C[4*];[5*][N+](C)(C)C,CHEMBL101581;CHEMBL113902;CHEMBL114728;CHEMBL115440;CHEMBL116012;CHEMBL117326;CHEMBL1202473;CHEMBL1202477;CHEMBL1202478;CHEMBL135853;CHEMBL140561;CHEMBL14627;CHEMBL14699;CHEMBL14874;CHEMBL14932;CHEMBL14952;CHEMBL15202;CHEMBL152905;CHEMBL15346;CHEMBL155278;CHEMBL155761;CHEMBL160846;CHEMBL168656;CHEMBL168921;CHEMBL1744086;CHEMBL1744347;CHEMBL1744349;CHEMBL1788321;CHEMBL1907763;CHEMBL1907764;CHEMBL1907944;CHEMBL24026;CHEMBL24137;CHEMBL2448064;CHEMBL2448065;CHEMBL2448066;CHEMBL2448067;CHEMBL24828;CHEMBL24979;CHEMBL25425;CHEMBL25450;CHEMBL25579;CHEMBL25610;CHEMBL26641;CHEMBL269620;CHEMBL273789;CHEMBL279459;CHEMBL281872;CHEMBL281990;CHEMBL283088;CHEMBL286160;CHEMBL291359;CHEMBL291514;CHEMBL293064;CHEMBL293090;CHEMBL294034;CHEMBL294395;CHEMBL299672;CHEMBL299893;CHEMBL300791;CHEMBL304271;CHEMBL31965;CHEMBL335648;CHEMBL335931;CHEMBL338449;CHEMBL344486;CHEMBL347282;CHEMBL348146;CHEMBL353823;CHEMBL357367;CHEMBL416191;CHEMBL419022;CHEMBL421326;CHEMBL422292;CHEMBL422347;CHEMBL422758;CHEMBL428534;CHEMBL460731;CHEMBL460732;CHEMBL47940;CHEMBL493428;CHEMBL514436;CHEMBL517907;CHEMBL533849;CHEMBL538507;CHEMBL538757;CHEMBL540292;CHEMBL540701;CHEMBL541307;CHEMBL542887;CHEMBL542891;CHEMBL542893;CHEMBL543361;CHEMBL544067;CHEMBL544074;CHEMBL544538;CHEMBL544770;CHEMBL545006;CHEMBL545315;CHEMBL552859;CHEMBL552860;CHEMBL553;CHEMBL554;CHEMBL55425;CHEMBL55794;CHEMBL56027;CHEMBL56142;CHEMBL56266;CHEMBL56319;CHEMBL56502;CHEMBL56505;CHEMBL56912;CHEMBL56936;CHEMBL57758;CHEMBL57759;CHEMBL57892;CHEMBL57990;CHEMBL59812;CHEMBL607707;CHEMBL60826;CHEMBL61119;CHEMBL92812;CHEMBL939;CHEMBL95320;CHEMBL95774;CHEMBL98798;CHEMBL99024,BRICS,True,pending,pending,,False,0.294,-5.016,0,False,461.57,3.483,2,8,6
GEN_26244BD6,C[N+](C)(C)CC(O)COC1CCCN1c1coc2cc(O)ccc2c1=O,[16*]c1coc2cc(O)ccc2c1=O;[3*]O[3*];[4*]CC(O)C[4*];[5*]N1CCCC1[13*];[5*][N+](C)(C)C,CHEMBL101581;CHEMBL113902;CHEMBL114728;CHEMBL115440;CHEMBL116012;CHEMBL117326;CHEMBL1202473;CHEMBL1202477;CHEMBL1202478;CHEMBL135853;CHEMBL140561;CHEMBL14627;CHEMBL14699;CHEMBL14874;CHEMBL14932;CHEMBL14952;CHEMBL15202;CHEMBL15346;CHEMBL155761;CHEMBL157128;CHEMBL160846;CHEMBL168656;CHEMBL168921;CHEMBL1744086;CHEMBL1744347;CHEMBL1744349;CHEMBL1788321;CHEMBL1907763;CHEMBL1907764;CHEMBL1907944;CHEMBL24026;CHEMBL24137;CHEMBL2448064;CHEMBL2448065;CHEMBL2448066;CHEMBL2448067;CHEMBL24828;CHEMBL24979;CHEMBL25425;CHEMBL25450;CHEMBL25579;CHEMBL25610;CHEMBL26641;CHEMBL269620;CHEMBL273789;CHEMBL279459;CHEMBL281872;CHEMBL281990;CHEMBL283088;CHEMBL286160;CHEMBL291359;CHEMBL291514;CHEMBL293064;CHEMBL293090;CHEMBL294034;CHEMBL294395;CHEMBL299672;CHEMBL299893;CHEMBL300791;CHEMBL304271;CHEMBL31965;CHEMBL335648;CHEMBL335931;CHEMBL338449;CHEMBL344486;CHEMBL348146;CHEMBL353823;CHEMBL416191;CHEMBL419022;CHEMBL421326;CHEMBL422292;CHEMBL422347;CHEMBL422758;CHEMBL428534;CHEMBL460731;CHEMBL460732;CHEMBL47940;CHEMBL493428;CHEMBL514436;CHEMBL517907;CHEMBL533849;CHEMBL538507;CHEMBL538757;CHEMBL540292;CHEMBL540701;CHEMBL541307;CHEMBL542887;CHEMBL542891;CHEMBL542893;CHEMBL543361;CHEMBL544067;CHEMBL544074;CHEMBL544538;CHEMBL544770;CHEMBL545006;CHEMBL545315;CHEMBL552859;CHEMBL552860;CHEMBL553;CHEMBL554;CHEMBL55425;CHEMBL55794;CHEMBL56027;CHEMBL56142;CHEMBL56266;CHEMBL56319;CHEMBL56502;CHEMBL56505;CHEMBL56912;CHEMBL56936;CHEMBL57758;CHEMBL57759;CHEMBL57892;CHEMBL57990;CHEMBL59812;CHEMBL607707;CHEMBL60826;CHEMBL61119;CHEMBL7699;CHEMBL939;CHEMBL95320;CHEMBL95774;CHEMBL98798;CHEMBL99024,BRICS,True,pending,pending,,False,0.757,-2.932,0,False,363.43,1.509,2,6,6
GEN_7CAB2680,C[N+](C)(C)CC(O)COc1ccc2c(-c3ccc(O)c([N+](=O)[O-])c3)ncnc2c1,[14*]c1ncnc2cc([16*])ccc12;[16*]c1ccc(O)c([N+](=O)[O-])c1;[3*]O[3*];[4*]CC(O)C[4*];[5*][N+](C)(C)C,CHEMBL101581;CHEMBL113902;CHEMBL114728;CHEMBL115440;CHEMBL116012;CHEMBL117326;CHEMBL1202473;CHEMBL1202477;CHEMBL1202478;CHEMBL135853;CHEMBL140561;CHEMBL14627;CHEMBL14699;CHEMBL14874;CHEMBL14932;CHEMBL14952;CHEMBL15202;CHEMBL15346;CHEMBL155761;CHEMBL160846;CHEMBL168656;CHEMBL168921;CHEMBL1744086;CHEMBL1744347;CHEMBL1744349;CHEMBL1788321;CHEMBL1907763;CHEMBL1907764;CHEMBL1907944;CHEMBL24026;CHEMBL24137;CHEMBL2448064;CHEMBL2448065;CHEMBL2448066;CHEMBL2448067;CHEMBL24828;CHEMBL24979;CHEMBL25425;CHEMBL25450;CHEMBL25579;CHEMBL25610;CHEMBL26641;CHEMBL269620;CHEMBL273789;CHEMBL279459;CHEMBL281872;CHEMBL281990;CHEMBL283088;CHEMBL286160;CHEMBL291359;CHEMBL291514;CHEMBL293064;CHEMBL293090;CHEMBL294034;CHEMBL294395;CHEMBL299672;CHEMBL299893;CHEMBL300791;CHEMBL304271;CHEMBL309625;CHEMBL31965;CHEMBL335648;CHEMBL335931;CHEMBL338449;CHEMBL344486;CHEMBL348146;CHEMBL353823;CHEMBL416191;CHEMBL419022;CHEMBL421326;CHEMBL422292;CHEMBL422347;CHEMBL422758;CHEMBL428534;CHEMBL460731;CHEMBL460732;CHEMBL47940;CHEMBL493428;CHEMBL514436;CHEMBL517907;CHEMBL533849;CHEMBL538507;CHEMBL538757;CHEMBL540292;CHEMBL540701;CHEMBL541307;CHEMBL542887;CHEMBL542891;CHEMBL542893;CHEMBL543361;CHEMBL544067;CHEMBL544074;CHEMBL544538;CHEMBL544770;CHEMBL545006;CHEMBL545315;CHEMBL552859;CHEMBL552860;CHEMBL553;CHEMBL554;CHEMBL55425;CHEMBL55794;CHEMBL56027;CHEMBL56142;CHEMBL56266;CHEMBL56319;CHEMBL56502;CHEMBL56505;CHEMBL56912;CHEMBL56936;CHEMBL57758;CHEMBL57759;CHEMBL57892;CHEMBL57990;CHEMBL59812;CHEMBL607707;CHEMBL60826;CHEMBL61119;CHEMBL92812;CHEMBL939;CHEMBL95320;CHEMBL95774;CHEMBL98798;CHEMBL99024,BRICS,True,pending,pending,,False,0.356,-3.747,0,False,399.43,2.357,2,7,7
GEN_2DDB4A2B,C[N+](C)(C)CC(O)COc1c(C#N)cnc2ncc(-n3ccnc3)cc12,[16*]c1cnc2ncc(C#N)c([16*])c2c1;[3*]O[3*];[4*]CC(O)C[4*];[5*][N+](C)(C)C;[9*]n1ccnc1,CHEMBL101581;CHEMBL113902;CHEMBL114728;CHEMBL115440;CHEMBL116012;CHEMBL117326;CHEMBL1202473;CHEMBL1202477;CHEMBL1202478;CHEMBL126791;CHEMBL135853;CHEMBL140561;CHEMBL14627;CHEMBL14699;CHEMBL14874;CHEMBL14932;CHEMBL14952;CHEMBL15202;CHEMBL15346;CHEMBL155761;CHEMBL160846;CHEMBL168656;CHEMBL168921;CHEMBL1744086;CHEMBL1744347;CHEMBL1744349;CHEMBL1788321;CHEMBL1907763;CHEMBL1907764;CHEMBL1907944;CHEMBL24026;CHEMBL24137;CHEMBL2448064;CHEMBL2448065;CHEMBL2448066;CHEMBL2448067;CHEMBL24828;CHEMBL24979;CHEMBL25425;CHEMBL25450;CHEMBL25579;CHEMBL25610;CHEMBL26641;CHEMBL269620;CHEMBL273789;CHEMBL279459;CHEMBL281467;CHEMBL281872;CHEMBL281990;CHEMBL283088;CHEMBL286160;CHEMBL287022;CHEMBL291359;CHEMBL291514;CHEMBL293064;CHEMBL293090;CHEMBL294034;CHEMBL294395;CHEMBL299672;CHEMBL299893;CHEMBL300791;CHEMBL304271;CHEMBL31745;CHEMBL31965;CHEMBL335648;CHEMBL335931;CHEMBL338449;CHEMBL340898;CHEMBL342828;CHEMBL344486;CHEMBL348146;CHEMBL353823;CHEMBL416191;CHEMBL419022;CHEMBL421326;CHEMBL422292;CHEMBL422347;CHEMBL422758;CHEMBL428534;CHEMBL441518;CHEMBL460731;CHEMBL460732;CHEMBL47940;CHEMBL493428;CHEMBL51228;CHEMBL514436;CHEMBL517907;CHEMBL533849;CHEMBL538507;CHEMBL538757;CHEMBL540292;CHEMBL540701;CHEMBL541307;CHEMBL542887;CHEMBL542891;CHEMBL542893;CHEMBL543361;CHEMBL544067;CHEMBL544074;CHEMBL544538;CHEMBL544770;CHEMBL545006;CHEMBL545315;CHEMBL552859;CHEMBL552860;CHEMBL553;CHEMBL554;CHEMBL55425;CHEMBL55794;CHEMBL56027;CHEMBL56142;CHEMBL56266;CHEMBL56319;CHEMBL56502;CHEMBL56505;CHEMBL56912;CHEMBL56936;CHEMBL57758;CHEMBL57759;CHEMBL57892;CHEMBL57990;CHEMBL59812;CHEMBL607707;CHEMBL60826;CHEMBL61119;CHEMBL939;CHEMBL95320;CHEMBL95774;CHEMBL98798;CHEMBL99024,BRICS,True,pending,pending,,False,0.667,-2.776,0,False,353.41,1.133,1,6,6
GEN_4655FE82,C[N+](C)(C)CC(O)COc1ccc(C2CCNC2)cn1,[14*]c1ccc([16*])cn1;[15*]C1CCNC1;[3*]O[3*];[4*]CC(O)C[4*];[5*][N+](C)(C)C,CHEMBL101581;CHEMBL111365;CHEMBL113185;CHEMBL113902;CHEMBL114728;CHEMBL115440;CHEMBL116012;CHEMBL117326;CHEMBL1202473;CHEMBL1202477;CHEMBL1202478;CHEMBL135853;CHEMBL140561;CHEMBL14627;CHEMBL14699;CHEMBL14874;CHEMBL14932;CHEMBL14952;CHEMBL15202;CHEMBL15346;CHEMBL155761;CHEMBL160846;CHEMBL168656;CHEMBL168829;CHEMBL168921;CHEMBL169519;CHEMBL171545;CHEMBL1744086;CHEMBL1744347;CHEMBL1744349;CHEMBL1788321;CHEMBL1907763;CHEMBL1907764;CHEMBL1907944;CHEMBL24026;CHEMBL24137;CHEMBL2448064;CHEMBL2448065;CHEMBL2448066;CHEMBL2448067;CHEMBL24828;CHEMBL24979;CHEMBL25425;CHEMBL25450;CHEMBL25579;CHEMBL25610;CHEMBL26641;CHEMBL269620;CHEMBL273789;CHEMBL279459;CHEMBL281872;CHEMBL281990;CHEMBL283088;CHEMBL286160;CHEMBL291359;CHEMBL291514;CHEMBL293064;CHEMBL293090;CHEMBL294034;CHEMBL294395;CHEMBL299672;CHEMBL299893;CHEMBL300791;CHEMBL304271;CHEMBL31965;CHEMBL322066;CHEMBL335648;CHEMBL335931;CHEMBL338449;CHEMBL344486;CHEMBL348146;CHEMBL353823;CHEMBL354033;CHEMBL416191;CHEMBL419022;CHEMBL421326;CHEMBL422292;CHEMBL422347;CHEMBL422758;CHEMBL428534;CHEMBL460731;CHEMBL460732;CHEMBL47940;CHEMBL493428;CHEMBL514436;CHEMBL517907;CHEMBL533849;CHEMBL538507;CHEMBL538757;CHEMBL540292;CHEMBL540701;CHEMBL541307;CHEMBL542887;CHEMBL542891;CHEMBL542893;CHEMBL543361;CHEMBL544067;CHEMBL544074;CHEMBL544538;CHEMBL544770;CHEMBL545006;CHEMBL545315;CHEMBL552859;CHEMBL552860;CHEMBL553;CHEMBL554;CHEMBL55425;CHEMBL55794;CHEMBL56027;CHEMBL56142;CHEMBL56266;CHEMBL56319;CHEMBL56502;CHEMBL56505;CHEMBL56912;CHEMBL56936;CHEMBL57758;CHEMBL57759;CHEMBL57892;CHEMBL57990;CHEMBL59812;CHEMBL607707;CHEMBL60826;CHEMBL61119;CHEMBL939;CHEMBL95320;CHEMBL95774;CHEMBL98798;CHEMBL99024,BRICS,True,pending,pending,,False,0.75,-1.785,0,False,280.39,0.604,2,4,6
GEN_B7BD5746,C[N+](C)(C)CC(O)COC1CCCN1c1c[nH]cn1,[14*]c1c[nH]cn1;[3*]O[3*];[4*]CC(O)C[4*];[5*]N1CCCC1[13*];[5*][N+](C)(C)C,CHEMBL101581;CHEMBL113902;CHEMBL114728;CHEMBL115440;CHEMBL116012;CHEMBL117326;CHEMBL1202473;CHEMBL1202477;CHEMBL1202478;CHEMBL135853;CHEMBL140561;CHEMBL14627;CHEMBL14699;CHEMBL14874;CHEMBL14932;CHEMBL14952;CHEMBL15202;CHEMBL15346;CHEMBL155761;CHEMBL157128;CHEMBL160846;CHEMBL168656;CHEMBL168921;CHEMBL1744086;CHEMBL1744347;CHEMBL1744349;CHEMBL1788321;CHEMBL1907763;CHEMBL1907764;CHEMBL1907944;CHEMBL24026;CHEMBL24137;CHEMBL2448064;CHEMBL2448065;CHEMBL2448066;CHEMBL2448067;CHEMBL24828;CHEMBL24979;CHEMBL25425;CHEMBL25450;CHEMBL25579;CHEMBL25610;CHEMBL26641;CHEMBL269620;CHEMBL273789;CHEMBL279459;CHEMBL281872;CHEMBL281990;CHEMBL283088;CHEMBL286160;CHEMBL291359;CHEMBL291514;CHEMBL293064;CHEMBL293090;CHEMBL294034;CHEMBL294395;CHEMBL299672;CHEMBL299893;CHEMBL300791;CHEMBL304271;CHEMBL31965;CHEMBL335648;CHEMBL335931;CHEMBL338114;CHEMBL338449;CHEMBL340399;CHEMBL344486;CHEMBL348146;CHEMBL353823;CHEMBL416191;CHEMBL416307;CHEMBL419022;CHEMBL421326;CHEMBL422292;CHEMBL422347;CHEMBL422758;CHEMBL428534;CHEMBL460731;CHEMBL460732;CHEMBL47940;CHEMBL493428;CHEMBL514436;CHEMBL517907;CHEMBL533849;CHEMBL53426;CHEMBL538507;CHEMBL538757;CHEMBL540292;CHEMBL540701;CHEMBL541307;CHEMBL542887;CHEMBL542891;CHEMBL542893;CHEMBL543361;CHEMBL544067;CHEMBL544074;CHEMBL544538;CHEMBL544770;CHEMBL545006;CHEMBL545315;CHEMBL552859;CHEMBL552860;CHEMBL553;CHEMBL554;CHEMBL55425;CHEMBL55794;CHEMBL56027;CHEMBL56142;CHEMBL56266;CHEMBL56319;CHEMBL56502;CHEMBL56505;CHEMBL56912;CHEMBL56936;CHEMBL57758;CHEMBL57759;CHEMBL57892;CHEMBL57990;CHEMBL59812;CHEMBL607707;CHEMBL60826;CHEMBL61119;CHEMBL939;CHEMBL95320;CHEMBL95774;CHEMBL98798;CHEMBL99024,BRICS,True,pending,pending,,False,0.735,-1.573,0,False,269.37,0.42,2,4,6
GEN_5219C65B,C[N+](C)(C)CC(O)COc1ncnc2c1c1ccccc1n2-c1ncnc2c1sc1cc([N+](=O)[O-])ccc12,[14*]c1ncnc2c1sc1cc([N+](=O)[O-])ccc12;[3*]O[3*];[4*]CC(O)C[4*];[5*][N+](C)(C)C;[9*]n1c2ccccc2c2c([14*])ncnc21,CHEMBL101581;CHEMBL113902;CHEMBL114728;CHEMBL115440;CHEMBL116012;CHEMBL117326;CHEMBL1202473;CHEMBL1202477;CHEMBL1202478;CHEMBL135853;CHEMBL140561;CHEMBL14627;CHEMBL14699;CHEMBL14874;CHEMBL14932;CHEMBL14952;CHEMBL15202;CHEMBL15346;CHEMBL155761;CHEMBL160846;CHEMBL168656;CHEMBL168921;CHEMBL1744086;CHEMBL1744347;CHEMBL1744349;CHEMBL1788321;CHEMBL1907763;CHEMBL1907764;CHEMBL1907944;CHEMBL24026;CHEMBL24137;CHEMBL2448064;CHEMBL2448065;CHEMBL2448066;CHEMBL2448067;CHEMBL24828;CHEMBL24979;CHEMBL25425;CHEMBL25450;CHEMBL25579;CHEMBL25610;CHEMBL26641;CHEMBL269620;CHEMBL273789;CHEMBL279459;CHEMBL281872;CHEMBL281990;CHEMBL283088;CHEMBL286160;CHEMBL291359;CHEMBL291514;CHEMBL293064;CHEMBL293090;CHEMBL294034;CHEMBL294395;CHEMBL299672;CHEMBL299893;CHEMBL300791;CHEMBL304271;CHEMBL31965;CHEMBL335648;CHEMBL335931;CHEMBL338449;CHEMBL344486;CHEMBL348146;CHEMBL353823;CHEMBL416191;CHEMBL419022;CHEMBL421326;CHEMBL422292;CHEMBL422347;CHEMBL422758;CHEMBL428534;CHEMBL448730;CHEMBL460731;CHEMBL460732;CHEMBL47940;CHEMBL493428;CHEMBL514436;CHEMBL517907;CHEMBL533849;CHEMBL538507;CHEMBL538757;CHEMBL540292;CHEMBL540590;CHEMBL540701;CHEMBL541307;CHEMBL542887;CHEMBL542891;CHEMBL542893;CHEMBL543361;CHEMBL544067;CHEMBL544074;CHEMBL544538;CHEMBL544770;CHEMBL545006;CHEMBL545315;CHEMBL552859;CHEMBL552860;CHEMBL553;CHEMBL554;CHEMBL55425;CHEMBL55794;CHEMBL56027;CHEMBL56142;CHEMBL56266;CHEMBL56319;CHEMBL56502;CHEMBL56505;CHEMBL56912;CHEMBL56936;CHEMBL57758;CHEMBL57759;CHEMBL57892;CHEMBL57990;CHEMBL59812;CHEMBL607707;CHEMBL60826;CHEMBL61119;CHEMBL939;CHEMBL95320;CHEMBL95774;CHEMBL98798;CHEMBL99024,BRICS,True,pending,pending,,False,0.186,-5.748,0,False,530.59,4.086,1,9,7
GEN_E532E495,Cn1c(OCC(O)C[N+](C)(C)C)c(-c2ncnc3c2sc2ccc([N+](=O)[O-])cc23)c2cc(O)ccc21,[14*]c1c([16*])c2cc(O)ccc2n1C;[14*]c1ncnc2c1sc1ccc([N+](=O)[O-])cc12;[3*]O[3*];[4*]CC(O)C[4*];[5*][N+](C)(C)C,CHEMBL101581;CHEMBL113902;CHEMBL114728;CHEMBL115440;CHEMBL116012;CHEMBL117326;CHEMBL1202473;CHEMBL1202477;CHEMBL1202478;CHEMBL135853;CHEMBL140561;CHEMBL14627;CHEMBL14699;CHEMBL14874;CHEMBL14932;CHEMBL14952;CHEMBL15202;CHEMBL15346;CHEMBL155761;CHEMBL160846;CHEMBL168656;CHEMBL168921;CHEMBL1744086;CHEMBL1744347;CHEMBL1744349;CHEMBL1788321;CHEMBL1907763;CHEMBL1907764;CHEMBL1907944;CHEMBL24026;CHEMBL24137;CHEMBL2448064;CHEMBL2448065;CHEMBL2448066;CHEMBL2448067;CHEMBL24828;CHEMBL24979;CHEMBL25425;CHEMBL25450;CHEMBL25579;CHEMBL25610;CHEMBL26641;CHEMBL269620;CHEMBL273789;CHEMBL279459;CHEMBL281872;CHEMBL281990;CHEMBL283088;CHEMBL286160;CHEMBL291359;CHEMBL291514;CHEMBL293064;CHEMBL293090;CHEMBL293250;CHEMBL294034;CHEMBL294395;CHEMBL299672;CHEMBL299893;CHEMBL300791;CHEMBL304271;CHEMBL31965;CHEMBL335648;CHEMBL335931;CHEMBL338449;CHEMBL344486;CHEMBL348146;CHEMBL353823;CHEMBL416191;CHEMBL419022;CHEMBL421326;CHEMBL422292;CHEMBL422347;CHEMBL422758;CHEMBL428534;CHEMBL460731;CHEMBL460732;CHEMBL47940;CHEMBL493428;CHEMBL514436;CHEMBL517907;CHEMBL533849;CHEMBL538507;CHEMBL538757;CHEMBL538814;CHEMBL540292;CHEMBL540701;CHEMBL541307;CHEMBL542887;CHEMBL542891;CHEMBL542893;CHEMBL543361;CHEMBL544067;CHEMBL544074;CHEMBL544538;CHEMBL544770;CHEMBL544867;CHEMBL544868;CHEMBL545006;CHEMBL545315;CHEMBL552859;CHEMBL552860;CHEMBL553;CHEMBL553351;CHEMBL554;CHEMBL55425;CHEMBL55794;CHEMBL56027;CHEMBL56142;CHEMBL56266;CHEMBL56319;CHEMBL56502;CHEMBL56505;CHEMBL56912;CHEMBL56936;CHEMBL57758;CHEMBL57759;CHEMBL57892;CHEMBL57990;CHEMBL59812;CHEMBL607707;CHEMBL60826;CHEMBL61119;CHEMBL939;CHEMBL95320;CHEMBL95774;CHEMBL98798;CHEMBL99024,BRICS,True,pending,pending,,False,0.193,-5.543,0,False,508.58,4.063,2,8,7
GEN_10EA02D9,Cc1[nH]c(OCC(O)C[N+](C)(C)C)c(C)c1CC(C#N)C(=N)S,[14*]c1[nH]c(C)c([16*])c1C;[3*]O[3*];[4*]CC(O)C[4*];[5*][N+](C)(C)C;[8*]CC(C#N)C(=N)S,CHEMBL101581;CHEMBL113902;CHEMBL114728;CHEMBL115440;CHEMBL116012;CHEMBL117326;CHEMBL1202473;CHEMBL1202477;CHEMBL1202478;CHEMBL135853;CHEMBL140561;CHEMBL14627;CHEMBL146694;CHEMBL14699;CHEMBL14874;CHEMBL149201;CHEMBL14932;CHEMBL14952;CHEMBL150177;CHEMBL15202;CHEMBL15346;CHEMBL155761;CHEMBL160846;CHEMBL168656;CHEMBL168921;CHEMBL1744086;CHEMBL1744347;CHEMBL1744349;CHEMBL1788321;CHEMBL1907763;CHEMBL1907764;CHEMBL1907944;CHEMBL24026;CHEMBL24137;CHEMBL2448064;CHEMBL2448065;CHEMBL2448066;CHEMBL2448067;CHEMBL24828;CHEMBL24979;CHEMBL25425;CHEMBL25450;CHEMBL25579;CHEMBL25610;CHEMBL26641;CHEMBL269620;CHEMBL273789;CHEMBL279459;CHEMBL281872;CHEMBL281990;CHEMBL283088;CHEMBL286160;CHEMBL291359;CHEMBL291514;CHEMBL293064;CHEMBL293090;CHEMBL294034;CHEMBL294395;CHEMBL299672;CHEMBL299893;CHEMBL300791;CHEMBL304271;CHEMBL305782;CHEMBL31965;CHEMBL335648;CHEMBL335931;CHEMBL338449;CHEMBL344486;CHEMBL348146;CHEMBL353823;CHEMBL358728;CHEMBL416191;CHEMBL419022;CHEMBL421326;CHEMBL422292;CHEMBL422347;CHEMBL422758;CHEMBL428534;CHEMBL432903;CHEMBL460731;CHEMBL460732;CHEMBL47940;CHEMBL493428;CHEMBL514436;CHEMBL517907;CHEMBL533849;CHEMBL538507;CHEMBL538757;CHEMBL540292;CHEMBL540701;CHEMBL541307;CHEMBL542887;CHEMBL542891;CHEMBL542893;CHEMBL543361;CHEMBL544067;CHEMBL544074;CHEMBL544538;CHEMBL544770;CHEMBL545006;CHEMBL545315;CHEMBL552859;CHEMBL552860;CHEMBL553;CHEMBL554;CHEMBL55425;CHEMBL55794;CHEMBL56027;CHEMBL56142;CHEMBL56266;CHEMBL56319;CHEMBL56502;CHEMBL56505;CHEMBL56912;CHEMBL56936;CHEMBL57758;CHEMBL57759;CHEMBL57892;CHEMBL57990;CHEMBL59812;CHEMBL607707;CHEMBL60826;CHEMBL61119;CHEMBL78249;CHEMBL939;CHEMBL95320;CHEMBL95774;CHEMBL98798;CHEMBL99024,BRICS,True,pending,pending,,False,0.251,-2.628,0,False,339.48,1.667,4,4,8
GEN_09D7F7B0,C[N+](C)(C)CC(O)COc1ncnc2c1c1ccccc1n2-c1[nH]cnc2c3ccccc3nc1-2,[14*]c1[nH]cnc2c3ccccc3nc1-2;[3*]O[3*];[4*]CC(O)C[4*];[5*][N+](C)(C)C;[9*]n1c2ccccc2c2c([14*])ncnc21,CHEMBL101581;CHEMBL113902;CHEMBL114728;CHEMBL115440;CHEMBL116012;CHEMBL117326;CHEMBL1202473;CHEMBL1202477;CHEMBL1202478;CHEMBL135853;CHEMBL140561;CHEMBL14627;CHEMBL14699;CHEMBL14874;CHEMBL14932;CHEMBL14952;CHEMBL15202;CHEMBL15346;CHEMBL155761;CHEMBL160846;CHEMBL168656;CHEMBL168921;CHEMBL1744086;CHEMBL1744347;CHEMBL1744349;CHEMBL1788321;CHEMBL1907763;CHEMBL1907764;CHEMBL1907944;CHEMBL2093928;CHEMBL24026;CHEMBL24137;CHEMBL2448064;CHEMBL2448065;CHEMBL2448066;CHEMBL2448067;CHEMBL24828;CHEMBL24979;CHEMBL25425;CHEMBL25450;CHEMBL25579;CHEMBL25610;CHEMBL26641;CHEMBL269620;CHEMBL273789;CHEMBL279459;CHEMBL281872;CHEMBL281990;CHEMBL283088;CHEMBL286160;CHEMBL291359;CHEMBL291514;CHEMBL293064;CHEMBL293090;CHEMBL294034;CHEMBL294395;CHEMBL299672;CHEMBL299893;CHEMBL300791;CHEMBL304271;CHEMBL31965;CHEMBL335648;CHEMBL335931;CHEMBL338449;CHEMBL344486;CHEMBL348146;CHEMBL353823;CHEMBL416191;CHEMBL419022;CHEMBL421326;CHEMBL422292;CHEMBL422347;CHEMBL422758;CHEMBL428534;CHEMBL448730;CHEMBL460731;CHEMBL460732;CHEMBL47940;CHEMBL493428;CHEMBL514436;CHEMBL517907;CHEMBL533849;CHEMBL538507;CHEMBL538757;CHEMBL540292;CHEMBL540701;CHEMBL541307;CHEMBL542887;CHEMBL542891;CHEMBL542893;CHEMBL543361;CHEMBL544067;CHEMBL544074;CHEMBL544538;CHEMBL544640;CHEMBL544770;CHEMBL545006;CHEMBL545315;CHEMBL552859;CHEMBL552860;CHEMBL553;CHEMBL554;CHEMBL55425;CHEMBL55794;CHEMBL56027;CHEMBL56142;CHEMBL56266;CHEMBL56319;CHEMBL56502;CHEMBL56505;CHEMBL56912;CHEMBL56936;CHEMBL57758;CHEMBL57759;CHEMBL57892;CHEMBL57990;CHEMBL59812;CHEMBL607707;CHEMBL60826;CHEMBL61119;CHEMBL939;CHEMBL95320;CHEMBL95774;CHEMBL98798;CHEMBL99024,BRICS,True,pending,pending,,False,0.363,-5.038,0,False,468.54,3.396,2,6,6
GEN_38D705E1,C[N+](C)(C)CC(O)COc1c(O)cc(O)c2c(=O)cc(-c3ccc(C#N)cc3F)oc12,[14*]c1cc(=O)c2c(O)cc(O)c([16*])c2o1;[16*]c1ccc(C#N)cc1F;[3*]O[3*];[4*]CC(O)C[4*];[5*][N+](C)(C)C,CHEMBL101581;CHEMBL113902;CHEMBL114728;CHEMBL115440;CHEMBL116012;CHEMBL117326;CHEMBL1202473;CHEMBL1202477;CHEMBL1202478;CHEMBL135853;CHEMBL140561;CHEMBL14627;CHEMBL14699;CHEMBL14874;CHEMBL14932;CHEMBL14952;CHEMBL15202;CHEMBL15346;CHEMBL155761;CHEMBL160846;CHEMBL168656;CHEMBL168921;CHEMBL1744086;CHEMBL1744347;CHEMBL1744349;CHEMBL1788321;CHEMBL1907763;CHEMBL1907764;CHEMBL1907944;CHEMBL24026;CHEMBL24137;CHEMBL2448064;CHEMBL2448065;CHEMBL2448066;CHEMBL2448067;CHEMBL24828;CHEMBL24979;CHEMBL25425;CHEMBL25450;CHEMBL25579;CHEMBL25610;CHEMBL26641;CHEMBL269620;CHEMBL273789;CHEMBL279459;CHEMBL281872;CHEMBL281990;CHEMBL283088;CHEMBL286160;CHEMBL291359;CHEMBL291514;CHEMBL293064;CHEMBL293090;CHEMBL294034;CHEMBL294395;CHEMBL299672;CHEMBL299893;CHEMBL300791;CHEMBL304271;CHEMBL31965;CHEMBL335648;CHEMBL335931;CHEMBL338449;CHEMBL344486;CHEMBL348146;CHEMBL353823;CHEMBL416191;CHEMBL418203;CHEMBL419022;CHEMBL421326;CHEMBL422292;CHEMBL422347;CHEMBL422758;CHEMBL428534;CHEMBL428690;CHEMBL460731;CHEMBL460732;CHEMBL47940;CHEMBL493428;CHEMBL514436;CHEMBL517907;CHEMBL533849;CHEMBL538507;CHEMBL538757;CHEMBL540292;CHEMBL540701;CHEMBL541307;CHEMBL542887;CHEMBL542891;CHEMBL542893;CHEMBL543361;CHEMBL544067;CHEMBL544074;CHEMBL544538;CHEMBL544770;CHEMBL545006;CHEMBL545315;CHEMBL552859;CHEMBL552860;CHEMBL553;CHEMBL554;CHEMBL55425;CHEMBL55794;CHEMBL56027;CHEMBL56142;CHEMBL56266;CHEMBL56319;CHEMBL56502;CHEMBL56505;CHEMBL56912;CHEMBL56936;CHEMBL57758;CHEMBL57759;CHEMBL57892;CHEMBL57990;CHEMBL59812;CHEMBL607707;CHEMBL60826;CHEMBL61119;CHEMBL939;CHEMBL95320;CHEMBL95774;CHEMBL98798;CHEMBL99024,BRICS,True,pending,pending,,False,0.514,-3.955,0,False,429.42,2.328,3,7,6
GEN_5788A0BB,C[N+](C)(C)CC(O)COc1ncnc2sccc12,[14*]c1ncnc2sccc12;[3*]O[3*];[4*]CC(O)C[4*];[5*][N+](C)(C)C,CHEMBL101581;CHEMBL113902;CHEMBL114728;CHEMBL115440;CHEMBL116012;CHEMBL117326;CHEMBL1202473;CHEMBL1202477;CHEMBL1202478;CHEMBL135853;CHEMBL140561;CHEMBL14627;CHEMBL14699;CHEMBL14874;CHEMBL14932;CHEMBL14952;CHEMBL15202;CHEMBL15346;CHEMBL155761;CHEMBL160846;CHEMBL168656;CHEMBL168921;CHEMBL1744086;CHEMBL1744347;CHEMBL1744349;CHEMBL1788321;CHEMBL1907763;CHEMBL1907764;CHEMBL1907944;CHEMBL24026;CHEMBL24137;CHEMBL2448064;CHEMBL2448065;CHEMBL2448066;CHEMBL2448067;CHEMBL24828;CHEMBL24979;CHEMBL25425;CHEMBL25450;CHEMBL25579;CHEMBL25610;CHEMBL26641;CHEMBL269620;CHEMBL273789;CHEMBL279459;CHEMBL281872;CHEMBL281990;CHEMBL283088;CHEMBL286160;CHEMBL291359;CHEMBL291514;CHEMBL293064;CHEMBL293090;CHEMBL294034;CHEMBL294395;CHEMBL299672;CHEMBL299893;CHEMBL300791;CHEMBL304271;CHEMBL31965;CHEMBL335648;CHEMBL335931;CHEMBL338449;CHEMBL344486;CHEMBL348146;CHEMBL353823;CHEMBL355982;CHEMBL416191;CHEMBL419022;CHEMBL421326;CHEMBL422292;CHEMBL422347;CHEMBL422758;CHEMBL428534;CHEMBL460731;CHEMBL460732;CHEMBL47940;CHEMBL493428;CHEMBL514436;CHEMBL517907;CHEMBL533849;CHEMBL538507;CHEMBL538757;CHEMBL540292;CHEMBL540701;CHEMBL541307;CHEMBL542887;CHEMBL542891;CHEMBL542893;CHEMBL543361;CHEMBL544067;CHEMBL544074;CHEMBL544538;CHEMBL544770;CHEMBL545006;CHEMBL545315;CHEMBL552859;CHEMBL552860;CHEMBL553;CHEMBL554;CHEMBL55425;CHEMBL55794;CHEMBL56027;CHEMBL56142;CHEMBL56266;CHEMBL56319;CHEMBL56502;CHEMBL56505;CHEMBL56912;CHEMBL56936;CHEMBL57758;CHEMBL57759;CHEMBL57892;CHEMBL57990;CHEMBL59812;CHEMBL607707;CHEMBL60826;CHEMBL61119;CHEMBL939;CHEMBL95320;CHEMBL95774;CHEMBL98798;CHEMBL99024,BRICS,True,pending,pending,,False,0.826,-2.26,0,False,268.36,1.137,1,5,5
GEN_3CBB3533,C[N+](C)(C)CC(O)COc1c(C#N)cnc2ncc(-c3nc4ccccc4o3)cc12,[14*]c1nc2ccccc2o1;[16*]c1cnc2ncc(C#N)c([16*])c2c1;[3*]O[3*];[4*]CC(O)C[4*];[5*][N+](C)(C)C,CHEMBL101581;CHEMBL113902;CHEMBL114728;CHEMBL115440;CHEMBL116012;CHEMBL117326;CHEMBL118205;CHEMBL1202473;CHEMBL1202477;CHEMBL1202478;CHEMBL135853;CHEMBL140561;CHEMBL14627;CHEMBL14699;CHEMBL14874;CHEMBL14932;CHEMBL14952;CHEMBL15202;CHEMBL15346;CHEMBL155761;CHEMBL160846;CHEMBL168656;CHEMBL168921;CHEMBL1744086;CHEMBL1744347;CHEMBL1744349;CHEMBL1788321;CHEMBL1907763;CHEMBL1907764;CHEMBL1907944;CHEMBL24026;CHEMBL24137;CHEMBL2448064;CHEMBL2448065;CHEMBL2448066;CHEMBL2448067;CHEMBL24828;CHEMBL24979;CHEMBL25425;CHEMBL25450;CHEMBL25579;CHEMBL25610;CHEMBL26641;CHEMBL269620;CHEMBL273789;CHEMBL279459;CHEMBL281467;CHEMBL281872;CHEMBL281990;CHEMBL283088;CHEMBL286160;CHEMBL287022;CHEMBL291359;CHEMBL291514;CHEMBL293064;CHEMBL293090;CHEMBL294034;CHEMBL294395;CHEMBL299672;CHEMBL299893;CHEMBL300791;CHEMBL304271;CHEMBL31745;CHEMBL31965;CHEMBL335648;CHEMBL335931;CHEMBL338449;CHEMBL344486;CHEMBL348146;CHEMBL353823;CHEMBL416191;CHEMBL419022;CHEMBL421326;CHEMBL422292;CHEMBL422347;CHEMBL422758;CHEMBL428534;CHEMBL441518;CHEMBL460731;CHEMBL460732;CHEMBL47940;CHEMBL493428;CHEMBL514436;CHEMBL517907;CHEMBL533849;CHEMBL538507;CHEMBL538757;CHEMBL540292;CHEMBL540701;CHEMBL541307;CHEMBL542887;CHEMBL542891;CHEMBL542893;CHEMBL543361;CHEMBL544067;CHEMBL544074;CHEMBL544538;CHEMBL544770;CHEMBL545006;CHEMBL545315;CHEMBL552859;CHEMBL552860;CHEMBL553;CHEMBL554;CHEMBL55425;CHEMBL55794;CHEMBL56027;CHEMBL56142;CHEMBL56266;CHEMBL56319;CHEMBL56502;CHEMBL56505;CHEMBL56912;CHEMBL56936;CHEMBL57758;CHEMBL57759;CHEMBL57892;CHEMBL57990;CHEMBL59812;CHEMBL607707;CHEMBL60826;CHEMBL61119;CHEMBL939;CHEMBL95320;CHEMBL95774;CHEMBL98798;CHEMBL99024,BRICS,True,pending,pending,,False,0.493,-4.156,0,False,404.45,2.756,1,7,6
GEN_21807B96,CN1CCC(c2cc(=O)c3c(O)cc(O)c(OCC(O)C[N+](C)(C)C)c3o2)[C@@H](O)C1,[14*]c1cc(=O)c2c(O)cc(O)c([16*])c2o1;[15*]C1CCN(C)C[C@@H]1O;[3*]O[3*];[4*]CC(O)C[4*];[5*][N+](C)(C)C,CHEMBL101581;CHEMBL113902;CHEMBL114728;CHEMBL115440;CHEMBL116012;CHEMBL117326;CHEMBL1202473;CHEMBL1202477;CHEMBL1202478;CHEMBL135853;CHEMBL140561;CHEMBL14627;CHEMBL14699;CHEMBL14874;CHEMBL14932;CHEMBL14952;CHEMBL15202;CHEMBL15346;CHEMBL155761;CHEMBL160846;CHEMBL168656;CHEMBL168921;CHEMBL1744086;CHEMBL1744347;CHEMBL1744349;CHEMBL1788321;CHEMBL1907763;CHEMBL1907764;CHEMBL1907944;CHEMBL24026;CHEMBL24137;CHEMBL2448064;CHEMBL2448065;CHEMBL2448066;CHEMBL2448067;CHEMBL24828;CHEMBL24979;CHEMBL25425;CHEMBL25450;CHEMBL25579;CHEMBL25610;CHEMBL26641;CHEMBL269620;CHEMBL273789;CHEMBL279459;CHEMBL281872;CHEMBL281990;CHEMBL283088;CHEMBL286160;CHEMBL291359;CHEMBL291514;CHEMBL293064;CHEMBL293090;CHEMBL294034;CHEMBL294395;CHEMBL299672;CHEMBL299893;CHEMBL300791;CHEMBL304271;CHEMBL31965;CHEMBL335648;CHEMBL335931;CHEMBL338449;CHEMBL344486;CHEMBL348146;CHEMBL353823;CHEMBL416191;CHEMBL418203;CHEMBL419022;CHEMBL421326;CHEMBL422292;CHEMBL422347;CHEMBL422758;CHEMBL428534;CHEMBL428690;CHEMBL460731;CHEMBL460732;CHEMBL47940;CHEMBL493428;CHEMBL514436;CHEMBL517907;CHEMBL533849;CHEMBL538507;CHEMBL538757;CHEMBL540292;CHEMBL540701;CHEMBL541307;CHEMBL542887;CHEMBL542891;CHEMBL542893;CHEMBL543361;CHEMBL544067;CHEMBL544074;CHEMBL544538;CHEMBL544770;CHEMBL545006;CHEMBL545315;CHEMBL552859;CHEMBL552860;CHEMBL553;CHEMBL554;CHEMBL55425;CHEMBL55794;CHEMBL56027;CHEMBL56142;CHEMBL56266;CHEMBL56319;CHEMBL56502;CHEMBL56505;CHEMBL56912;CHEMBL56936;CHEMBL57758;CHEMBL57759;CHEMBL57892;CHEMBL57990;CHEMBL59812;CHEMBL607707;CHEMBL60826;CHEMBL61119;CHEMBL939;CHEMBL95320;CHEMBL95774;CHEMBL98798;CHEMBL99024,BRICS,True,pending,pending,,False,0.493,-2.587,0,False,423.49,0.43,4,8,6
GEN_0D2DFAD0,C[N+](C)(C)CC(O)COc1ccc(OC(F)(F)F)cn1,[14*]c1ccc([16*])cn1;[3*]OC(F)(F)F;[3*]O[3*];[4*]CC(O)C[4*];[5*][N+](C)(C)C,CHEMBL101581;CHEMBL111365;CHEMBL113185;CHEMBL113902;CHEMBL114728;CHEMBL115440;CHEMBL116012;CHEMBL117326;CHEMBL1202473;CHEMBL1202477;CHEMBL1202478;CHEMBL135853;CHEMBL140561;CHEMBL14627;CHEMBL14699;CHEMBL14874;CHEMBL14932;CHEMBL14952;CHEMBL15202;CHEMBL15346;CHEMBL155761;CHEMBL160846;CHEMBL168656;CHEMBL168921;CHEMBL1744086;CHEMBL1744347;CHEMBL1744349;CHEMBL1788321;CHEMBL1907763;CHEMBL1907764;CHEMBL1907944;CHEMBL24026;CHEMBL24137;CHEMBL2448064;CHEMBL2448065;CHEMBL2448066;CHEMBL2448067;CHEMBL24828;CHEMBL24979;CHEMBL25425;CHEMBL25450;CHEMBL25579;CHEMBL25610;CHEMBL26641;CHEMBL269620;CHEMBL273789;CHEMBL279459;CHEMBL281872;CHEMBL281990;CHEMBL283088;CHEMBL286160;CHEMBL291359;CHEMBL291514;CHEMBL293064;CHEMBL293090;CHEMBL294034;CHEMBL294395;CHEMBL299672;CHEMBL299893;CHEMBL300791;CHEMBL304271;CHEMBL31965;CHEMBL322066;CHEMBL335648;CHEMBL335931;CHEMBL338449;CHEMBL344486;CHEMBL348146;CHEMBL353823;CHEMBL416191;CHEMBL419022;CHEMBL421047;CHEMBL421326;CHEMBL422292;CHEMBL422347;CHEMBL422758;CHEMBL428534;CHEMBL460731;CHEMBL460732;CHEMBL47940;CHEMBL493428;CHEMBL514436;CHEMBL517907;CHEMBL533849;CHEMBL538507;CHEMBL538757;CHEMBL540292;CHEMBL540701;CHEMBL541307;CHEMBL542887;CHEMBL542891;CHEMBL542893;CHEMBL543361;CHEMBL544067;CHEMBL544074;CHEMBL544538;CHEMBL544770;CHEMBL545006;CHEMBL545315;CHEMBL552859;CHEMBL552860;CHEMBL553;CHEMBL554;CHEMBL55425;CHEMBL55794;CHEMBL56027;CHEMBL56142;CHEMBL56266;CHEMBL56319;CHEMBL56502;CHEMBL56505;CHEMBL56912;CHEMBL56936;CHEMBL57758;CHEMBL57759;CHEMBL57892;CHEMBL57990;CHEMBL59812;CHEMBL607707;CHEMBL60826;CHEMBL61119;CHEMBL939;CHEMBL95320;CHEMBL95774;CHEMBL98798;CHEMBL99024,BRICS,True,pending,pending,,False,0.807,-2.395,0,False,295.28,1.426,1,4,6
GEN_40A30883,Cc1[nH]c(OCC(O)C[N+](C)(C)C)c(C)c1-c1ncnc2ccc3cc[nH]c3c12,[14*]c1[nH]c(C)c([16*])c1C;[14*]c1ncnc2ccc3cc[nH]c3c12;[3*]O[3*];[4*]CC(O)C[4*];[5*][N+](C)(C)C,CHEMBL101581;CHEMBL113902;CHEMBL114728;CHEMBL115440;CHEMBL116012;CHEMBL117326;CHEMBL1202473;CHEMBL1202477;CHEMBL1202478;CHEMBL135853;CHEMBL140561;CHEMBL14627;CHEMBL146694;CHEMBL14699;CHEMBL14874;CHEMBL149201;CHEMBL14932;CHEMBL14952;CHEMBL150177;CHEMBL15202;CHEMBL15346;CHEMBL153525;CHEMBL155761;CHEMBL160846;CHEMBL168656;CHEMBL168921;CHEMBL1744086;CHEMBL1744347;CHEMBL1744349;CHEMBL1788321;CHEMBL1907763;CHEMBL1907764;CHEMBL1907944;CHEMBL24026;CHEMBL24137;CHEMBL2448064;CHEMBL2448065;CHEMBL2448066;CHEMBL2448067;CHEMBL24828;CHEMBL24979;CHEMBL25425;CHEMBL25450;CHEMBL25579;CHEMBL25610;CHEMBL26641;CHEMBL269620;CHEMBL273789;CHEMBL279459;CHEMBL281872;CHEMBL281990;CHEMBL283088;CHEMBL286160;CHEMBL291359;CHEMBL291514;CHEMBL293064;CHEMBL293090;CHEMBL294034;CHEMBL294395;CHEMBL299672;CHEMBL299893;CHEMBL300791;CHEMBL304271;CHEMBL305782;CHEMBL31965;CHEMBL335648;CHEMBL335931;CHEMBL338449;CHEMBL344486;CHEMBL348146;CHEMBL353823;CHEMBL358728;CHEMBL416191;CHEMBL419022;CHEMBL421326;CHEMBL422292;CHEMBL422347;CHEMBL422758;CHEMBL428534;CHEMBL432903;CHEMBL460731;CHEMBL460732;CHEMBL47940;CHEMBL493428;CHEMBL514436;CHEMBL517907;CHEMBL533849;CHEMBL538507;CHEMBL538757;CHEMBL540292;CHEMBL540701;CHEMBL541307;CHEMBL542887;CHEMBL542891;CHEMBL542893;CHEMBL543361;CHEMBL544067;CHEMBL544074;CHEMBL544538;CHEMBL544770;CHEMBL545006;CHEMBL545315;CHEMBL552859;CHEMBL552860;CHEMBL553;CHEMBL554;CHEMBL55425;CHEMBL55794;CHEMBL56027;CHEMBL56142;CHEMBL56266;CHEMBL56319;CHEMBL56502;CHEMBL56505;CHEMBL56912;CHEMBL56936;CHEMBL57758;CHEMBL57759;CHEMBL57892;CHEMBL57990;CHEMBL59812;CHEMBL607707;CHEMBL60826;CHEMBL61119;CHEMBL939;CHEMBL95320;CHEMBL95774;CHEMBL98798;CHEMBL99024,BRICS,True,pending,pending,,False,0.439,-4.346,0,False,394.5,3.169,3,4,6
GEN_87636CD9,Cn1c(OCC(O)C[N+](C)(C)C)c(-n2ccnn2)c2cc(O)ccc21,[14*]c1c([16*])c2cc(O)ccc2n1C;[3*]O[3*];[4*]CC(O)C[4*];[5*][N+](C)(C)C;[9*]n1ccnn1,CHEMBL101581;CHEMBL113902;CHEMBL114728;CHEMBL115440;CHEMBL116012;CHEMBL117326;CHEMBL1202473;CHEMBL1202477;CHEMBL1202478;CHEMBL135853;CHEMBL140561;CHEMBL14627;CHEMBL14699;CHEMBL14874;CHEMBL14932;CHEMBL14952;CHEMBL15202;CHEMBL15346;CHEMBL155761;CHEMBL160846;CHEMBL168656;CHEMBL168921;CHEMBL1744086;CHEMBL1744347;CHEMBL1744349;CHEMBL1788321;CHEMBL1907763;CHEMBL1907764;CHEMBL1907944;CHEMBL24026;CHEMBL24137;CHEMBL2448064;CHEMBL2448065;CHEMBL2448066;CHEMBL2448067;CHEMBL24828;CHEMBL24979;CHEMBL25425;CHEMBL25450;CHEMBL25579;CHEMBL25610;CHEMBL26641;CHEMBL269620;CHEMBL273789;CHEMBL279459;CHEMBL281872;CHEMBL281990;CHEMBL283088;CHEMBL286160;CHEMBL291359;CHEMBL291514;CHEMBL293064;CHEMBL293090;CHEMBL293250;CHEMBL294034;CHEMBL294395;CHEMBL299672;CHEMBL299893;CHEMBL300791;CHEMBL304271;CHEMBL31965;CHEMBL335648;CHEMBL335931;CHEMBL338449;CHEMBL344486;CHEMBL348146;CHEMBL353823;CHEMBL416191;CHEMBL419022;CHEMBL421326;CHEMBL422292;CHEMBL422347;CHEMBL422758;CHEMBL428534;CHEMBL460731;CHEMBL460732;CHEMBL47940;CHEMBL493428;CHEMBL514436;CHEMBL517907;CHEMBL533849;CHEMBL538507;CHEMBL538757;CHEMBL540292;CHEMBL540701;CHEMBL541307;CHEMBL542887;CHEMBL542891;CHEMBL542893;CHEMBL543361;CHEMBL544067;CHEMBL544074;CHEMBL544538;CHEMBL544770;CHEMBL545006;CHEMBL545315;CHEMBL552859;CHEMBL552860;CHEMBL553;CHEMBL554;CHEMBL55425;CHEMBL55794;CHEMBL56027;CHEMBL56142;CHEMBL56266;CHEMBL56319;CHEMBL56502;CHEMBL56505;CHEMBL56912;CHEMBL56936;CHEMBL57758;CHEMBL57759;CHEMBL57892;CHEMBL57990;CHEMBL59812;CHEMBL607707;CHEMBL60826;CHEMBL61119;CHEMBL939;CHEMBL95320;CHEMBL95774;CHEMBL98798;CHEMBL99024,BRICS,True,pending,pending,,False,0.648,-2.58,0,False,346.41,0.91,2,5,6
GEN_700C0340,Cc1[nH]c(OCC(O)C[N+](C)(C)C)c(C)c1N1CCc2ccccc21,[14*]c1[nH]c(C)c([16*])c1C;[3*]O[3*];[4*]CC(O)C[4*];[5*]N1CCc2ccccc21;[5*][N+](C)(C)C,CHEMBL101581;CHEMBL113902;CHEMBL114728;CHEMBL115440;CHEMBL116012;CHEMBL117326;CHEMBL1202473;CHEMBL1202477;CHEMBL1202478;CHEMBL135853;CHEMBL140561;CHEMBL14627;CHEMBL146694;CHEMBL14699;CHEMBL14874;CHEMBL149201;CHEMBL14932;CHEMBL14952;CHEMBL150177;CHEMBL15202;CHEMBL15346;CHEMBL155761;CHEMBL160846;CHEMBL168656;CHEMBL168921;CHEMBL1744086;CHEMBL1744347;CHEMBL1744349;CHEMBL1788321;CHEMBL1907763;CHEMBL1907764;CHEMBL1907944;CHEMBL24026;CHEMBL24137;CHEMBL2448064;CHEMBL2448065;CHEMBL2448066;CHEMBL2448067;CHEMBL24828;CHEMBL24979;CHEMBL25425;CHEMBL25450;CHEMBL25579;CHEMBL25610;CHEMBL26641;CHEMBL269620;CHEMBL273789;CHEMBL279459;CHEMBL281872;CHEMBL281990;CHEMBL283088;CHEMBL286160;CHEMBL291359;CHEMBL291514;CHEMBL293064;CHEMBL293090;CHEMBL294034;CHEMBL294395;CHEMBL299672;CHEMBL299893;CHEMBL300791;CHEMBL304271;CHEMBL305782;CHEMBL31965;CHEMBL335648;CHEMBL335931;CHEMBL338449;CHEMBL344486;CHEMBL348146;CHEMBL353823;CHEMBL358728;CHEMBL416191;CHEMBL419022;CHEMBL421326;CHEMBL422292;CHEMBL422347;CHEMBL422758;CHEMBL428534;CHEMBL432903;CHEMBL460731;CHEMBL460732;CHEMBL47940;CHEMBL493428;CHEMBL514436;CHEMBL517907;CHEMBL533849;CHEMBL538507;CHEMBL538757;CHEMBL540292;CHEMBL540701;CHEMBL541307;CHEMBL542887;CHEMBL542891;CHEMBL542893;CHEMBL543361;CHEMBL544067;CHEMBL544074;CHEMBL544538;CHEMBL544770;CHEMBL545006;CHEMBL545315;CHEMBL552859;CHEMBL552860;CHEMBL553;CHEMBL554;CHEMBL55425;CHEMBL55794;CHEMBL56027;CHEMBL56142;CHEMBL56266;CHEMBL56319;CHEMBL56502;CHEMBL56505;CHEMBL56542;CHEMBL56912;CHEMBL56936;CHEMBL57758;CHEMBL57759;CHEMBL57892;CHEMBL57990;CHEMBL59812;CHEMBL607707;CHEMBL60826;CHEMBL61119;CHEMBL939;CHEMBL95320;CHEMBL95774;CHEMBL98798;CHEMBL99024,BRICS,True,pending,pending,,False,0.792,-3.652,0,False,344.48,2.772,2,3,6
GEN_F103AE87,C[N+](C)(C)CC(O)COc1ccnc2ccccc12,[16*]c1ccnc2ccccc12;[3*]O[3*];[4*]CC(O)C[4*];[5*][N+](C)(C)C,CHEMBL101581;CHEMBL113902;CHEMBL114728;CHEMBL115440;CHEMBL116012;CHEMBL117326;CHEMBL1202473;CHEMBL1202477;CHEMBL1202478;CHEMBL135853;CHEMBL140561;CHEMBL14627;CHEMBL14699;CHEMBL14874;CHEMBL14932;CHEMBL14952;CHEMBL15202;CHEMBL15346;CHEMBL155761;CHEMBL160846;CHEMBL168656;CHEMBL168921;CHEMBL1744086;CHEMBL1744347;CHEMBL1744349;CHEMBL1788321;CHEMBL1907763;CHEMBL1907764;CHEMBL1907944;CHEMBL24026;CHEMBL24137;CHEMBL2448064;CHEMBL2448065;CHEMBL2448066;CHEMBL2448067;CHEMBL24828;CHEMBL24979;CHEMBL25425;CHEMBL25450;CHEMBL25579;CHEMBL25610;CHEMBL26641;CHEMBL269620;CHEMBL273789;CHEMBL279459;CHEMBL281872;CHEMBL281990;CHEMBL283088;CHEMBL286160;CHEMBL291359;CHEMBL291514;CHEMBL293064;CHEMBL293090;CHEMBL294034;CHEMBL294395;CHEMBL299672;CHEMBL299893;CHEMBL300791;CHEMBL304271;CHEMBL31965;CHEMBL335648;CHEMBL335931;CHEMBL338449;CHEMBL344486;CHEMBL348146;CHEMBL353823;CHEMBL37346;CHEMBL416191;CHEMBL419022;CHEMBL421326;CHEMBL422292;CHEMBL422347;CHEMBL422758;CHEMBL428534;CHEMBL460731;CHEMBL460732;CHEMBL47940;CHEMBL493428;CHEMBL514436;CHEMBL517907;CHEMBL533849;CHEMBL538507;CHEMBL538757;CHEMBL540292;CHEMBL540701;CHEMBL541307;CHEMBL542887;CHEMBL542891;CHEMBL542893;CHEMBL543361;CHEMBL544067;CHEMBL544074;CHEMBL544538;CHEMBL544770;CHEMBL545006;CHEMBL545315;CHEMBL552859;CHEMBL552860;CHEMBL553;CHEMBL554;CHEMBL55425;CHEMBL55794;CHEMBL56027;CHEMBL56142;CHEMBL56266;CHEMBL56319;CHEMBL56502;CHEMBL56505;CHEMBL56912;CHEMBL56936;CHEMBL57758;CHEMBL57759;CHEMBL57892;CHEMBL57990;CHEMBL59812;CHEMBL607707;CHEMBL60826;CHEMBL61119;CHEMBL939;CHEMBL95320;CHEMBL95774;CHEMBL98798;CHEMBL99024,BRICS,True,pending,pending,,False,0.833,-2.579,0,False,261.35,1.681,1,3,5
GEN_3C8FCD82,C[N+](C)(C)CC(O)COc1ccc2c(c1)CCC2,[16*]c1ccc2c(c1)CCC2;[3*]O[3*];[4*]CC(O)C[4*];[5*][N+](C)(C)C,CHEMBL101581;CHEMBL113902;CHEMBL114728;CHEMBL115440;CHEMBL116012;CHEMBL117326;CHEMBL1202473;CHEMBL1202477;CHEMBL1202478;CHEMBL135853;CHEMBL140561;CHEMBL14627;CHEMBL14699;CHEMBL14874;CHEMBL14932;CHEMBL14952;CHEMBL15202;CHEMBL15346;CHEMBL155761;CHEMBL160846;CHEMBL168656;CHEMBL168921;CHEMBL1744086;CHEMBL1744347;CHEMBL1744349;CHEMBL1788321;CHEMBL1907763;CHEMBL1907764;CHEMBL1907944;CHEMBL24026;CHEMBL24137;CHEMBL2448064;CHEMBL2448065;CHEMBL2448066;CHEMBL2448067;CHEMBL24828;CHEMBL24979;CHEMBL25425;CHEMBL25450;CHEMBL25579;CHEMBL25610;CHEMBL26641;CHEMBL269620;CHEMBL273789;CHEMBL279459;CHEMBL281872;CHEMBL281990;CHEMBL283088;CHEMBL286160;CHEMBL291359;CHEMBL291514;CHEMBL293064;CHEMBL293090;CHEMBL294034;CHEMBL294395;CHEMBL299672;CHEMBL299893;CHEMBL300791;CHEMBL304271;CHEMBL31965;CHEMBL335648;CHEMBL335931;CHEMBL338449;CHEMBL344486;CHEMBL348146;CHEMBL353823;CHEMBL416191;CHEMBL419022;CHEMBL421326;CHEMBL422292;CHEMBL422347;CHEMBL422758;CHEMBL428534;CHEMBL460731;CHEMBL460732;CHEMBL47940;CHEMBL493428;CHEMBL514436;CHEMBL517907;CHEMBL533849;CHEMBL538507;CHEMBL538757;CHEMBL540292;CHEMBL540701;CHEMBL541307;CHEMBL542887;CHEMBL542891;CHEMBL542893;CHEMBL543361;CHEMBL544067;CHEMBL544074;CHEMBL544538;CHEMBL544770;CHEMBL545006;CHEMBL545315;CHEMBL552859;CHEMBL552860;CHEMBL553;CHEMBL554;CHEMBL55425;CHEMBL555797;CHEMBL55794;CHEMBL56027;CHEMBL56142;CHEMBL56266;CHEMBL56319;CHEMBL56502;CHEMBL56505;CHEMBL56912;CHEMBL56936;CHEMBL57758;CHEMBL57759;CHEMBL57892;CHEMBL57990;CHEMBL59812;CHEMBL607707;CHEMBL60826;CHEMBL61119;CHEMBL65848;CHEMBL939;CHEMBL95320;CHEMBL95774;CHEMBL98798;CHEMBL99024,BRICS,True,pending,pending,,False,0.805,-2.33,0,False,250.36,1.621,1,2,5
GEN_C27CFDA9,C[N+](C)(C)CC(O)COc1ccc2c(N3CCSCC3)ncnc2c1,[14*]c1ncnc2cc([16*])ccc12;[3*]O[3*];[4*]CC(O)C[4*];[5*]N1CCSCC1;[5*][N+](C)(C)C,CHEMBL101581;CHEMBL113902;CHEMBL114728;CHEMBL115440;CHEMBL116012;CHEMBL117326;CHEMBL1202473;CHEMBL1202477;CHEMBL1202478;CHEMBL135853;CHEMBL140561;CHEMBL14627;CHEMBL14699;CHEMBL14874;CHEMBL14932;CHEMBL14952;CHEMBL15202;CHEMBL15346;CHEMBL155761;CHEMBL160846;CHEMBL168656;CHEMBL168921;CHEMBL1744086;CHEMBL1744347;CHEMBL1744349;CHEMBL1788321;CHEMBL1907763;CHEMBL1907764;CHEMBL1907944;CHEMBL24026;CHEMBL24137;CHEMBL2448064;CHEMBL2448065;CHEMBL2448066;CHEMBL2448067;CHEMBL24828;CHEMBL24979;CHEMBL25425;CHEMBL25450;CHEMBL25579;CHEMBL25610;CHEMBL26641;CHEMBL269620;CHEMBL273789;CHEMBL279459;CHEMBL281872;CHEMBL281990;CHEMBL283088;CHEMBL286160;CHEMBL291359;CHEMBL291514;CHEMBL293064;CHEMBL293090;CHEMBL294034;CHEMBL294395;CHEMBL299672;CHEMBL299893;CHEMBL300791;CHEMBL304271;CHEMBL31965;CHEMBL327023;CHEMBL335648;CHEMBL335931;CHEMBL338449;CHEMBL344486;CHEMBL348146;CHEMBL353823;CHEMBL416191;CHEMBL419022;CHEMBL421326;CHEMBL422292;CHEMBL422347;CHEMBL422758;CHEMBL428534;CHEMBL460731;CHEMBL460732;CHEMBL47940;CHEMBL493428;CHEMBL514436;CHEMBL517907;CHEMBL533849;CHEMBL538507;CHEMBL538757;CHEMBL540292;CHEMBL540701;CHEMBL541307;CHEMBL542887;CHEMBL542891;CHEMBL542893;CHEMBL543361;CHEMBL544067;CHEMBL544074;CHEMBL544538;CHEMBL544770;CHEMBL545006;CHEMBL545315;CHEMBL552859;CHEMBL552860;CHEMBL553;CHEMBL554;CHEMBL55425;CHEMBL55794;CHEMBL56027;CHEMBL56142;CHEMBL56266;CHEMBL56319;CHEMBL56502;CHEMBL56505;CHEMBL56912;CHEMBL56936;CHEMBL57758;CHEMBL57759;CHEMBL57892;CHEMBL57990;CHEMBL59812;CHEMBL607707;CHEMBL60826;CHEMBL61119;CHEMBL92812;CHEMBL939;CHEMBL95320;CHEMBL95774;CHEMBL98798;CHEMBL99024,BRICS,True,pending,pending,,False,0.788,-3.02,0,False,363.51,1.629,1,6,6
GEN_D156B3DD,Cc1[nH]c(OCC(O)C[N+](C)(C)C)c(C)c1-c1ccc(Br)cc1F,[14*]c1[nH]c(C)c([16*])c1C;[16*]c1ccc(Br)cc1F;[3*]O[3*];[4*]CC(O)C[4*];[5*][N+](C)(C)C,CHEMBL101581;CHEMBL113902;CHEMBL114728;CHEMBL115440;CHEMBL116012;CHEMBL117326;CHEMBL1202473;CHEMBL1202477;CHEMBL1202478;CHEMBL135853;CHEMBL140561;CHEMBL14627;CHEMBL146694;CHEMBL14699;CHEMBL14874;CHEMBL149201;CHEMBL14932;CHEMBL14952;CHEMBL150177;CHEMBL15202;CHEMBL15346;CHEMBL155761;CHEMBL160846;CHEMBL168656;CHEMBL168921;CHEMBL1744086;CHEMBL1744347;CHEMBL1744349;CHEMBL1788321;CHEMBL1907763;CHEMBL1907764;CHEMBL1907944;CHEMBL24026;CHEMBL24137;CHEMBL2448064;CHEMBL2448065;CHEMBL2448066;CHEMBL2448067;CHEMBL24828;CHEMBL24979;CHEMBL25425;CHEMBL25450;CHEMBL25579;CHEMBL25610;CHEMBL26641;CHEMBL269620;CHEMBL273789;CHEMBL279459;CHEMBL281872;CHEMBL281990;CHEMBL283088;CHEMBL286160;CHEMBL291359;CHEMBL291514;CHEMBL293064;CHEMBL293090;CHEMBL294034;CHEMBL294395;CHEMBL299672;CHEMBL299893;CHEMBL300791;CHEMBL304271;CHEMBL305782;CHEMBL31965;CHEMBL335648;CHEMBL335931;CHEMBL338449;CHEMBL344486;CHEMBL348146;CHEMBL353823;CHEMBL358728;CHEMBL416191;CHEMBL419022;CHEMBL421326;CHEMBL422292;CHEMBL422347;CHEMBL422758;CHEMBL428534;CHEMBL432903;CHEMBL460731;CHEMBL460732;CHEMBL47940;CHEMBL493428;CHEMBL514436;CHEMBL517907;CHEMBL533849;CHEMBL538507;CHEMBL538757;CHEMBL540292;CHEMBL540701;CHEMBL541307;CHEMBL542887;CHEMBL542891;CHEMBL542893;CHEMBL543361;CHEMBL544067;CHEMBL544074;CHEMBL544538;CHEMBL544770;CHEMBL545006;CHEMBL545315;CHEMBL552859;CHEMBL552860;CHEMBL553;CHEMBL554;CHEMBL55425;CHEMBL55794;CHEMBL56027;CHEMBL56142;CHEMBL56266;CHEMBL56319;CHEMBL56502;CHEMBL56505;CHEMBL56912;CHEMBL56936;CHEMBL57758;CHEMBL57759;CHEMBL57892;CHEMBL57990;CHEMBL59812;CHEMBL607707;CHEMBL60826;CHEMBL61119;CHEMBL939;CHEMBL95320;CHEMBL95774;CHEMBL98798;CHEMBL99024,BRICS,True,pending,pending,,False,0.728,-4.562,0,False,400.31,3.646,2,2,6
GEN_512BBAC4,C[N+](C)(C)CC(O)COc1cnccn1,[14*]c1cnccn1;[3*]O[3*];[4*]CC(O)C[4*];[5*][N+](C)(C)C,CHEMBL101581;CHEMBL113902;CHEMBL114728;CHEMBL115440;CHEMBL116012;CHEMBL117326;CHEMBL1202473;CHEMBL1202477;CHEMBL1202478;CHEMBL135853;CHEMBL140561;CHEMBL14627;CHEMBL14699;CHEMBL14874;CHEMBL14932;CHEMBL14952;CHEMBL15202;CHEMBL15346;CHEMBL155761;CHEMBL160846;CHEMBL168656;CHEMBL168921;CHEMBL1744086;CHEMBL1744347;CHEMBL1744349;CHEMBL1788321;CHEMBL1907763;CHEMBL1907764;CHEMBL1907944;CHEMBL24026;CHEMBL24137;CHEMBL2448064;CHEMBL2448065;CHEMBL2448066;CHEMBL2448067;CHEMBL24828;CHEMBL24979;CHEMBL25425;CHEMBL25450;CHEMBL25579;CHEMBL25610;CHEMBL26641;CHEMBL269620;CHEMBL273789;CHEMBL279459;CHEMBL281872;CHEMBL281990;CHEMBL283088;CHEMBL286160;CHEMBL291359;CHEMBL291514;CHEMBL293064;CHEMBL293090;CHEMBL294034;CHEMBL294395;CHEMBL299672;CHEMBL299893;CHEMBL300791;CHEMBL304271;CHEMBL31965;CHEMBL335648;CHEMBL335931;CHEMBL337297;CHEMBL338449;CHEMBL344486;CHEMBL348146;CHEMBL353823;CHEMBL416191;CHEMBL419022;CHEMBL421326;CHEMBL422292;CHEMBL422347;CHEMBL422758;CHEMBL428534;CHEMBL460731;CHEMBL460732;CHEMBL47940;CHEMBL493428;CHEMBL514436;CHEMBL517907;CHEMBL533849;CHEMBL538507;CHEMBL538757;CHEMBL540292;CHEMBL540701;CHEMBL541307;CHEMBL542887;CHEMBL542891;CHEMBL542893;CHEMBL543361;CHEMBL544067;CHEMBL544074;CHEMBL544538;CHEMBL544770;CHEMBL545006;CHEMBL545315;CHEMBL552859;CHEMBL552860;CHEMBL553;CHEMBL554;CHEMBL55425;CHEMBL55794;CHEMBL56027;CHEMBL56142;CHEMBL56266;CHEMBL56319;CHEMBL56502;CHEMBL56505;CHEMBL56912;CHEMBL56936;CHEMBL57758;CHEMBL57759;CHEMBL57892;CHEMBL57990;CHEMBL59812;CHEMBL607707;CHEMBL60826;CHEMBL61119;CHEMBL939;CHEMBL95320;CHEMBL95774;CHEMBL98798;CHEMBL99024,BRICS,True,pending,pending,,False,0.694,-1.073,0,False,212.27,-0.078,1,4,5
GEN_824A9E17,C[N+](C)(C)CC(O)COc1ccc(-c2ncnc3c2[nH]c2ccccc23)cn1,[14*]c1ccc([16*])cn1;[14*]c1ncnc2c1[nH]c1ccccc12;[3*]O[3*];[4*]CC(O)C[4*];[5*][N+](C)(C)C,CHEMBL101581;CHEMBL111365;CHEMBL113185;CHEMBL113902;CHEMBL114728;CHEMBL115440;CHEMBL116012;CHEMBL117326;CHEMBL1202473;CHEMBL1202477;CHEMBL1202478;CHEMBL135853;CHEMBL140561;CHEMBL14627;CHEMBL14699;CHEMBL14874;CHEMBL14932;CHEMBL14952;CHEMBL15202;CHEMBL15346;CHEMBL155761;CHEMBL160846;CHEMBL168656;CHEMBL168921;CHEMBL1744086;CHEMBL1744347;CHEMBL1744349;CHEMBL1788321;CHEMBL1907763;CHEMBL1907764;CHEMBL1907944;CHEMBL24026;CHEMBL24137;CHEMBL2448064;CHEMBL2448065;CHEMBL2448066;CHEMBL2448067;CHEMBL24828;CHEMBL24979;CHEMBL25425;CHEMBL25450;CHEMBL25579;CHEMBL25610;CHEMBL26641;CHEMBL269620;CHEMBL273789;CHEMBL279459;CHEMBL281872;CHEMBL281990;CHEMBL283088;CHEMBL286160;CHEMBL291359;CHEMBL291514;CHEMBL293064;CHEMBL293090;CHEMBL294034;CHEMBL294395;CHEMBL299672;CHEMBL299893;CHEMBL300791;CHEMBL304271;CHEMBL31965;CHEMBL322066;CHEMBL335648;CHEMBL335931;CHEMBL338449;CHEMBL344486;CHEMBL348146;CHEMBL353823;CHEMBL416191;CHEMBL419022;CHEMBL421326;CHEMBL422292;CHEMBL422347;CHEMBL422758;CHEMBL428534;CHEMBL460731;CHEMBL460732;CHEMBL47940;CHEMBL493428;CHEMBL514436;CHEMBL5173075;CHEMBL517907;CHEMBL533849;CHEMBL538507;CHEMBL538757;CHEMBL540292;CHEMBL540701;CHEMBL541307;CHEMBL542887;CHEMBL542891;CHEMBL542893;CHEMBL543361;CHEMBL544067;CHEMBL544074;CHEMBL544538;CHEMBL544770;CHEMBL545006;CHEMBL545315;CHEMBL552859;CHEMBL552860;CHEMBL553;CHEMBL554;CHEMBL55425;CHEMBL55794;CHEMBL56027;CHEMBL56142;CHEMBL56266;CHEMBL56319;CHEMBL56502;CHEMBL56505;CHEMBL56912;CHEMBL56936;CHEMBL57758;CHEMBL57759;CHEMBL57892;CHEMBL57990;CHEMBL59812;CHEMBL607707;CHEMBL60826;CHEMBL61119;CHEMBL6195771;CHEMBL939;CHEMBL95320;CHEMBL95774;CHEMBL98798;CHEMBL99024,BRICS,True,pending,pending,,False,0.504,-3.943,0,False,378.46,2.619,2,5,6
GEN_E71804CB,C[N+](C)(C)CC(O)COCCCCCC(=O)O,[3*]O[3*];[4*]CC(O)C[4*];[4*]CCCCCC(=O)O;[5*][N+](C)(C)C,CHEMBL101581;CHEMBL113863;CHEMBL113902;CHEMBL114728;CHEMBL115440;CHEMBL116012;CHEMBL117326;CHEMBL1202473;CHEMBL1202477;CHEMBL1202478;CHEMBL135853;CHEMBL140561;CHEMBL14627;CHEMBL14699;CHEMBL14874;CHEMBL14932;CHEMBL14952;CHEMBL15202;CHEMBL15346;CHEMBL155761;CHEMBL160846;CHEMBL168656;CHEMBL168921;CHEMBL1744086;CHEMBL1744347;CHEMBL1744349;CHEMBL1788321;CHEMBL1907763;CHEMBL1907764;CHEMBL1907944;CHEMBL24026;CHEMBL24137;CHEMBL2448064;CHEMBL2448065;CHEMBL2448066;CHEMBL2448067;CHEMBL24828;CHEMBL24979;CHEMBL25425;CHEMBL25450;CHEMBL25579;CHEMBL25610;CHEMBL26641;CHEMBL269620;CHEMBL273789;CHEMBL279459;CHEMBL281872;CHEMBL281990;CHEMBL283088;CHEMBL286160;CHEMBL291359;CHEMBL291514;CHEMBL293064;CHEMBL293090;CHEMBL294034;CHEMBL294395;CHEMBL299672;CHEMBL299893;CHEMBL300791;CHEMBL304271;CHEMBL31965;CHEMBL335648;CHEMBL335931;CHEMBL338449;CHEMBL344486;CHEMBL348146;CHEMBL353823;CHEMBL416191;CHEMBL419022;CHEMBL421326;CHEMBL422292;CHEMBL422347;CHEMBL422758;CHEMBL428534;CHEMBL460731;CHEMBL460732;CHEMBL47940;CHEMBL493428;CHEMBL514436;CHEMBL517907;CHEMBL533849;CHEMBL538507;CHEMBL538757;CHEMBL540292;CHEMBL540701;CHEMBL541307;CHEMBL542887;CHEMBL542891;CHEMBL542893;CHEMBL543361;CHEMBL544067;CHEMBL544074;CHEMBL544538;CHEMBL544770;CHEMBL545006;CHEMBL545315;CHEMBL552859;CHEMBL552860;CHEMBL553;CHEMBL554;CHEMBL55425;CHEMBL55794;CHEMBL56027;CHEMBL56142;CHEMBL56266;CHEMBL56319;CHEMBL56502;CHEMBL56505;CHEMBL56912;CHEMBL56936;CHEMBL57758;CHEMBL57759;CHEMBL57892;CHEMBL57990;CHEMBL59812;CHEMBL607707;CHEMBL60826;CHEMBL61119;CHEMBL939;CHEMBL95320;CHEMBL95774;CHEMBL98798;CHEMBL99024,BRICS,True,pending,pending,,False,0.441,-1.17,0,False,248.34,0.715,2,3,10
GEN_DC3D1191,C[N+](C)(C)CC(O)COc1c(Cl)cccc1Cl,[16*]c1c(Cl)cccc1Cl;[3*]O[3*];[4*]CC(O)C[4*];[5*][N+](C)(C)C,CHEMBL101581;CHEMBL104153;CHEMBL104244;CHEMBL104779;CHEMBL106232;CHEMBL107472;CHEMBL109296;CHEMBL109631;CHEMBL111197;CHEMBL111339;CHEMBL111365;CHEMBL111434;CHEMBL113023;CHEMBL113070;CHEMBL113863;CHEMBL113902;CHEMBL114728;CHEMBL115440;CHEMBL116012;CHEMBL117326;CHEMBL1202473;CHEMBL1202477;CHEMBL1202478;CHEMBL135853;CHEMBL140561;CHEMBL14627;CHEMBL14699;CHEMBL14874;CHEMBL14932;CHEMBL14952;CHEMBL15202;CHEMBL15346;CHEMBL155761;CHEMBL160846;CHEMBL168656;CHEMBL168921;CHEMBL1744086;CHEMBL1744347;CHEMBL1744349;CHEMBL1788321;CHEMBL1907763;CHEMBL1907764;CHEMBL1907944;CHEMBL24026;CHEMBL24137;CHEMBL2448064;CHEMBL2448065;CHEMBL2448066;CHEMBL2448067;CHEMBL24828;CHEMBL24979;CHEMBL25425;CHEMBL25450;CHEMBL25579;CHEMBL25610;CHEMBL26641;CHEMBL269620;CHEMBL273789;CHEMBL279459;CHEMBL281872;CHEMBL281990;CHEMBL283088;CHEMBL286160;CHEMBL291359;CHEMBL291514;CHEMBL293064;CHEMBL293090;CHEMBL294034;CHEMBL294395;CHEMBL299026;CHEMBL299194;CHEMBL299672;CHEMBL299893;CHEMBL300791;CHEMBL301483;CHEMBL301612;CHEMBL304271;CHEMBL31965;CHEMBL320705;CHEMBL321193;CHEMBL322298;CHEMBL324926;CHEMBL325589;CHEMBL327127;CHEMBL332269;CHEMBL335648;CHEMBL335931;CHEMBL338449;CHEMBL344486;CHEMBL348146;CHEMBL353823;CHEMBL416191;CHEMBL419022;CHEMBL421326;CHEMBL422292;CHEMBL422347;CHEMBL422758;CHEMBL428534;CHEMBL432738;CHEMBL448154;CHEMBL45827;CHEMBL460731;CHEMBL460732;CHEMBL47940;CHEMBL493428;CHEMBL49596;CHEMBL50470;CHEMBL50647;CHEMBL514436;CHEMBL517907;CHEMBL533849;CHEMBL538507;CHEMBL538757;CHEMBL540292;CHEMBL540701;CHEMBL541307;CHEMBL542887;CHEMBL542891;CHEMBL542893;CHEMBL543361;CHEMBL544067;CHEMBL544074;CHEMBL544538;CHEMBL544770;CHEMBL545006;CHEMBL545315;CHEMBL552859;CHEMBL552860;CHEMBL553;CHEMBL554;CHEMBL55425;CHEMBL55794;CHEMBL56027;CHEMBL56142;CHEMBL56266;CHEMBL56319;CHEMBL56502;CHEMBL56505;CHEMBL56912;CHEMBL56936;CHEMBL56983;CHEMBL57347;CHEMBL57366;CHEMBL57758;CHEMBL57759;CHEMBL57892;CHEMBL57990;CHEMBL59812;CHEMBL607707;CHEMBL60826;CHEMBL61119;CHEMBL939;CHEMBL95320;CHEMBL95774;CHEMBL98798;CHEMBL99024,BRICS,True,pending,pending,,False,0.839,-3.039,0,False,279.19,2.439,1,2,5
GEN_81910CDF,CC1CN([C@H]2CCCCC2OCC(O)C[N+](C)(C)C)CC(C)N1,[15*]C1CCCC[C@@H]1[15*];[3*]O[3*];[4*]CC(O)C[4*];[5*]N1CC(C)NC(C)C1;[5*][N+](C)(C)C,CHEMBL101581;CHEMBL113902;CHEMBL114728;CHEMBL115440;CHEMBL116012;CHEMBL117326;CHEMBL1202473;CHEMBL1202477;CHEMBL1202478;CHEMBL135853;CHEMBL140561;CHEMBL144778;CHEMBL14627;CHEMBL14699;CHEMBL14874;CHEMBL14932;CHEMBL14952;CHEMBL15202;CHEMBL15346;CHEMBL155761;CHEMBL160846;CHEMBL168656;CHEMBL168921;CHEMBL1744086;CHEMBL1744347;CHEMBL1744349;CHEMBL1788321;CHEMBL1907763;CHEMBL1907764;CHEMBL1907944;CHEMBL24026;CHEMBL24137;CHEMBL2448064;CHEMBL2448065;CHEMBL2448066;CHEMBL2448067;CHEMBL24828;CHEMBL24979;CHEMBL25425;CHEMBL25450;CHEMBL25579;CHEMBL25610;CHEMBL26641;CHEMBL269620;CHEMBL273789;CHEMBL279459;CHEMBL281872;CHEMBL281990;CHEMBL283088;CHEMBL286160;CHEMBL291359;CHEMBL291514;CHEMBL293064;CHEMBL293090;CHEMBL294034;CHEMBL294395;CHEMBL299672;CHEMBL299893;CHEMBL300791;CHEMBL304271;CHEMBL31965;CHEMBL335648;CHEMBL335931;CHEMBL338449;CHEMBL344486;CHEMBL348146;CHEMBL353823;CHEMBL416191;CHEMBL419022;CHEMBL421326;CHEMBL422292;CHEMBL422347;CHEMBL422758;CHEMBL428534;CHEMBL460731;CHEMBL460732;CHEMBL47940;CHEMBL493428;CHEMBL514436;CHEMBL517907;CHEMBL533849;CHEMBL538507;CHEMBL538757;CHEMBL540292;CHEMBL540701;CHEMBL541307;CHEMBL542887;CHEMBL542891;CHEMBL542893;CHEMBL543361;CHEMBL544067;CHEMBL544074;CHEMBL544538;CHEMBL544770;CHEMBL545006;CHEMBL545315;CHEMBL552859;CHEMBL552860;CHEMBL553;CHEMBL554;CHEMBL55425;CHEMBL55794;CHEMBL56027;CHEMBL56142;CHEMBL56266;CHEMBL56319;CHEMBL56502;CHEMBL56505;CHEMBL56912;CHEMBL56936;CHEMBL57758;CHEMBL57759;CHEMBL57892;CHEMBL57990;CHEMBL59812;CHEMBL607707;CHEMBL60826;CHEMBL61119;CHEMBL69071;CHEMBL939;CHEMBL95320;CHEMBL95774;CHEMBL98798;CHEMBL99024,BRICS,True,pending,pending,,False,0.716,-2.151,0,False,328.52,1.064,2,4,6
GEN_4C60D2AB,C[N+](C)(C)CC(O)COC1CCCC[C@@H]1N1CCc2ccccc21,[15*]C1CCCC[C@@H]1[15*];[3*]O[3*];[4*]CC(O)C[4*];[5*]N1CCc2ccccc21;[5*][N+](C)(C)C,CHEMBL101581;CHEMBL113902;CHEMBL114728;CHEMBL115440;CHEMBL116012;CHEMBL117326;CHEMBL1202473;CHEMBL1202477;CHEMBL1202478;CHEMBL135853;CHEMBL140561;CHEMBL144778;CHEMBL14627;CHEMBL14699;CHEMBL14874;CHEMBL14932;CHEMBL14952;CHEMBL15202;CHEMBL15346;CHEMBL155761;CHEMBL160846;CHEMBL168656;CHEMBL168921;CHEMBL1744086;CHEMBL1744347;CHEMBL1744349;CHEMBL1788321;CHEMBL1907763;CHEMBL1907764;CHEMBL1907944;CHEMBL24026;CHEMBL24137;CHEMBL2448064;CHEMBL2448065;CHEMBL2448066;CHEMBL2448067;CHEMBL24828;CHEMBL24979;CHEMBL25425;CHEMBL25450;CHEMBL25579;CHEMBL25610;CHEMBL26641;CHEMBL269620;CHEMBL273789;CHEMBL279459;CHEMBL281872;CHEMBL281990;CHEMBL283088;CHEMBL286160;CHEMBL291359;CHEMBL291514;CHEMBL293064;CHEMBL293090;CHEMBL294034;CHEMBL294395;CHEMBL299672;CHEMBL299893;CHEMBL300791;CHEMBL304271;CHEMBL31965;CHEMBL335648;CHEMBL335931;CHEMBL338449;CHEMBL344486;CHEMBL348146;CHEMBL353823;CHEMBL416191;CHEMBL419022;CHEMBL421326;CHEMBL422292;CHEMBL422347;CHEMBL422758;CHEMBL428534;CHEMBL460731;CHEMBL460732;CHEMBL47940;CHEMBL493428;CHEMBL514436;CHEMBL517907;CHEMBL533849;CHEMBL538507;CHEMBL538757;CHEMBL540292;CHEMBL540701;CHEMBL541307;CHEMBL542887;CHEMBL542891;CHEMBL542893;CHEMBL543361;CHEMBL544067;CHEMBL544074;CHEMBL544538;CHEMBL544770;CHEMBL545006;CHEMBL545315;CHEMBL552859;CHEMBL552860;CHEMBL553;CHEMBL554;CHEMBL55425;CHEMBL55794;CHEMBL56027;CHEMBL56142;CHEMBL56266;CHEMBL56319;CHEMBL56502;CHEMBL56505;CHEMBL56542;CHEMBL56912;CHEMBL56936;CHEMBL57758;CHEMBL57759;CHEMBL57892;CHEMBL57990;CHEMBL59812;CHEMBL607707;CHEMBL60826;CHEMBL61119;CHEMBL939;CHEMBL95320;CHEMBL95774;CHEMBL98798;CHEMBL99024,BRICS,True,pending,pending,,False,0.812,-3.236,0,False,333.5,2.444,1,3,6
GEN_513B5AF9,CC(CO)(CO)N1CCCC1OCC(O)C[N+](C)(C)C,[3*]O[3*];[4*]C(C)(CO)CO;[4*]CC(O)C[4*];[5*]N1CCCC1[13*];[5*][N+](C)(C)C,CHEMBL101581;CHEMBL113902;CHEMBL114728;CHEMBL115440;CHEMBL116012;CHEMBL117326;CHEMBL1202473;CHEMBL1202477;CHEMBL1202478;CHEMBL135853;CHEMBL140561;CHEMBL14627;CHEMBL14699;CHEMBL14874;CHEMBL14932;CHEMBL14952;CHEMBL15202;CHEMBL15346;CHEMBL155761;CHEMBL157128;CHEMBL160846;CHEMBL168656;CHEMBL168921;CHEMBL1744086;CHEMBL1744347;CHEMBL1744349;CHEMBL1788321;CHEMBL1907763;CHEMBL1907764;CHEMBL1907944;CHEMBL24026;CHEMBL24137;CHEMBL2448064;CHEMBL2448065;CHEMBL2448066;CHEMBL2448067;CHEMBL24828;CHEMBL24979;CHEMBL25425;CHEMBL25450;CHEMBL25579;CHEMBL25610;CHEMBL26641;CHEMBL269620;CHEMBL273789;CHEMBL279459;CHEMBL281872;CHEMBL281990;CHEMBL283088;CHEMBL286160;CHEMBL291359;CHEMBL291514;CHEMBL293064;CHEMBL293090;CHEMBL294034;CHEMBL294395;CHEMBL299672;CHEMBL299893;CHEMBL300791;CHEMBL304271;CHEMBL31965;CHEMBL335648;CHEMBL335931;CHEMBL338449;CHEMBL344486;CHEMBL348146;CHEMBL353823;CHEMBL416191;CHEMBL419022;CHEMBL421326;CHEMBL422292;CHEMBL422347;CHEMBL422758;CHEMBL428534;CHEMBL460731;CHEMBL460732;CHEMBL47940;CHEMBL493428;CHEMBL514436;CHEMBL517907;CHEMBL533849;CHEMBL538507;CHEMBL538757;CHEMBL540292;CHEMBL540701;CHEMBL541307;CHEMBL542887;CHEMBL542891;CHEMBL542893;CHEMBL543361;CHEMBL544067;CHEMBL544074;CHEMBL544538;CHEMBL544770;CHEMBL545006;CHEMBL545315;CHEMBL552859;CHEMBL552860;CHEMBL553;CHEMBL554;CHEMBL55425;CHEMBL55794;CHEMBL56027;CHEMBL56142;CHEMBL56266;CHEMBL56319;CHEMBL56502;CHEMBL56505;CHEMBL56912;CHEMBL56936;CHEMBL57758;CHEMBL57759;CHEMBL57892;CHEMBL57990;CHEMBL59812;CHEMBL607707;CHEMBL60826;CHEMBL61119;CHEMBL939;CHEMBL95320;CHEMBL95774;CHEMBL98798;CHEMBL99024,BRICS,True,pending,pending,,False,0.513,-0.637,0,False,291.41,-0.765,3,5,8
GEN_09F1679E,C[N+](C)(C)CC(O)COC(=O)C(F)(F)F,[1*]C(=O)C(F)(F)F;[3*]O[3*];[4*]CC(O)C[4*];[5*][N+](C)(C)C,CHEMBL101581;CHEMBL113902;CHEMBL114728;CHEMBL115440;CHEMBL116012;CHEMBL117326;CHEMBL1202473;CHEMBL1202477;CHEMBL1202478;CHEMBL135853;CHEMBL140561;CHEMBL14627;CHEMBL14699;CHEMBL14874;CHEMBL14932;CHEMBL14952;CHEMBL15202;CHEMBL15346;CHEMBL155761;CHEMBL160846;CHEMBL168656;CHEMBL168921;CHEMBL1744086;CHEMBL1744347;CHEMBL1744349;CHEMBL1788321;CHEMBL1907763;CHEMBL1907764;CHEMBL1907944;CHEMBL24026;CHEMBL24137;CHEMBL2448064;CHEMBL2448065;CHEMBL2448066;CHEMBL2448067;CHEMBL24828;CHEMBL24979;CHEMBL25425;CHEMBL25450;CHEMBL25579;CHEMBL25610;CHEMBL26641;CHEMBL269620;CHEMBL273789;CHEMBL279459;CHEMBL281872;CHEMBL281990;CHEMBL283088;CHEMBL286160;CHEMBL291359;CHEMBL291514;CHEMBL293064;CHEMBL293090;CHEMBL294034;CHEMBL294395;CHEMBL299672;CHEMBL299893;CHEMBL300791;CHEMBL304271;CHEMBL31965;CHEMBL335648;CHEMBL335931;CHEMBL335932;CHEMBL336410;CHEMBL338449;CHEMBL344486;CHEMBL348146;CHEMBL353823;CHEMBL416191;CHEMBL419022;CHEMBL421326;CHEMBL422292;CHEMBL422347;CHEMBL422758;CHEMBL428534;CHEMBL460731;CHEMBL460732;CHEMBL47940;CHEMBL493428;CHEMBL514436;CHEMBL517907;CHEMBL533849;CHEMBL538507;CHEMBL538757;CHEMBL540292;CHEMBL540701;CHEMBL541307;CHEMBL542887;CHEMBL542891;CHEMBL542893;CHEMBL543361;CHEMBL544067;CHEMBL544074;CHEMBL544538;CHEMBL544770;CHEMBL545006;CHEMBL545315;CHEMBL552859;CHEMBL552860;CHEMBL553;CHEMBL554;CHEMBL55425;CHEMBL55794;CHEMBL56027;CHEMBL56142;CHEMBL56266;CHEMBL56319;CHEMBL56502;CHEMBL56505;CHEMBL56912;CHEMBL56936;CHEMBL57758;CHEMBL57759;CHEMBL57892;CHEMBL57990;CHEMBL59812;CHEMBL607707;CHEMBL60826;CHEMBL61119;CHEMBL939;CHEMBL95320;CHEMBL95774;CHEMBL98798;CHEMBL99024,BRICS,True,pending,pending,,False,0.552,-1.103,0,False,230.21,0.159,1,3,4
GEN_0CFB1E0E,Cc1[nH]c(OCC(O)C[N+](C)(C)C)c(C)c1C(N)=O,[14*]c1[nH]c(C)c([16*])c1C;[3*]O[3*];[4*]CC(O)C[4*];[5*][N+](C)(C)C;[6*]C(N)=O,CHEMBL101581;CHEMBL113902;CHEMBL114728;CHEMBL115440;CHEMBL116012;CHEMBL117326;CHEMBL1202473;CHEMBL1202477;CHEMBL1202478;CHEMBL135853;CHEMBL140561;CHEMBL14627;CHEMBL146694;CHEMBL14699;CHEMBL14874;CHEMBL149201;CHEMBL14932;CHEMBL14952;CHEMBL150177;CHEMBL15202;CHEMBL15346;CHEMBL155761;CHEMBL160846;CHEMBL168656;CHEMBL168921;CHEMBL1744086;CHEMBL1744347;CHEMBL1744349;CHEMBL1788321;CHEMBL1907763;CHEMBL1907764;CHEMBL1907944;CHEMBL24026;CHEMBL24137;CHEMBL2448064;CHEMBL2448065;CHEMBL2448066;CHEMBL2448067;CHEMBL24828;CHEMBL24979;CHEMBL25425;CHEMBL25450;CHEMBL25579;CHEMBL25610;CHEMBL26641;CHEMBL269620;CHEMBL273789;CHEMBL279459;CHEMBL281872;CHEMBL281990;CHEMBL283088;CHEMBL286160;CHEMBL291359;CHEMBL291514;CHEMBL293064;CHEMBL293090;CHEMBL294034;CHEMBL294395;CHEMBL299672;CHEMBL299893;CHEMBL300791;CHEMBL304271;CHEMBL305782;CHEMBL311109;CHEMBL31965;CHEMBL335648;CHEMBL335931;CHEMBL338449;CHEMBL344486;CHEMBL348146;CHEMBL353823;CHEMBL358728;CHEMBL416191;CHEMBL419022;CHEMBL421326;CHEMBL422292;CHEMBL422347;CHEMBL422758;CHEMBL428534;CHEMBL431977;CHEMBL432903;CHEMBL460731;CHEMBL460732;CHEMBL47940;CHEMBL493428;CHEMBL514436;CHEMBL517907;CHEMBL533849;CHEMBL538507;CHEMBL538757;CHEMBL540292;CHEMBL540701;CHEMBL541307;CHEMBL542887;CHEMBL542891;CHEMBL542893;CHEMBL543361;CHEMBL544067;CHEMBL544074;CHEMBL544538;CHEMBL544770;CHEMBL545006;CHEMBL545315;CHEMBL552859;CHEMBL552860;CHEMBL553;CHEMBL554;CHEMBL55425;CHEMBL55794;CHEMBL56027;CHEMBL56142;CHEMBL56266;CHEMBL56319;CHEMBL56502;CHEMBL56505;CHEMBL56912;CHEMBL56936;CHEMBL57758;CHEMBL57759;CHEMBL57892;CHEMBL57990;CHEMBL59812;CHEMBL607707;CHEMBL60826;CHEMBL61119;CHEMBL939;CHEMBL95320;CHEMBL95774;CHEMBL98798;CHEMBL99024,BRICS,True,pending,pending,,False,0.644,-1.426,0,False,270.35,0.176,3,3,6
GEN_A9A05740,C[N+](C)(C)CC(O)COc1ccc(C#N)cc1F,[16*]c1ccc(C#N)cc1F;[3*]O[3*];[4*]CC(O)C[4*];[5*][N+](C)(C)C,CHEMBL101581;CHEMBL113902;CHEMBL114728;CHEMBL115440;CHEMBL116012;CHEMBL117326;CHEMBL1202473;CHEMBL1202477;CHEMBL1202478;CHEMBL135853;CHEMBL140561;CHEMBL14627;CHEMBL14699;CHEMBL14874;CHEMBL14932;CHEMBL14952;CHEMBL15202;CHEMBL15346;CHEMBL155761;CHEMBL160846;CHEMBL168656;CHEMBL168921;CHEMBL1744086;CHEMBL1744347;CHEMBL1744349;CHEMBL1788321;CHEMBL1907763;CHEMBL1907764;CHEMBL1907944;CHEMBL24026;CHEMBL24137;CHEMBL2448064;CHEMBL2448065;CHEMBL2448066;CHEMBL2448067;CHEMBL24828;CHEMBL24979;CHEMBL25425;CHEMBL25450;CHEMBL25579;CHEMBL25610;CHEMBL26641;CHEMBL269620;CHEMBL273789;CHEMBL279459;CHEMBL281872;CHEMBL281990;CHEMBL283088;CHEMBL286160;CHEMBL291359;CHEMBL291514;CHEMBL293064;CHEMBL293090;CHEMBL294034;CHEMBL294395;CHEMBL299672;CHEMBL299893;CHEMBL300791;CHEMBL304271;CHEMBL31965;CHEMBL335648;CHEMBL335931;CHEMBL338449;CHEMBL344486;CHEMBL348146;CHEMBL353823;CHEMBL416191;CHEMBL419022;CHEMBL421326;CHEMBL422292;CHEMBL422347;CHEMBL422758;CHEMBL428534;CHEMBL460731;CHEMBL460732;CHEMBL47940;CHEMBL493428;CHEMBL514436;CHEMBL517907;CHEMBL533849;CHEMBL538507;CHEMBL538757;CHEMBL540292;CHEMBL540701;CHEMBL541307;CHEMBL542887;CHEMBL542891;CHEMBL542893;CHEMBL543361;CHEMBL544067;CHEMBL544074;CHEMBL544538;CHEMBL544770;CHEMBL545006;CHEMBL545315;CHEMBL552859;CHEMBL552860;CHEMBL553;CHEMBL554;CHEMBL55425;CHEMBL55794;CHEMBL56027;CHEMBL56142;CHEMBL56266;CHEMBL56319;CHEMBL56502;CHEMBL56505;CHEMBL56912;CHEMBL56936;CHEMBL57758;CHEMBL57759;CHEMBL57892;CHEMBL57990;CHEMBL59812;CHEMBL607707;CHEMBL60826;CHEMBL61119;CHEMBL939;CHEMBL95320;CHEMBL95774;CHEMBL98798;CHEMBL99024,BRICS,True,pending,pending,,False,0.801,-2.047,0,False,253.3,1.143,1,3,5
GEN_AF850AEC,C[N+](C)(C)CC(O)COC1CCCN1c1nc2cc(Cl)ccc2s1,[14*]c1nc2cc(Cl)ccc2s1;[3*]O[3*];[4*]CC(O)C[4*];[5*]N1CCCC1[13*];[5*][N+](C)(C)C,CHEMBL101581;CHEMBL113902;CHEMBL114728;CHEMBL115440;CHEMBL115519;CHEMBL116012;CHEMBL117326;CHEMBL1202473;CHEMBL1202477;CHEMBL1202478;CHEMBL135853;CHEMBL140561;CHEMBL14627;CHEMBL14699;CHEMBL14874;CHEMBL14932;CHEMBL14952;CHEMBL15202;CHEMBL15346;CHEMBL155761;CHEMBL157128;CHEMBL160846;CHEMBL168656;CHEMBL168921;CHEMBL1744086;CHEMBL1744347;CHEMBL1744349;CHEMBL1788321;CHEMBL1907763;CHEMBL1907764;CHEMBL1907944;CHEMBL24026;CHEMBL24137;CHEMBL2448064;CHEMBL2448065;CHEMBL2448066;CHEMBL2448067;CHEMBL24828;CHEMBL24979;CHEMBL25425;CHEMBL25450;CHEMBL25579;CHEMBL25610;CHEMBL26641;CHEMBL269620;CHEMBL273789;CHEMBL279459;CHEMBL281872;CHEMBL281990;CHEMBL283088;CHEMBL286160;CHEMBL291359;CHEMBL291514;CHEMBL293064;CHEMBL293090;CHEMBL294034;CHEMBL294395;CHEMBL299672;CHEMBL299893;CHEMBL300791;CHEMBL304271;CHEMBL31965;CHEMBL335648;CHEMBL335931;CHEMBL338449;CHEMBL344486;CHEMBL348146;CHEMBL353823;CHEMBL416191;CHEMBL419022;CHEMBL421326;CHEMBL422292;CHEMBL422347;CHEMBL422758;CHEMBL428534;CHEMBL460731;CHEMBL460732;CHEMBL47940;CHEMBL493428;CHEMBL514436;CHEMBL517907;CHEMBL533849;CHEMBL538507;CHEMBL538757;CHEMBL540292;CHEMBL540701;CHEMBL541307;CHEMBL542887;CHEMBL542891;CHEMBL542893;CHEMBL543361;CHEMBL544067;CHEMBL544074;CHEMBL544538;CHEMBL544770;CHEMBL545006;CHEMBL545315;CHEMBL552859;CHEMBL552860;CHEMBL553;CHEMBL554;CHEMBL55425;CHEMBL55794;CHEMBL56027;CHEMBL56142;CHEMBL56266;CHEMBL56319;CHEMBL56502;CHEMBL56505;CHEMBL56912;CHEMBL56936;CHEMBL57758;CHEMBL57759;CHEMBL57892;CHEMBL57990;CHEMBL59812;CHEMBL607707;CHEMBL60826;CHEMBL61119;CHEMBL939;CHEMBL95320;CHEMBL95774;CHEMBL98798;CHEMBL99024,BRICS,True,pending,pending,,False,0.794,-3.886,0,False,370.93,2.96,1,5,6
GEN_F1560EBF,C=CS(=O)(=O)c1cc2c(-c3c(C#N)cnc4cc(OCC(O)C[N+](C)(C)C)ccc34)ncnc2cn1,[14*]c1ncnc2cnc(S(=O)(=O)C=C)cc12;[16*]c1ccc2c([16*])c(C#N)cnc2c1;[3*]O[3*];[4*]CC(O)C[4*];[5*][N+](C)(C)C,CHEMBL101581;CHEMBL113902;CHEMBL114728;CHEMBL115440;CHEMBL116012;CHEMBL117326;CHEMBL1202473;CHEMBL1202477;CHEMBL1202478;CHEMBL135853;CHEMBL140561;CHEMBL14627;CHEMBL14699;CHEMBL14874;CHEMBL14932;CHEMBL14952;CHEMBL15202;CHEMBL15346;CHEMBL155761;CHEMBL160846;CHEMBL168656;CHEMBL168921;CHEMBL1744086;CHEMBL1744347;CHEMBL1744349;CHEMBL1788321;CHEMBL1907763;CHEMBL1907764;CHEMBL1907944;CHEMBL24026;CHEMBL24137;CHEMBL2448064;CHEMBL2448065;CHEMBL2448066;CHEMBL2448067;CHEMBL24828;CHEMBL24979;CHEMBL25425;CHEMBL25450;CHEMBL25579;CHEMBL25610;CHEMBL26641;CHEMBL269620;CHEMBL273789;CHEMBL279459;CHEMBL281872;CHEMBL281990;CHEMBL283088;CHEMBL286160;CHEMBL291359;CHEMBL291514;CHEMBL293064;CHEMBL293090;CHEMBL294034;CHEMBL294395;CHEMBL299672;CHEMBL299893;CHEMBL300791;CHEMBL304271;CHEMBL31965;CHEMBL322395;CHEMBL335648;CHEMBL335931;CHEMBL336264;CHEMBL338449;CHEMBL344486;CHEMBL348146;CHEMBL353823;CHEMBL416191;CHEMBL419022;CHEMBL421326;CHEMBL422292;CHEMBL422347;CHEMBL422758;CHEMBL428534;CHEMBL460731;CHEMBL460732;CHEMBL47940;CHEMBL493428;CHEMBL514436;CHEMBL517907;CHEMBL533849;CHEMBL538507;CHEMBL538757;CHEMBL540292;CHEMBL540701;CHEMBL541307;CHEMBL542887;CHEMBL542891;CHEMBL542893;CHEMBL543361;CHEMBL544067;CHEMBL544074;CHEMBL544538;CHEMBL544770;CHEMBL545006;CHEMBL545315;CHEMBL552859;CHEMBL552860;CHEMBL553;CHEMBL554;CHEMBL55425;CHEMBL55794;CHEMBL56027;CHEMBL56142;CHEMBL56266;CHEMBL56319;CHEMBL56502;CHEMBL56505;CHEMBL56912;CHEMBL56936;CHEMBL57758;CHEMBL57759;CHEMBL57892;CHEMBL57990;CHEMBL59812;CHEMBL607707;CHEMBL60826;CHEMBL61119;CHEMBL939;CHEMBL95320;CHEMBL95774;CHEMBL98798;CHEMBL99024,BRICS,True,pending,pending,,False,0.358,-4.417,0,False,505.58,2.475,1,9,8
GEN_5E3439FA,C[N+](C)(C)CC(O)COc1ccc2c(C3CCC(O)C3)c(C#N)cnc2c1,[15*]C1CCC(O)C1;[16*]c1ccc2c([16*])c(C#N)cnc2c1;[3*]O[3*];[4*]CC(O)C[4*];[5*][N+](C)(C)C,CHEMBL101581;CHEMBL113902;CHEMBL114728;CHEMBL115440;CHEMBL116012;CHEMBL117326;CHEMBL1202473;CHEMBL1202477;CHEMBL1202478;CHEMBL135853;CHEMBL140561;CHEMBL14627;CHEMBL14699;CHEMBL14874;CHEMBL14932;CHEMBL14952;CHEMBL15202;CHEMBL15346;CHEMBL155761;CHEMBL160846;CHEMBL168285;CHEMBL168656;CHEMBL168921;CHEMBL1744086;CHEMBL1744347;CHEMBL1744349;CHEMBL1788321;CHEMBL1907763;CHEMBL1907764;CHEMBL1907944;CHEMBL24026;CHEMBL24137;CHEMBL2448064;CHEMBL2448065;CHEMBL2448066;CHEMBL2448067;CHEMBL24828;CHEMBL24979;CHEMBL25425;CHEMBL25450;CHEMBL25579;CHEMBL25610;CHEMBL26641;CHEMBL269620;CHEMBL273789;CHEMBL279459;CHEMBL281872;CHEMBL281990;CHEMBL283088;CHEMBL286160;CHEMBL291359;CHEMBL291514;CHEMBL293064;CHEMBL293090;CHEMBL294034;CHEMBL294395;CHEMBL299672;CHEMBL299893;CHEMBL300791;CHEMBL304271;CHEMBL31965;CHEMBL322395;CHEMBL335648;CHEMBL335931;CHEMBL338449;CHEMBL344486;CHEMBL348146;CHEMBL353823;CHEMBL416191;CHEMBL419022;CHEMBL421326;CHEMBL422292;CHEMBL422347;CHEMBL422758;CHEMBL428534;CHEMBL460731;CHEMBL460732;CHEMBL47940;CHEMBL493428;CHEMBL514436;CHEMBL517907;CHEMBL533849;CHEMBL538507;CHEMBL538757;CHEMBL540292;CHEMBL540701;CHEMBL541307;CHEMBL542887;CHEMBL542891;CHEMBL542893;CHEMBL543361;CHEMBL544067;CHEMBL544074;CHEMBL544538;CHEMBL544770;CHEMBL545006;CHEMBL545315;CHEMBL552859;CHEMBL552860;CHEMBL553;CHEMBL554;CHEMBL55425;CHEMBL55794;CHEMBL56027;CHEMBL56142;CHEMBL56266;CHEMBL56319;CHEMBL56502;CHEMBL56505;CHEMBL56912;CHEMBL56936;CHEMBL57758;CHEMBL57759;CHEMBL57892;CHEMBL57990;CHEMBL59812;CHEMBL607707;CHEMBL60826;CHEMBL61119;CHEMBL939;CHEMBL95320;CHEMBL95774;CHEMBL98798;CHEMBL99024,BRICS,True,pending,pending,,False,0.761,-3.389,0,False,370.47,2.181,2,5,6
GEN_F6B7B18F,C[N+](C)(C)CC(O)COc1cc(O)ccc1O,[16*]c1cc(O)ccc1O;[3*]O[3*];[4*]CC(O)C[4*];[5*][N+](C)(C)C,CHEMBL101581;CHEMBL113902;CHEMBL114728;CHEMBL115440;CHEMBL116012;CHEMBL117326;CHEMBL1202473;CHEMBL1202477;CHEMBL1202478;CHEMBL129930;CHEMBL131653;CHEMBL133283;CHEMBL135853;CHEMBL140561;CHEMBL14627;CHEMBL14699;CHEMBL14874;CHEMBL14932;CHEMBL14952;CHEMBL15202;CHEMBL15346;CHEMBL155761;CHEMBL160846;CHEMBL168656;CHEMBL168921;CHEMBL1744086;CHEMBL1744347;CHEMBL1744349;CHEMBL1788321;CHEMBL1907763;CHEMBL1907764;CHEMBL1907944;CHEMBL24026;CHEMBL24137;CHEMBL2448064;CHEMBL2448065;CHEMBL2448066;CHEMBL2448067;CHEMBL24828;CHEMBL24979;CHEMBL25425;CHEMBL25450;CHEMBL25579;CHEMBL25610;CHEMBL26641;CHEMBL269620;CHEMBL273789;CHEMBL279459;CHEMBL281872;CHEMBL281990;CHEMBL283088;CHEMBL286160;CHEMBL291359;CHEMBL291514;CHEMBL293064;CHEMBL293090;CHEMBL294034;CHEMBL294395;CHEMBL299672;CHEMBL299893;CHEMBL300791;CHEMBL304271;CHEMBL319620;CHEMBL31965;CHEMBL334334;CHEMBL335648;CHEMBL335931;CHEMBL338449;CHEMBL344486;CHEMBL348146;CHEMBL353823;CHEMBL416191;CHEMBL419022;CHEMBL421326;CHEMBL422292;CHEMBL422347;CHEMBL422758;CHEMBL428534;CHEMBL460731;CHEMBL460732;CHEMBL47660;CHEMBL47940;CHEMBL493428;CHEMBL514436;CHEMBL517907;CHEMBL533849;CHEMBL538507;CHEMBL538757;CHEMBL540292;CHEMBL540701;CHEMBL541307;CHEMBL542887;CHEMBL542891;CHEMBL542893;CHEMBL543361;CHEMBL544067;CHEMBL544074;CHEMBL544538;CHEMBL544770;CHEMBL545006;CHEMBL545315;CHEMBL552859;CHEMBL552860;CHEMBL553;CHEMBL554;CHEMBL55425;CHEMBL55794;CHEMBL56027;CHEMBL56142;CHEMBL56266;CHEMBL56319;CHEMBL56502;CHEMBL56505;CHEMBL56912;CHEMBL56936;CHEMBL57758;CHEMBL57759;CHEMBL57892;CHEMBL57990;CHEMBL59812;CHEMBL607707;CHEMBL60826;CHEMBL61119;CHEMBL76642;CHEMBL939;CHEMBL95320;CHEMBL95774;CHEMBL98798;CHEMBL99024,BRICS,True,pending,pending,,False,0.521,-1.616,0,False,242.29,0.544,3,4,5
GEN_D4686EAD,Cc1cccc(Cl)c1-c1ncnc2cc(OCC(O)C[N+](C)(C)C)ccc12,[14*]c1ncnc2cc([16*])ccc12;[16*]c1c(C)cccc1Cl;[3*]O[3*];[4*]CC(O)C[4*];[5*][N+](C)(C)C,CHEMBL101581;CHEMBL113902;CHEMBL114728;CHEMBL115440;CHEMBL116012;CHEMBL117326;CHEMBL1202473;CHEMBL1202477;CHEMBL1202478;CHEMBL131577;CHEMBL135853;CHEMBL140561;CHEMBL14627;CHEMBL14699;CHEMBL14874;CHEMBL14932;CHEMBL14952;CHEMBL15202;CHEMBL15346;CHEMBL155761;CHEMBL160846;CHEMBL168656;CHEMBL168921;CHEMBL1744086;CHEMBL1744347;CHEMBL1744349;CHEMBL1788321;CHEMBL1907763;CHEMBL1907764;CHEMBL1907944;CHEMBL24026;CHEMBL24137;CHEMBL2448064;CHEMBL2448065;CHEMBL2448066;CHEMBL2448067;CHEMBL24828;CHEMBL24979;CHEMBL25425;CHEMBL25450;CHEMBL25579;CHEMBL25610;CHEMBL26641;CHEMBL269620;CHEMBL273789;CHEMBL279459;CHEMBL281872;CHEMBL281990;CHEMBL283088;CHEMBL286160;CHEMBL291359;CHEMBL291514;CHEMBL293064;CHEMBL293090;CHEMBL294034;CHEMBL294395;CHEMBL299672;CHEMBL299893;CHEMBL300791;CHEMBL304271;CHEMBL31965;CHEMBL335648;CHEMBL335931;CHEMBL338449;CHEMBL344486;CHEMBL348146;CHEMBL353823;CHEMBL416191;CHEMBL419022;CHEMBL421326;CHEMBL422292;CHEMBL422347;CHEMBL422758;CHEMBL428534;CHEMBL460731;CHEMBL460732;CHEMBL47940;CHEMBL493428;CHEMBL514436;CHEMBL517907;CHEMBL533849;CHEMBL538507;CHEMBL538757;CHEMBL540292;CHEMBL540701;CHEMBL541307;CHEMBL542887;CHEMBL542891;CHEMBL542893;CHEMBL543361;CHEMBL544067;CHEMBL544074;CHEMBL544538;CHEMBL544770;CHEMBL545006;CHEMBL545315;CHEMBL552859;CHEMBL552860;CHEMBL553;CHEMBL554;CHEMBL55425;CHEMBL55794;CHEMBL56027;CHEMBL56142;CHEMBL56266;CHEMBL56319;CHEMBL56502;CHEMBL56505;CHEMBL56912;CHEMBL56936;CHEMBL57758;CHEMBL57759;CHEMBL57892;CHEMBL57990;CHEMBL59812;CHEMBL607707;CHEMBL60826;CHEMBL61119;CHEMBL92812;CHEMBL939;CHEMBL95320;CHEMBL95774;CHEMBL98798;CHEMBL99024,BRICS,True,pending,pending,,False,0.656,-4.615,0,False,386.9,3.705,1,4,6
GEN_06A2CB62,Cc1cc2cc(-c3cc(=O)c4c(O)cc(O)c(OCC(O)C[N+](C)(C)C)c4o3)ccc2[nH]1,[14*]c1cc(=O)c2c(O)cc(O)c([16*])c2o1;[16*]c1ccc2[nH]c(C)cc2c1;[3*]O[3*];[4*]CC(O)C[4*];[5*][N+](C)(C)C,CHEMBL101581;CHEMBL113902;CHEMBL114728;CHEMBL115440;CHEMBL116012;CHEMBL117326;CHEMBL1202473;CHEMBL1202477;CHEMBL1202478;CHEMBL135853;CHEMBL140561;CHEMBL14627;CHEMBL14699;CHEMBL14874;CHEMBL14932;CHEMBL14952;CHEMBL15202;CHEMBL15346;CHEMBL155761;CHEMBL160846;CHEMBL168656;CHEMBL168921;CHEMBL1744086;CHEMBL1744347;CHEMBL1744349;CHEMBL1788321;CHEMBL1907763;CHEMBL1907764;CHEMBL1907944;CHEMBL24026;CHEMBL24137;CHEMBL2448064;CHEMBL2448065;CHEMBL2448066;CHEMBL2448067;CHEMBL24828;CHEMBL24979;CHEMBL25425;CHEMBL25450;CHEMBL25579;CHEMBL25610;CHEMBL26641;CHEMBL269620;CHEMBL273789;CHEMBL279459;CHEMBL281872;CHEMBL281990;CHEMBL283088;CHEMBL286160;CHEMBL291359;CHEMBL291514;CHEMBL293064;CHEMBL293090;CHEMBL294034;CHEMBL294395;CHEMBL299672;CHEMBL299893;CHEMBL300791;CHEMBL304271;CHEMBL311111;CHEMBL31965;CHEMBL335648;CHEMBL335931;CHEMBL338449;CHEMBL344486;CHEMBL348146;CHEMBL353823;CHEMBL416191;CHEMBL418203;CHEMBL419022;CHEMBL421326;CHEMBL422292;CHEMBL422347;CHEMBL422758;CHEMBL428534;CHEMBL428690;CHEMBL460731;CHEMBL460732;CHEMBL47940;CHEMBL493428;CHEMBL514436;CHEMBL517907;CHEMBL533849;CHEMBL538507;CHEMBL538757;CHEMBL540292;CHEMBL540701;CHEMBL541307;CHEMBL542887;CHEMBL542891;CHEMBL542893;CHEMBL543361;CHEMBL544067;CHEMBL544074;CHEMBL544538;CHEMBL544770;CHEMBL545006;CHEMBL545315;CHEMBL552859;CHEMBL552860;CHEMBL553;CHEMBL554;CHEMBL55425;CHEMBL55794;CHEMBL56027;CHEMBL56142;CHEMBL56266;CHEMBL56319;CHEMBL56502;CHEMBL56505;CHEMBL56912;CHEMBL56936;CHEMBL57758;CHEMBL57759;CHEMBL57892;CHEMBL57990;CHEMBL59812;CHEMBL607707;CHEMBL60826;CHEMBL61119;CHEMBL79060;CHEMBL939;CHEMBL95320;CHEMBL95774;CHEMBL98798;CHEMBL99024,BRICS,True,pending,pending,,False,0.343,-4.565,0,False,439.49,3.107,4,6,6
GEN_E368E67C,C[N+](C)(C)CC(O)COC1CCC(O)C1,[15*]C1CCC(O)C1;[3*]O[3*];[4*]CC(O)C[4*];[5*][N+](C)(C)C,CHEMBL101581;CHEMBL113902;CHEMBL114728;CHEMBL115440;CHEMBL116012;CHEMBL117326;CHEMBL1202473;CHEMBL1202477;CHEMBL1202478;CHEMBL135853;CHEMBL140561;CHEMBL14627;CHEMBL14699;CHEMBL14874;CHEMBL14932;CHEMBL14952;CHEMBL15202;CHEMBL15346;CHEMBL155761;CHEMBL160846;CHEMBL168285;CHEMBL168656;CHEMBL168921;CHEMBL1744086;CHEMBL1744347;CHEMBL1744349;CHEMBL1788321;CHEMBL1907763;CHEMBL1907764;CHEMBL1907944;CHEMBL24026;CHEMBL24137;CHEMBL2448064;CHEMBL2448065;CHEMBL2448066;CHEMBL2448067;CHEMBL24828;CHEMBL24979;CHEMBL25425;CHEMBL25450;CHEMBL25579;CHEMBL25610;CHEMBL26641;CHEMBL269620;CHEMBL273789;CHEMBL279459;CHEMBL281872;CHEMBL281990;CHEMBL283088;CHEMBL286160;CHEMBL291359;CHEMBL291514;CHEMBL293064;CHEMBL293090;CHEMBL294034;CHEMBL294395;CHEMBL299672;CHEMBL299893;CHEMBL300791;CHEMBL304271;CHEMBL31965;CHEMBL335648;CHEMBL335931;CHEMBL338449;CHEMBL344486;CHEMBL348146;CHEMBL353823;CHEMBL416191;CHEMBL419022;CHEMBL421326;CHEMBL422292;CHEMBL422347;CHEMBL422758;CHEMBL428534;CHEMBL460731;CHEMBL460732;CHEMBL47940;CHEMBL493428;CHEMBL514436;CHEMBL517907;CHEMBL533849;CHEMBL538507;CHEMBL538757;CHEMBL540292;CHEMBL540701;CHEMBL541307;CHEMBL542887;CHEMBL542891;CHEMBL542893;CHEMBL543361;CHEMBL544067;CHEMBL544074;CHEMBL544538;CHEMBL544770;CHEMBL545006;CHEMBL545315;CHEMBL552859;CHEMBL552860;CHEMBL553;CHEMBL554;CHEMBL55425;CHEMBL55794;CHEMBL56027;CHEMBL56142;CHEMBL56266;CHEMBL56319;CHEMBL56502;CHEMBL56505;CHEMBL56912;CHEMBL56936;CHEMBL57758;CHEMBL57759;CHEMBL57892;CHEMBL57990;CHEMBL59812;CHEMBL607707;CHEMBL60826;CHEMBL61119;CHEMBL939;CHEMBL95320;CHEMBL95774;CHEMBL98798;CHEMBL99024,BRICS,True,pending,pending,,False,0.638,-0.853,0,False,218.32,-0.016,2,3,5
GEN_89D3F700,C[N+](C)(C)CC(O)COc1c(F)cc(Br)cc1F,[16*]c1c(F)cc(Br)cc1F;[3*]O[3*];[4*]CC(O)C[4*];[5*][N+](C)(C)C,CHEMBL101581;CHEMBL113902;CHEMBL114728;CHEMBL115440;CHEMBL116012;CHEMBL117326;CHEMBL1202473;CHEMBL1202477;CHEMBL1202478;CHEMBL135853;CHEMBL140561;CHEMBL14627;CHEMBL14699;CHEMBL14874;CHEMBL14932;CHEMBL14952;CHEMBL15202;CHEMBL15346;CHEMBL155761;CHEMBL160846;CHEMBL168656;CHEMBL168921;CHEMBL1744086;CHEMBL1744347;CHEMBL1744349;CHEMBL1788321;CHEMBL1907763;CHEMBL1907764;CHEMBL1907944;CHEMBL24026;CHEMBL24137;CHEMBL2448064;CHEMBL2448065;CHEMBL2448066;CHEMBL2448067;CHEMBL24828;CHEMBL24979;CHEMBL25425;CHEMBL25450;CHEMBL25579;CHEMBL25610;CHEMBL26641;CHEMBL269620;CHEMBL273789;CHEMBL279459;CHEMBL281872;CHEMBL281990;CHEMBL283088;CHEMBL286160;CHEMBL291359;CHEMBL291514;CHEMBL293064;CHEMBL293090;CHEMBL294034;CHEMBL294395;CHEMBL299672;CHEMBL299893;CHEMBL300791;CHEMBL304271;CHEMBL31965;CHEMBL335648;CHEMBL335931;CHEMBL338449;CHEMBL344486;CHEMBL348146;CHEMBL353823;CHEMBL416191;CHEMBL419022;CHEMBL421326;CHEMBL422292;CHEMBL422347;CHEMBL422758;CHEMBL428534;CHEMBL460731;CHEMBL460732;CHEMBL47940;CHEMBL493428;CHEMBL514436;CHEMBL517907;CHEMBL533849;CHEMBL538507;CHEMBL538757;CHEMBL540292;CHEMBL540701;CHEMBL541307;CHEMBL542887;CHEMBL542891;CHEMBL542893;CHEMBL543361;CHEMBL544067;CHEMBL544074;CHEMBL544538;CHEMBL544770;CHEMBL545006;CHEMBL545315;CHEMBL552859;CHEMBL552860;CHEMBL553;CHEMBL554;CHEMBL55425;CHEMBL55794;CHEMBL56027;CHEMBL56142;CHEMBL56266;CHEMBL56319;CHEMBL56502;CHEMBL56505;CHEMBL56912;CHEMBL56936;CHEMBL57758;CHEMBL57759;CHEMBL57892;CHEMBL57990;CHEMBL59812;CHEMBL607707;CHEMBL60826;CHEMBL61119;CHEMBL939;CHEMBL95320;CHEMBL95774;CHEMBL98798;CHEMBL99024,BRICS,True,pending,pending,,False,0.841,-3.142,0,False,325.17,2.173,1,2,5
GEN_E8580AAD,C[N+](C)(C)CC(O)COc1ccc(-c2[nH]cnc3c4ccccc4nc2-3)cn1,[14*]c1[nH]cnc2c3ccccc3nc1-2;[14*]c1ccc([16*])cn1;[3*]O[3*];[4*]CC(O)C[4*];[5*][N+](C)(C)C,CHEMBL101581;CHEMBL111365;CHEMBL113185;CHEMBL113902;CHEMBL114728;CHEMBL115440;CHEMBL116012;CHEMBL117326;CHEMBL1202473;CHEMBL1202477;CHEMBL1202478;CHEMBL135853;CHEMBL140561;CHEMBL14627;CHEMBL14699;CHEMBL14874;CHEMBL14932;CHEMBL14952;CHEMBL15202;CHEMBL15346;CHEMBL155761;CHEMBL160846;CHEMBL168656;CHEMBL168921;CHEMBL1744086;CHEMBL1744347;CHEMBL1744349;CHEMBL1788321;CHEMBL1907763;CHEMBL1907764;CHEMBL1907944;CHEMBL2093928;CHEMBL24026;CHEMBL24137;CHEMBL2448064;CHEMBL2448065;CHEMBL2448066;CHEMBL2448067;CHEMBL24828;CHEMBL24979;CHEMBL25425;CHEMBL25450;CHEMBL25579;CHEMBL25610;CHEMBL26641;CHEMBL269620;CHEMBL273789;CHEMBL279459;CHEMBL281872;CHEMBL281990;CHEMBL283088;CHEMBL286160;CHEMBL291359;CHEMBL291514;CHEMBL293064;CHEMBL293090;CHEMBL294034;CHEMBL294395;CHEMBL299672;CHEMBL299893;CHEMBL300791;CHEMBL304271;CHEMBL31965;CHEMBL322066;CHEMBL335648;CHEMBL335931;CHEMBL338449;CHEMBL344486;CHEMBL348146;CHEMBL353823;CHEMBL416191;CHEMBL419022;CHEMBL421326;CHEMBL422292;CHEMBL422347;CHEMBL422758;CHEMBL428534;CHEMBL460731;CHEMBL460732;CHEMBL47940;CHEMBL493428;CHEMBL514436;CHEMBL517907;CHEMBL533849;CHEMBL538507;CHEMBL538757;CHEMBL540292;CHEMBL540701;CHEMBL541307;CHEMBL542887;CHEMBL542891;CHEMBL542893;CHEMBL543361;CHEMBL544067;CHEMBL544074;CHEMBL544538;CHEMBL544640;CHEMBL544770;CHEMBL545006;CHEMBL545315;CHEMBL552859;CHEMBL552860;CHEMBL553;CHEMBL554;CHEMBL55425;CHEMBL55794;CHEMBL56027;CHEMBL56142;CHEMBL56266;CHEMBL56319;CHEMBL56502;CHEMBL56505;CHEMBL56912;CHEMBL56936;CHEMBL57758;CHEMBL57759;CHEMBL57892;CHEMBL57990;CHEMBL59812;CHEMBL607707;CHEMBL60826;CHEMBL61119;CHEMBL939;CHEMBL95320;CHEMBL95774;CHEMBL98798;CHEMBL99024,BRICS,True,pending,pending,,False,0.504,-3.912,0,False,378.46,2.571,2,5,6
GEN_93B2A97E,C[N+](C)(C)CC(O)COc1ccc2c(SC3=NCCS3)c(C#N)cnc2c1,[11*]SC1=NCCS1;[16*]c1ccc2c([16*])c(C#N)cnc2c1;[3*]O[3*];[4*]CC(O)C[4*];[5*][N+](C)(C)C,CHEMBL101581;CHEMBL113902;CHEMBL114728;CHEMBL115440;CHEMBL116012;CHEMBL117326;CHEMBL1202473;CHEMBL1202477;CHEMBL1202478;CHEMBL135853;CHEMBL140561;CHEMBL14627;CHEMBL14699;CHEMBL14874;CHEMBL14932;CHEMBL14952;CHEMBL15202;CHEMBL15346;CHEMBL155761;CHEMBL160846;CHEMBL168656;CHEMBL168921;CHEMBL1744086;CHEMBL1744347;CHEMBL1744349;CHEMBL1788321;CHEMBL1907763;CHEMBL1907764;CHEMBL1907944;CHEMBL24026;CHEMBL24137;CHEMBL2448064;CHEMBL2448065;CHEMBL2448066;CHEMBL2448067;CHEMBL24828;CHEMBL24979;CHEMBL25425;CHEMBL25450;CHEMBL25579;CHEMBL25610;CHEMBL26641;CHEMBL269620;CHEMBL273789;CHEMBL279459;CHEMBL281872;CHEMBL281990;CHEMBL283088;CHEMBL286160;CHEMBL291359;CHEMBL291514;CHEMBL293064;CHEMBL293090;CHEMBL294034;CHEMBL294395;CHEMBL299672;CHEMBL299893;CHEMBL300791;CHEMBL304271;CHEMBL31965;CHEMBL322395;CHEMBL324030;CHEMBL335648;CHEMBL335931;CHEMBL338449;CHEMBL344486;CHEMBL348146;CHEMBL353823;CHEMBL416191;CHEMBL419022;CHEMBL421326;CHEMBL422292;CHEMBL422347;CHEMBL422758;CHEMBL428534;CHEMBL460731;CHEMBL460732;CHEMBL47940;CHEMBL493428;CHEMBL514436;CHEMBL517907;CHEMBL533849;CHEMBL538507;CHEMBL538757;CHEMBL540292;CHEMBL540701;CHEMBL541307;CHEMBL542887;CHEMBL542891;CHEMBL542893;CHEMBL543361;CHEMBL544067;CHEMBL544074;CHEMBL544538;CHEMBL544770;CHEMBL545006;CHEMBL545315;CHEMBL552859;CHEMBL552860;CHEMBL553;CHEMBL554;CHEMBL55425;CHEMBL55794;CHEMBL56027;CHEMBL56142;CHEMBL56266;CHEMBL56319;CHEMBL56502;CHEMBL56505;CHEMBL56912;CHEMBL56936;CHEMBL57758;CHEMBL57759;CHEMBL57892;CHEMBL57990;CHEMBL59812;CHEMBL607707;CHEMBL60826;CHEMBL61119;CHEMBL939;CHEMBL95320;CHEMBL95774;CHEMBL98798;CHEMBL99024,BRICS,True,pending,pending,,False,0.747,-3.951,0,False,403.55,2.747,1,7,6
GEN_FBB2EC8C,CONC(=O)CCc1c(C#N)cnc2cc(OCC(O)C[N+](C)(C)C)ccc12,[16*]c1ccc2c([16*])c(C#N)cnc2c1;[3*]O[3*];[4*]CC(O)C[4*];[5*][N+](C)(C)C;[8*]CCC(=O)NOC,CHEMBL101581;CHEMBL113902;CHEMBL114728;CHEMBL115440;CHEMBL116012;CHEMBL117326;CHEMBL1202473;CHEMBL1202477;CHEMBL1202478;CHEMBL135853;CHEMBL140561;CHEMBL14627;CHEMBL14699;CHEMBL14874;CHEMBL14932;CHEMBL14952;CHEMBL15202;CHEMBL15346;CHEMBL154969;CHEMBL155761;CHEMBL160846;CHEMBL168656;CHEMBL168921;CHEMBL1744086;CHEMBL1744347;CHEMBL1744349;CHEMBL1788321;CHEMBL1907763;CHEMBL1907764;CHEMBL1907944;CHEMBL24026;CHEMBL24137;CHEMBL2448064;CHEMBL2448065;CHEMBL2448066;CHEMBL2448067;CHEMBL24828;CHEMBL24979;CHEMBL25425;CHEMBL25450;CHEMBL25579;CHEMBL25610;CHEMBL26641;CHEMBL269620;CHEMBL273789;CHEMBL279459;CHEMBL281872;CHEMBL281990;CHEMBL283088;CHEMBL286160;CHEMBL291359;CHEMBL291514;CHEMBL293064;CHEMBL293090;CHEMBL294034;CHEMBL294395;CHEMBL299672;CHEMBL299893;CHEMBL300791;CHEMBL304271;CHEMBL31965;CHEMBL322395;CHEMBL335648;CHEMBL335931;CHEMBL338449;CHEMBL344486;CHEMBL348146;CHEMBL353823;CHEMBL416191;CHEMBL419022;CHEMBL421326;CHEMBL422292;CHEMBL422347;CHEMBL422758;CHEMBL428534;CHEMBL460731;CHEMBL460732;CHEMBL47940;CHEMBL493428;CHEMBL514436;CHEMBL517907;CHEMBL533849;CHEMBL538507;CHEMBL538757;CHEMBL540292;CHEMBL540701;CHEMBL541307;CHEMBL542887;CHEMBL542891;CHEMBL542893;CHEMBL543361;CHEMBL544067;CHEMBL544074;CHEMBL544538;CHEMBL544770;CHEMBL545006;CHEMBL545315;CHEMBL552859;CHEMBL552860;CHEMBL553;CHEMBL554;CHEMBL55425;CHEMBL55794;CHEMBL56027;CHEMBL56142;CHEMBL56266;CHEMBL56319;CHEMBL56502;CHEMBL56505;CHEMBL56912;CHEMBL56936;CHEMBL57758;CHEMBL57759;CHEMBL57892;CHEMBL57990;CHEMBL59812;CHEMBL607707;CHEMBL60826;CHEMBL61119;CHEMBL939;CHEMBL95320;CHEMBL95774;CHEMBL98798;CHEMBL99024,BRICS,True,pending,pending,,False,0.494,-2.645,0,False,387.46,1.163,2,6,9
GEN_48F48C81,C[N+](C)(C)CC(O)COC1CCCN1S(C)(=O)=O,[12*]S(C)(=O)=O;[3*]O[3*];[4*]CC(O)C[4*];[5*]N1CCCC1[13*];[5*][N+](C)(C)C,CHEMBL101581;CHEMBL113902;CHEMBL114728;CHEMBL115440;CHEMBL116012;CHEMBL117326;CHEMBL1202473;CHEMBL1202477;CHEMBL1202478;CHEMBL131020;CHEMBL135853;CHEMBL140561;CHEMBL14627;CHEMBL14699;CHEMBL14874;CHEMBL14932;CHEMBL14952;CHEMBL15202;CHEMBL15346;CHEMBL155761;CHEMBL157128;CHEMBL160846;CHEMBL168656;CHEMBL168921;CHEMBL1744086;CHEMBL1744347;CHEMBL1744349;CHEMBL1788321;CHEMBL1907763;CHEMBL1907764;CHEMBL1907944;CHEMBL24026;CHEMBL24137;CHEMBL2448064;CHEMBL2448065;CHEMBL2448066;CHEMBL2448067;CHEMBL24828;CHEMBL24979;CHEMBL25425;CHEMBL25450;CHEMBL25579;CHEMBL25610;CHEMBL26641;CHEMBL269620;CHEMBL273789;CHEMBL279459;CHEMBL281872;CHEMBL281990;CHEMBL283088;CHEMBL286160;CHEMBL291359;CHEMBL291514;CHEMBL293064;CHEMBL293090;CHEMBL294034;CHEMBL294395;CHEMBL299672;CHEMBL299893;CHEMBL300791;CHEMBL304271;CHEMBL31965;CHEMBL335648;CHEMBL335931;CHEMBL338449;CHEMBL344486;CHEMBL348146;CHEMBL353823;CHEMBL416191;CHEMBL419022;CHEMBL421326;CHEMBL422292;CHEMBL422347;CHEMBL422758;CHEMBL428534;CHEMBL460731;CHEMBL460732;CHEMBL47940;CHEMBL493428;CHEMBL514436;CHEMBL517907;CHEMBL533849;CHEMBL538507;CHEMBL538757;CHEMBL540292;CHEMBL540701;CHEMBL541307;CHEMBL542887;CHEMBL542891;CHEMBL542893;CHEMBL543361;CHEMBL544067;CHEMBL544074;CHEMBL544538;CHEMBL544770;CHEMBL545006;CHEMBL545315;CHEMBL552859;CHEMBL552860;CHEMBL553;CHEMBL554;CHEMBL55425;CHEMBL55794;CHEMBL56027;CHEMBL56142;CHEMBL56266;CHEMBL56319;CHEMBL56502;CHEMBL56505;CHEMBL56912;CHEMBL56936;CHEMBL57758;CHEMBL57759;CHEMBL57892;CHEMBL57990;CHEMBL59812;CHEMBL607707;CHEMBL60826;CHEMBL61119;CHEMBL939;CHEMBL95320;CHEMBL95774;CHEMBL98798;CHEMBL99024,BRICS,True,pending,pending,,False,0.664,-0.843,0,False,281.4,-0.548,1,4,6
GEN_B5C90894,C[N+](C)(C)CC(O)COc1ccc2c(-c3ccc(C#N)cc3F)ncnc2c1,[14*]c1ncnc2cc([16*])ccc12;[16*]c1ccc(C#N)cc1F;[3*]O[3*];[4*]CC(O)C[4*];[5*][N+](C)(C)C,CHEMBL101581;CHEMBL113902;CHEMBL114728;CHEMBL115440;CHEMBL116012;CHEMBL117326;CHEMBL1202473;CHEMBL1202477;CHEMBL1202478;CHEMBL135853;CHEMBL140561;CHEMBL14627;CHEMBL14699;CHEMBL14874;CHEMBL14932;CHEMBL14952;CHEMBL15202;CHEMBL15346;CHEMBL155761;CHEMBL160846;CHEMBL168656;CHEMBL168921;CHEMBL1744086;CHEMBL1744347;CHEMBL1744349;CHEMBL1788321;CHEMBL1907763;CHEMBL1907764;CHEMBL1907944;CHEMBL24026;CHEMBL24137;CHEMBL2448064;CHEMBL2448065;CHEMBL2448066;CHEMBL2448067;CHEMBL24828;CHEMBL24979;CHEMBL25425;CHEMBL25450;CHEMBL25579;CHEMBL25610;CHEMBL26641;CHEMBL269620;CHEMBL273789;CHEMBL279459;CHEMBL281872;CHEMBL281990;CHEMBL283088;CHEMBL286160;CHEMBL291359;CHEMBL291514;CHEMBL293064;CHEMBL293090;CHEMBL294034;CHEMBL294395;CHEMBL299672;CHEMBL299893;CHEMBL300791;CHEMBL304271;CHEMBL31965;CHEMBL335648;CHEMBL335931;CHEMBL338449;CHEMBL344486;CHEMBL348146;CHEMBL353823;CHEMBL416191;CHEMBL419022;CHEMBL421326;CHEMBL422292;CHEMBL422347;CHEMBL422758;CHEMBL428534;CHEMBL460731;CHEMBL460732;CHEMBL47940;CHEMBL493428;CHEMBL514436;CHEMBL517907;CHEMBL533849;CHEMBL538507;CHEMBL538757;CHEMBL540292;CHEMBL540701;CHEMBL541307;CHEMBL542887;CHEMBL542891;CHEMBL542893;CHEMBL543361;CHEMBL544067;CHEMBL544074;CHEMBL544538;CHEMBL544770;CHEMBL545006;CHEMBL545315;CHEMBL552859;CHEMBL552860;CHEMBL553;CHEMBL554;CHEMBL55425;CHEMBL55794;CHEMBL56027;CHEMBL56142;CHEMBL56266;CHEMBL56319;CHEMBL56502;CHEMBL56505;CHEMBL56912;CHEMBL56936;CHEMBL57758;CHEMBL57759;CHEMBL57892;CHEMBL57990;CHEMBL59812;CHEMBL607707;CHEMBL60826;CHEMBL61119;CHEMBL92812;CHEMBL939;CHEMBL95320;CHEMBL95774;CHEMBL98798;CHEMBL99024,BRICS,True,pending,pending,,False,0.664,-3.966,0,False,381.43,2.753,1,5,6
GEN_1E907E60,C[N+](C)(C)CC(O)COc1cn(-c2cnccn2)c2ncnc(N)c12,[14*]c1cnccn1;[3*]O[3*];[4*]CC(O)C[4*];[5*][N+](C)(C)C;[9*]n1cc([16*])c2c(N)ncnc21,CHEMBL101581;CHEMBL113902;CHEMBL114728;CHEMBL115440;CHEMBL116012;CHEMBL117326;CHEMBL1202473;CHEMBL1202477;CHEMBL1202478;CHEMBL135853;CHEMBL140561;CHEMBL14627;CHEMBL14699;CHEMBL14874;CHEMBL14932;CHEMBL14952;CHEMBL15202;CHEMBL15346;CHEMBL155761;CHEMBL160846;CHEMBL166765;CHEMBL166766;CHEMBL168266;CHEMBL168285;CHEMBL168382;CHEMBL168550;CHEMBL168555;CHEMBL168656;CHEMBL168661;CHEMBL168829;CHEMBL168921;CHEMBL169064;CHEMBL169065;CHEMBL169200;CHEMBL169390;CHEMBL169467;CHEMBL169519;CHEMBL169570;CHEMBL169780;CHEMBL169920;CHEMBL170438;CHEMBL170724;CHEMBL171256;CHEMBL171311;CHEMBL171545;CHEMBL172514;CHEMBL1744086;CHEMBL1744347;CHEMBL1744349;CHEMBL1788321;CHEMBL1907763;CHEMBL1907764;CHEMBL1907944;CHEMBL24026;CHEMBL24137;CHEMBL2448064;CHEMBL2448065;CHEMBL2448066;CHEMBL2448067;CHEMBL24828;CHEMBL24979;CHEMBL25425;CHEMBL25450;CHEMBL25579;CHEMBL25610;CHEMBL262276;CHEMBL263528;CHEMBL26641;CHEMBL269620;CHEMBL273789;CHEMBL274732;CHEMBL279459;CHEMBL281872;CHEMBL281990;CHEMBL283088;CHEMBL286160;CHEMBL291359;CHEMBL291514;CHEMBL293064;CHEMBL293090;CHEMBL294034;CHEMBL294395;CHEMBL299672;CHEMBL299893;CHEMBL300791;CHEMBL304271;CHEMBL31965;CHEMBL335648;CHEMBL335931;CHEMBL337297;CHEMBL338449;CHEMBL344486;CHEMBL348146;CHEMBL352801;CHEMBL352954;CHEMBL353823;CHEMBL354033;CHEMBL354310;CHEMBL355019;CHEMBL355191;CHEMBL355269;CHEMBL355322;CHEMBL355330;CHEMBL355891;CHEMBL408683;CHEMBL416191;CHEMBL419022;CHEMBL421326;CHEMBL422292;CHEMBL422347;CHEMBL422758;CHEMBL428534;CHEMBL460731;CHEMBL460732;CHEMBL47940;CHEMBL493428;CHEMBL514436;CHEMBL517907;CHEMBL533849;CHEMBL538507;CHEMBL538757;CHEMBL540292;CHEMBL540701;CHEMBL541307;CHEMBL542887;CHEMBL542891;CHEMBL542893;CHEMBL543361;CHEMBL544067;CHEMBL544074;CHEMBL544538;CHEMBL544770;CHEMBL545006;CHEMBL545315;CHEMBL552859;CHEMBL552860;CHEMBL553;CHEMBL554;CHEMBL55425;CHEMBL55794;CHEMBL56027;CHEMBL56142;CHEMBL56266;CHEMBL56319;CHEMBL56502;CHEMBL56505;CHEMBL56912;CHEMBL56936;CHEMBL57758;CHEMBL57759;CHEMBL57892;CHEMBL57990;CHEMBL59812;CHEMBL607707;CHEMBL60826;CHEMBL61119;CHEMBL939;CHEMBL95320;CHEMBL95774;CHEMBL98798;CHEMBL99024,BRICS,True,pending,pending,,False,0.616,-2.174,0,False,344.4,0.239,2,7,6
GEN_C18CAD4D,C[N+](C)(C)CC(O)COc1c(O)cc(O)c2c(=O)cc(-c3nc4cc(Cl)ccc4s3)oc12,[14*]c1cc(=O)c2c(O)cc(O)c([16*])c2o1;[14*]c1nc2cc(Cl)ccc2s1;[3*]O[3*];[4*]CC(O)C[4*];[5*][N+](C)(C)C,CHEMBL101581;CHEMBL113902;CHEMBL114728;CHEMBL115440;CHEMBL115519;CHEMBL116012;CHEMBL117326;CHEMBL1202473;CHEMBL1202477;CHEMBL1202478;CHEMBL135853;CHEMBL140561;CHEMBL14627;CHEMBL14699;CHEMBL14874;CHEMBL14932;CHEMBL14952;CHEMBL15202;CHEMBL15346;CHEMBL155761;CHEMBL160846;CHEMBL168656;CHEMBL168921;CHEMBL1744086;CHEMBL1744347;CHEMBL1744349;CHEMBL1788321;CHEMBL1907763;CHEMBL1907764;CHEMBL1907944;CHEMBL24026;CHEMBL24137;CHEMBL2448064;CHEMBL2448065;CHEMBL2448066;CHEMBL2448067;CHEMBL24828;CHEMBL24979;CHEMBL25425;CHEMBL25450;CHEMBL25579;CHEMBL25610;CHEMBL26641;CHEMBL269620;CHEMBL273789;CHEMBL279459;CHEMBL281872;CHEMBL281990;CHEMBL283088;CHEMBL286160;CHEMBL291359;CHEMBL291514;CHEMBL293064;CHEMBL293090;CHEMBL294034;CHEMBL294395;CHEMBL299672;CHEMBL299893;CHEMBL300791;CHEMBL304271;CHEMBL31965;CHEMBL335648;CHEMBL335931;CHEMBL338449;CHEMBL344486;CHEMBL348146;CHEMBL353823;CHEMBL416191;CHEMBL418203;CHEMBL419022;CHEMBL421326;CHEMBL422292;CHEMBL422347;CHEMBL422758;CHEMBL428534;CHEMBL428690;CHEMBL460731;CHEMBL460732;CHEMBL47940;CHEMBL493428;CHEMBL514436;CHEMBL517907;CHEMBL533849;CHEMBL538507;CHEMBL538757;CHEMBL540292;CHEMBL540701;CHEMBL541307;CHEMBL542887;CHEMBL542891;CHEMBL542893;CHEMBL543361;CHEMBL544067;CHEMBL544074;CHEMBL544538;CHEMBL544770;CHEMBL545006;CHEMBL545315;CHEMBL552859;CHEMBL552860;CHEMBL553;CHEMBL554;CHEMBL55425;CHEMBL55794;CHEMBL56027;CHEMBL56142;CHEMBL56266;CHEMBL56319;CHEMBL56502;CHEMBL56505;CHEMBL56912;CHEMBL56936;CHEMBL57758;CHEMBL57759;CHEMBL57892;CHEMBL57990;CHEMBL59812;CHEMBL607707;CHEMBL60826;CHEMBL61119;CHEMBL939;CHEMBL95320;CHEMBL95774;CHEMBL98798;CHEMBL99024,BRICS,True,pending,pending,,False,0.364,-5.102,0,False,477.95,3.58,3,8,6
GEN_306FE8FF,C[N+](C)(C)CC(O)COc1ccc2c(-c3cc(=O)c4cc(N)ccc4o3)c(C#N)cnc2c1,[14*]c1cc(=O)c2cc(N)ccc2o1;[16*]c1ccc2c([16*])c(C#N)cnc2c1;[3*]O[3*];[4*]CC(O)C[4*];[5*][N+](C)(C)C,CHEMBL101581;CHEMBL112925;CHEMBL113902;CHEMBL114728;CHEMBL115440;CHEMBL116012;CHEMBL117326;CHEMBL1202473;CHEMBL1202477;CHEMBL1202478;CHEMBL135853;CHEMBL140561;CHEMBL14627;CHEMBL14699;CHEMBL14874;CHEMBL14932;CHEMBL14952;CHEMBL15202;CHEMBL15346;CHEMBL155761;CHEMBL160846;CHEMBL168656;CHEMBL168921;CHEMBL1744086;CHEMBL1744347;CHEMBL1744349;CHEMBL1788321;CHEMBL1907763;CHEMBL1907764;CHEMBL1907944;CHEMBL24026;CHEMBL24137;CHEMBL2448064;CHEMBL2448065;CHEMBL2448066;CHEMBL2448067;CHEMBL24828;CHEMBL24979;CHEMBL25425;CHEMBL25450;CHEMBL25579;CHEMBL25610;CHEMBL26641;CHEMBL269620;CHEMBL273789;CHEMBL279459;CHEMBL281872;CHEMBL281990;CHEMBL283088;CHEMBL286160;CHEMBL291359;CHEMBL291514;CHEMBL293064;CHEMBL293090;CHEMBL294034;CHEMBL294395;CHEMBL299672;CHEMBL299893;CHEMBL300791;CHEMBL304271;CHEMBL31965;CHEMBL322395;CHEMBL335648;CHEMBL335931;CHEMBL338449;CHEMBL344486;CHEMBL348146;CHEMBL353823;CHEMBL416191;CHEMBL419022;CHEMBL421326;CHEMBL422292;CHEMBL422347;CHEMBL422758;CHEMBL428534;CHEMBL460731;CHEMBL460732;CHEMBL47940;CHEMBL493428;CHEMBL514436;CHEMBL517907;CHEMBL533849;CHEMBL538507;CHEMBL538757;CHEMBL540292;CHEMBL540701;CHEMBL541307;CHEMBL542887;CHEMBL542891;CHEMBL542893;CHEMBL543361;CHEMBL544067;CHEMBL544074;CHEMBL544538;CHEMBL544770;CHEMBL545006;CHEMBL545315;CHEMBL552859;CHEMBL552860;CHEMBL553;CHEMBL554;CHEMBL55425;CHEMBL55794;CHEMBL56027;CHEMBL56142;CHEMBL56266;CHEMBL56319;CHEMBL56502;CHEMBL56505;CHEMBL56912;CHEMBL56936;CHEMBL57758;CHEMBL57759;CHEMBL57892;CHEMBL57990;CHEMBL59812;CHEMBL607707;CHEMBL60826;CHEMBL61119;CHEMBL939;CHEMBL95320;CHEMBL95774;CHEMBL98798;CHEMBL99024,BRICS,True,pending,pending,,False,0.346,-4.487,0,False,445.5,2.908,2,7,6
GEN_BA186AF1,Cc1[nH]c(OCC(O)C[N+](C)(C)C)c(C)c1N1CC(C)NC(C)C1,[14*]c1[nH]c(C)c([16*])c1C;[3*]O[3*];[4*]CC(O)C[4*];[5*]N1CC(C)NC(C)C1;[5*][N+](C)(C)C,CHEMBL101581;CHEMBL113902;CHEMBL114728;CHEMBL115440;CHEMBL116012;CHEMBL117326;CHEMBL1202473;CHEMBL1202477;CHEMBL1202478;CHEMBL135853;CHEMBL140561;CHEMBL14627;CHEMBL146694;CHEMBL14699;CHEMBL14874;CHEMBL149201;CHEMBL14932;CHEMBL14952;CHEMBL150177;CHEMBL15202;CHEMBL15346;CHEMBL155761;CHEMBL160846;CHEMBL168656;CHEMBL168921;CHEMBL1744086;CHEMBL1744347;CHEMBL1744349;CHEMBL1788321;CHEMBL1907763;CHEMBL1907764;CHEMBL1907944;CHEMBL24026;CHEMBL24137;CHEMBL2448064;CHEMBL2448065;CHEMBL2448066;CHEMBL2448067;CHEMBL24828;CHEMBL24979;CHEMBL25425;CHEMBL25450;CHEMBL25579;CHEMBL25610;CHEMBL26641;CHEMBL269620;CHEMBL273789;CHEMBL279459;CHEMBL281872;CHEMBL281990;CHEMBL283088;CHEMBL286160;CHEMBL291359;CHEMBL291514;CHEMBL293064;CHEMBL293090;CHEMBL294034;CHEMBL294395;CHEMBL299672;CHEMBL299893;CHEMBL300791;CHEMBL304271;CHEMBL305782;CHEMBL31965;CHEMBL335648;CHEMBL335931;CHEMBL338449;CHEMBL344486;CHEMBL348146;CHEMBL353823;CHEMBL358728;CHEMBL416191;CHEMBL419022;CHEMBL421326;CHEMBL422292;CHEMBL422347;CHEMBL422758;CHEMBL428534;CHEMBL432903;CHEMBL460731;CHEMBL460732;CHEMBL47940;CHEMBL493428;CHEMBL514436;CHEMBL517907;CHEMBL533849;CHEMBL538507;CHEMBL538757;CHEMBL540292;CHEMBL540701;CHEMBL541307;CHEMBL542887;CHEMBL542891;CHEMBL542893;CHEMBL543361;CHEMBL544067;CHEMBL544074;CHEMBL544538;CHEMBL544770;CHEMBL545006;CHEMBL545315;CHEMBL552859;CHEMBL552860;CHEMBL553;CHEMBL554;CHEMBL55425;CHEMBL55794;CHEMBL56027;CHEMBL56142;CHEMBL56266;CHEMBL56319;CHEMBL56502;CHEMBL56505;CHEMBL56912;CHEMBL56936;CHEMBL57758;CHEMBL57759;CHEMBL57892;CHEMBL57990;CHEMBL59812;CHEMBL607707;CHEMBL60826;CHEMBL61119;CHEMBL69071;CHEMBL939;CHEMBL95320;CHEMBL95774;CHEMBL98798;CHEMBL99024,BRICS,True,pending,pending,,False,0.683,-2.499,0,False,339.5,1.264,3,4,6
GEN_F7A5300C,Cc1[nH]c(OCC(O)C[N+](C)(C)C)c(C)c1SC1=NCCS1,[11*]SC1=NCCS1;[14*]c1[nH]c(C)c([16*])c1C;[3*]O[3*];[4*]CC(O)C[4*];[5*][N+](C)(C)C,CHEMBL101581;CHEMBL113902;CHEMBL114728;CHEMBL115440;CHEMBL116012;CHEMBL117326;CHEMBL1202473;CHEMBL1202477;CHEMBL1202478;CHEMBL135853;CHEMBL140561;CHEMBL14627;CHEMBL146694;CHEMBL14699;CHEMBL14874;CHEMBL149201;CHEMBL14932;CHEMBL14952;CHEMBL150177;CHEMBL15202;CHEMBL15346;CHEMBL155761;CHEMBL160846;CHEMBL168656;CHEMBL168921;CHEMBL1744086;CHEMBL1744347;CHEMBL1744349;CHEMBL1788321;CHEMBL1907763;CHEMBL1907764;CHEMBL1907944;CHEMBL24026;CHEMBL24137;CHEMBL2448064;CHEMBL2448065;CHEMBL2448066;CHEMBL2448067;CHEMBL24828;CHEMBL24979;CHEMBL25425;CHEMBL25450;CHEMBL25579;CHEMBL25610;CHEMBL26641;CHEMBL269620;CHEMBL273789;CHEMBL279459;CHEMBL281872;CHEMBL281990;CHEMBL283088;CHEMBL286160;CHEMBL291359;CHEMBL291514;CHEMBL293064;CHEMBL293090;CHEMBL294034;CHEMBL294395;CHEMBL299672;CHEMBL299893;CHEMBL300791;CHEMBL304271;CHEMBL305782;CHEMBL31965;CHEMBL324030;CHEMBL335648;CHEMBL335931;CHEMBL338449;CHEMBL344486;CHEMBL348146;CHEMBL353823;CHEMBL358728;CHEMBL416191;CHEMBL419022;CHEMBL421326;CHEMBL422292;CHEMBL422347;CHEMBL422758;CHEMBL428534;CHEMBL432903;CHEMBL460731;CHEMBL460732;CHEMBL47940;CHEMBL493428;CHEMBL514436;CHEMBL517907;CHEMBL533849;CHEMBL538507;CHEMBL538757;CHEMBL540292;CHEMBL540701;CHEMBL541307;CHEMBL542887;CHEMBL542891;CHEMBL542893;CHEMBL543361;CHEMBL544067;CHEMBL544074;CHEMBL544538;CHEMBL544770;CHEMBL545006;CHEMBL545315;CHEMBL552859;CHEMBL552860;CHEMBL553;CHEMBL554;CHEMBL55425;CHEMBL55794;CHEMBL56027;CHEMBL56142;CHEMBL56266;CHEMBL56319;CHEMBL56502;CHEMBL56505;CHEMBL56912;CHEMBL56936;CHEMBL57758;CHEMBL57759;CHEMBL57892;CHEMBL57990;CHEMBL59812;CHEMBL607707;CHEMBL60826;CHEMBL61119;CHEMBL939;CHEMBL95320;CHEMBL95774;CHEMBL98798;CHEMBL99024,BRICS,True,pending,pending,,False,0.777,-3.18,0,False,344.53,2.272,2,5,6
GEN_0D165A65,Cc1[nH]c(OCC(O)C[N+](C)(C)C)c(C)c1-c1cnccn1,[14*]c1[nH]c(C)c([16*])c1C;[14*]c1cnccn1;[3*]O[3*];[4*]CC(O)C[4*];[5*][N+](C)(C)C,CHEMBL101581;CHEMBL113902;CHEMBL114728;CHEMBL115440;CHEMBL116012;CHEMBL117326;CHEMBL1202473;CHEMBL1202477;CHEMBL1202478;CHEMBL135853;CHEMBL140561;CHEMBL14627;CHEMBL146694;CHEMBL14699;CHEMBL14874;CHEMBL149201;CHEMBL14932;CHEMBL14952;CHEMBL150177;CHEMBL15202;CHEMBL15346;CHEMBL155761;CHEMBL160846;CHEMBL168656;CHEMBL168921;CHEMBL1744086;CHEMBL1744347;CHEMBL1744349;CHEMBL1788321;CHEMBL1907763;CHEMBL1907764;CHEMBL1907944;CHEMBL24026;CHEMBL24137;CHEMBL2448064;CHEMBL2448065;CHEMBL2448066;CHEMBL2448067;CHEMBL24828;CHEMBL24979;CHEMBL25425;CHEMBL25450;CHEMBL25579;CHEMBL25610;CHEMBL26641;CHEMBL269620;CHEMBL273789;CHEMBL279459;CHEMBL281872;CHEMBL281990;CHEMBL283088;CHEMBL286160;CHEMBL291359;CHEMBL291514;CHEMBL293064;CHEMBL293090;CHEMBL294034;CHEMBL294395;CHEMBL299672;CHEMBL299893;CHEMBL300791;CHEMBL304271;CHEMBL305782;CHEMBL31965;CHEMBL335648;CHEMBL335931;CHEMBL337297;CHEMBL338449;CHEMBL344486;CHEMBL348146;CHEMBL353823;CHEMBL358728;CHEMBL416191;CHEMBL419022;CHEMBL421326;CHEMBL422292;CHEMBL422347;CHEMBL422758;CHEMBL428534;CHEMBL432903;CHEMBL460731;CHEMBL460732;CHEMBL47940;CHEMBL493428;CHEMBL514436;CHEMBL517907;CHEMBL533849;CHEMBL538507;CHEMBL538757;CHEMBL540292;CHEMBL540701;CHEMBL541307;CHEMBL542887;CHEMBL542891;CHEMBL542893;CHEMBL543361;CHEMBL544067;CHEMBL544074;CHEMBL544538;CHEMBL544770;CHEMBL545006;CHEMBL545315;CHEMBL552859;CHEMBL552860;CHEMBL553;CHEMBL554;CHEMBL55425;CHEMBL55794;CHEMBL56027;CHEMBL56142;CHEMBL56266;CHEMBL56319;CHEMBL56502;CHEMBL56505;CHEMBL56912;CHEMBL56936;CHEMBL57758;CHEMBL57759;CHEMBL57892;CHEMBL57990;CHEMBL59812;CHEMBL607707;CHEMBL60826;CHEMBL61119;CHEMBL939;CHEMBL95320;CHEMBL95774;CHEMBL98798;CHEMBL99024,BRICS,True,pending,pending,,False,0.794,-2.674,0,False,305.4,1.534,2,4,6
GEN_D5C85813,C[N+](C)(C)CC(O)COc1cn(-c2ncnc3cnc(S(=O)(=O)CCO)cc23)c2ncnc(N)c12,[14*]c1ncnc2cnc(S(=O)(=O)CCO)cc12;[3*]O[3*];[4*]CC(O)C[4*];[5*][N+](C)(C)C;[9*]n1cc([16*])c2c(N)ncnc21,CHEMBL101581;CHEMBL113902;CHEMBL114728;CHEMBL115440;CHEMBL116012;CHEMBL117326;CHEMBL1202473;CHEMBL1202477;CHEMBL1202478;CHEMBL135853;CHEMBL140561;CHEMBL14627;CHEMBL14699;CHEMBL14874;CHEMBL14932;CHEMBL14952;CHEMBL15202;CHEMBL15346;CHEMBL155761;CHEMBL160846;CHEMBL166765;CHEMBL166766;CHEMBL168266;CHEMBL168285;CHEMBL168382;CHEMBL168550;CHEMBL168555;CHEMBL168656;CHEMBL168661;CHEMBL168829;CHEMBL168921;CHEMBL169064;CHEMBL169065;CHEMBL169200;CHEMBL169390;CHEMBL169467;CHEMBL169519;CHEMBL169570;CHEMBL169780;CHEMBL169920;CHEMBL170438;CHEMBL170724;CHEMBL171256;CHEMBL171311;CHEMBL171545;CHEMBL172514;CHEMBL1744086;CHEMBL1744347;CHEMBL1744349;CHEMBL1788321;CHEMBL1907763;CHEMBL1907764;CHEMBL1907944;CHEMBL24026;CHEMBL24137;CHEMBL2448064;CHEMBL2448065;CHEMBL2448066;CHEMBL2448067;CHEMBL24828;CHEMBL24979;CHEMBL25425;CHEMBL25450;CHEMBL25579;CHEMBL25610;CHEMBL262276;CHEMBL263528;CHEMBL26641;CHEMBL269620;CHEMBL273789;CHEMBL274732;CHEMBL279459;CHEMBL281872;CHEMBL281990;CHEMBL283088;CHEMBL286160;CHEMBL291359;CHEMBL291514;CHEMBL293064;CHEMBL293090;CHEMBL294034;CHEMBL294395;CHEMBL299672;CHEMBL299893;CHEMBL300791;CHEMBL304271;CHEMBL31965;CHEMBL335440;CHEMBL335648;CHEMBL335931;CHEMBL338449;CHEMBL344486;CHEMBL348146;CHEMBL352801;CHEMBL352954;CHEMBL353823;CHEMBL354033;CHEMBL354310;CHEMBL355019;CHEMBL355191;CHEMBL355269;CHEMBL355322;CHEMBL355330;CHEMBL355891;CHEMBL408683;CHEMBL416191;CHEMBL419022;CHEMBL421326;CHEMBL422292;CHEMBL422347;CHEMBL422758;CHEMBL428534;CHEMBL460731;CHEMBL460732;CHEMBL47940;CHEMBL493428;CHEMBL514436;CHEMBL517907;CHEMBL533849;CHEMBL538507;CHEMBL538757;CHEMBL540292;CHEMBL540701;CHEMBL541307;CHEMBL542887;CHEMBL542891;CHEMBL542893;CHEMBL543361;CHEMBL544067;CHEMBL544074;CHEMBL544538;CHEMBL544770;CHEMBL545006;CHEMBL545315;CHEMBL552859;CHEMBL552860;CHEMBL553;CHEMBL554;CHEMBL55425;CHEMBL55794;CHEMBL56027;CHEMBL56142;CHEMBL56266;CHEMBL56319;CHEMBL56502;CHEMBL56505;CHEMBL56912;CHEMBL56936;CHEMBL57758;CHEMBL57759;CHEMBL57892;CHEMBL57990;CHEMBL59812;CHEMBL607707;CHEMBL60826;CHEMBL61119;CHEMBL939;CHEMBL95320;CHEMBL95774;CHEMBL98798;CHEMBL99024,BRICS,True,pending,pending,,False,0.252,-2.488,0,False,503.57,-0.447,3,11,9
GEN_AF54AA0E,C[N+](C)(C)CC(O)COC1CCCC[C@@H]1c1cc(O)ccc1[N+](=O)[O-],[15*]C1CCCC[C@@H]1[15*];[16*]c1cc(O)ccc1[N+](=O)[O-];[3*]O[3*];[4*]CC(O)C[4*];[5*][N+](C)(C)C,CHEMBL101581;CHEMBL113902;CHEMBL114728;CHEMBL115440;CHEMBL116012;CHEMBL117326;CHEMBL1202473;CHEMBL1202477;CHEMBL1202478;CHEMBL135853;CHEMBL140561;CHEMBL144778;CHEMBL14627;CHEMBL14699;CHEMBL14874;CHEMBL14932;CHEMBL14952;CHEMBL15202;CHEMBL15346;CHEMBL155761;CHEMBL160846;CHEMBL168656;CHEMBL168921;CHEMBL1744086;CHEMBL1744347;CHEMBL1744349;CHEMBL1788321;CHEMBL1907763;CHEMBL1907764;CHEMBL1907944;CHEMBL24026;CHEMBL24137;CHEMBL2448064;CHEMBL2448065;CHEMBL2448066;CHEMBL2448067;CHEMBL24828;CHEMBL24979;CHEMBL25425;CHEMBL25450;CHEMBL25579;CHEMBL25610;CHEMBL26641;CHEMBL269620;CHEMBL273789;CHEMBL279459;CHEMBL281872;CHEMBL281990;CHEMBL283088;CHEMBL286160;CHEMBL291359;CHEMBL291514;CHEMBL293064;CHEMBL293090;CHEMBL294034;CHEMBL294395;CHEMBL299672;CHEMBL299893;CHEMBL300791;CHEMBL304271;CHEMBL31965;CHEMBL335648;CHEMBL335931;CHEMBL338449;CHEMBL344486;CHEMBL348146;CHEMBL353823;CHEMBL416191;CHEMBL419022;CHEMBL421326;CHEMBL422292;CHEMBL422347;CHEMBL422758;CHEMBL428534;CHEMBL460731;CHEMBL460732;CHEMBL47940;CHEMBL493428;CHEMBL514436;CHEMBL517907;CHEMBL533849;CHEMBL538507;CHEMBL538757;CHEMBL540292;CHEMBL540701;CHEMBL541307;CHEMBL542887;CHEMBL542891;CHEMBL542893;CHEMBL543361;CHEMBL544067;CHEMBL544074;CHEMBL544538;CHEMBL544770;CHEMBL545006;CHEMBL545315;CHEMBL552859;CHEMBL552860;CHEMBL553;CHEMBL554;CHEMBL55425;CHEMBL55794;CHEMBL56027;CHEMBL56142;CHEMBL56266;CHEMBL56319;CHEMBL56502;CHEMBL56505;CHEMBL56912;CHEMBL56936;CHEMBL57758;CHEMBL57759;CHEMBL57892;CHEMBL57990;CHEMBL59812;CHEMBL607707;CHEMBL60826;CHEMBL61119;CHEMBL77085;CHEMBL939;CHEMBL95320;CHEMBL95774;CHEMBL98798;CHEMBL99024,BRICS,True,pending,pending,,False,0.446,-3.265,0,False,353.44,2.41,2,5,7
GEN_6B2DF15F,CNC(=S)N(C)c1c(OCC(O)C[N+](C)(C)C)n(C)c2ccc(O)cc12,[14*]c1c([16*])c2cc(O)ccc2n1C;[3*]O[3*];[4*]CC(O)C[4*];[5*]N(C)C(=S)NC;[5*][N+](C)(C)C,CHEMBL101581;CHEMBL113902;CHEMBL114728;CHEMBL115440;CHEMBL116012;CHEMBL117326;CHEMBL1202473;CHEMBL1202477;CHEMBL1202478;CHEMBL135853;CHEMBL140561;CHEMBL14627;CHEMBL14699;CHEMBL14874;CHEMBL14932;CHEMBL14952;CHEMBL15202;CHEMBL15346;CHEMBL155761;CHEMBL160846;CHEMBL168656;CHEMBL168921;CHEMBL1744086;CHEMBL1744347;CHEMBL1744349;CHEMBL1788321;CHEMBL1907763;CHEMBL1907764;CHEMBL1907944;CHEMBL24026;CHEMBL24137;CHEMBL2448064;CHEMBL2448065;CHEMBL2448066;CHEMBL2448067;CHEMBL24828;CHEMBL24979;CHEMBL25425;CHEMBL25450;CHEMBL25579;CHEMBL25610;CHEMBL26641;CHEMBL269620;CHEMBL273789;CHEMBL279459;CHEMBL281872;CHEMBL281990;CHEMBL283088;CHEMBL286160;CHEMBL291359;CHEMBL291514;CHEMBL293064;CHEMBL293090;CHEMBL293250;CHEMBL294034;CHEMBL294395;CHEMBL299672;CHEMBL299893;CHEMBL300791;CHEMBL304271;CHEMBL31965;CHEMBL335648;CHEMBL335931;CHEMBL337035;CHEMBL338449;CHEMBL344486;CHEMBL348146;CHEMBL353823;CHEMBL416191;CHEMBL419022;CHEMBL421326;CHEMBL422292;CHEMBL422347;CHEMBL422758;CHEMBL428534;CHEMBL460731;CHEMBL460732;CHEMBL47940;CHEMBL493428;CHEMBL514436;CHEMBL517907;CHEMBL533849;CHEMBL538507;CHEMBL538757;CHEMBL540292;CHEMBL540701;CHEMBL541307;CHEMBL542887;CHEMBL542891;CHEMBL542893;CHEMBL543361;CHEMBL544067;CHEMBL544074;CHEMBL544538;CHEMBL544770;CHEMBL545006;CHEMBL545315;CHEMBL552859;CHEMBL552860;CHEMBL553;CHEMBL554;CHEMBL55425;CHEMBL55794;CHEMBL56027;CHEMBL56142;CHEMBL56266;CHEMBL56319;CHEMBL56502;CHEMBL56505;CHEMBL56912;CHEMBL56936;CHEMBL57758;CHEMBL57759;CHEMBL57892;CHEMBL57990;CHEMBL59812;CHEMBL607707;CHEMBL60826;CHEMBL61119;CHEMBL939;CHEMBL95320;CHEMBL95774;CHEMBL98798;CHEMBL99024,BRICS,True,pending,pending,,False,0.517,-2.866,0,False,381.52,1.27,3,4,6
GEN_CC925849,C[N+](C)(C)CC(O)COC1CCCC[C@@H]1c1cnc2cc(O)c(O)cc2c1,[15*]C1CCCC[C@@H]1[15*];[16*]c1cnc2cc(O)c(O)cc2c1;[3*]O[3*];[4*]CC(O)C[4*];[5*][N+](C)(C)C,CHEMBL101581;CHEMBL113902;CHEMBL114728;CHEMBL115440;CHEMBL116012;CHEMBL117326;CHEMBL1202473;CHEMBL1202477;CHEMBL1202478;CHEMBL135853;CHEMBL140561;CHEMBL144778;CHEMBL14627;CHEMBL14699;CHEMBL14874;CHEMBL14932;CHEMBL14952;CHEMBL15202;CHEMBL15346;CHEMBL155761;CHEMBL160846;CHEMBL168656;CHEMBL168921;CHEMBL1744086;CHEMBL1744347;CHEMBL1744349;CHEMBL1788321;CHEMBL1907763;CHEMBL1907764;CHEMBL1907944;CHEMBL24026;CHEMBL24137;CHEMBL2448064;CHEMBL2448065;CHEMBL2448066;CHEMBL2448067;CHEMBL24828;CHEMBL24979;CHEMBL25425;CHEMBL25450;CHEMBL25579;CHEMBL25610;CHEMBL26641;CHEMBL269620;CHEMBL273789;CHEMBL279459;CHEMBL281872;CHEMBL281990;CHEMBL283088;CHEMBL286160;CHEMBL291359;CHEMBL291514;CHEMBL293064;CHEMBL293090;CHEMBL294034;CHEMBL294395;CHEMBL299672;CHEMBL299893;CHEMBL300791;CHEMBL304271;CHEMBL31965;CHEMBL335648;CHEMBL335931;CHEMBL338449;CHEMBL344486;CHEMBL348146;CHEMBL353823;CHEMBL416191;CHEMBL419022;CHEMBL421326;CHEMBL422292;CHEMBL422347;CHEMBL422758;CHEMBL428534;CHEMBL460731;CHEMBL460732;CHEMBL47940;CHEMBL493428;CHEMBL514436;CHEMBL517907;CHEMBL533849;CHEMBL538507;CHEMBL538757;CHEMBL540292;CHEMBL540701;CHEMBL541307;CHEMBL542887;CHEMBL542891;CHEMBL542893;CHEMBL543361;CHEMBL544067;CHEMBL544074;CHEMBL544538;CHEMBL544770;CHEMBL545006;CHEMBL545315;CHEMBL552859;CHEMBL552860;CHEMBL553;CHEMBL554;CHEMBL55425;CHEMBL55794;CHEMBL56027;CHEMBL56142;CHEMBL56266;CHEMBL56319;CHEMBL56502;CHEMBL56505;CHEMBL56912;CHEMBL56936;CHEMBL57758;CHEMBL57759;CHEMBL57892;CHEMBL57990;CHEMBL59812;CHEMBL607707;CHEMBL60826;CHEMBL61119;CHEMBL63356;CHEMBL87084;CHEMBL939;CHEMBL95320;CHEMBL95774;CHEMBL98798;CHEMBL99024,BRICS,True,pending,pending,,False,0.534,-3.782,1,True,375.49,2.756,3,5,6
GEN_0623389D,C[N+](C)(C)CC(O)COc1ccc2c(-c3cc(O)c(Cl)cc3F)c(C#N)cnc2c1,[16*]c1cc(O)c(Cl)cc1F;[16*]c1ccc2c([16*])c(C#N)cnc2c1;[3*]O[3*];[4*]CC(O)C[4*];[5*][N+](C)(C)C,CHEMBL101581;CHEMBL113902;CHEMBL114728;CHEMBL115440;CHEMBL116012;CHEMBL117326;CHEMBL1202473;CHEMBL1202477;CHEMBL1202478;CHEMBL135853;CHEMBL140561;CHEMBL14627;CHEMBL14699;CHEMBL14874;CHEMBL14932;CHEMBL14952;CHEMBL15202;CHEMBL15346;CHEMBL155761;CHEMBL160846;CHEMBL168656;CHEMBL168921;CHEMBL1744086;CHEMBL1744347;CHEMBL1744349;CHEMBL1788321;CHEMBL1907763;CHEMBL1907764;CHEMBL1907944;CHEMBL24026;CHEMBL24137;CHEMBL2448064;CHEMBL2448065;CHEMBL2448066;CHEMBL2448067;CHEMBL24828;CHEMBL24979;CHEMBL25425;CHEMBL25450;CHEMBL25579;CHEMBL25610;CHEMBL26641;CHEMBL269620;CHEMBL273789;CHEMBL279459;CHEMBL281872;CHEMBL281990;CHEMBL283088;CHEMBL286160;CHEMBL291359;CHEMBL291514;CHEMBL293064;CHEMBL293090;CHEMBL294034;CHEMBL294395;CHEMBL299672;CHEMBL299893;CHEMBL300791;CHEMBL304271;CHEMBL31965;CHEMBL322395;CHEMBL335648;CHEMBL335931;CHEMBL338449;CHEMBL344486;CHEMBL348146;CHEMBL353823;CHEMBL416191;CHEMBL419022;CHEMBL421326;CHEMBL422292;CHEMBL422347;CHEMBL422758;CHEMBL428534;CHEMBL460731;CHEMBL460732;CHEMBL47940;CHEMBL493428;CHEMBL514436;CHEMBL517907;CHEMBL533849;CHEMBL538507;CHEMBL538757;CHEMBL540292;CHEMBL540701;CHEMBL541307;CHEMBL542887;CHEMBL542891;CHEMBL542893;CHEMBL543361;CHEMBL544067;CHEMBL544074;CHEMBL544538;CHEMBL544770;CHEMBL545006;CHEMBL545315;CHEMBL552859;CHEMBL552860;CHEMBL553;CHEMBL554;CHEMBL55425;CHEMBL55794;CHEMBL56027;CHEMBL56142;CHEMBL56266;CHEMBL56319;CHEMBL56502;CHEMBL56505;CHEMBL56912;CHEMBL56936;CHEMBL57758;CHEMBL57759;CHEMBL57892;CHEMBL57990;CHEMBL59812;CHEMBL607707;CHEMBL60826;CHEMBL61119;CHEMBL939;CHEMBL95320;CHEMBL95774;CHEMBL98798;CHEMBL99024,BRICS,True,pending,pending,,False,0.582,-4.852,0,False,430.89,3.717,2,5,6
GEN_E152592E,Cc1cc2cc(-c3c(OCC(O)C[N+](C)(C)C)n(C)c4ccc(O)cc34)ccc2[nH]1,[14*]c1c([16*])c2cc(O)ccc2n1C;[16*]c1ccc2[nH]c(C)cc2c1;[3*]O[3*];[4*]CC(O)C[4*];[5*][N+](C)(C)C,CHEMBL101581;CHEMBL113902;CHEMBL114728;CHEMBL115440;CHEMBL116012;CHEMBL117326;CHEMBL1202473;CHEMBL1202477;CHEMBL1202478;CHEMBL135853;CHEMBL140561;CHEMBL14627;CHEMBL14699;CHEMBL14874;CHEMBL14932;CHEMBL14952;CHEMBL15202;CHEMBL15346;CHEMBL155761;CHEMBL160846;CHEMBL168656;CHEMBL168921;CHEMBL1744086;CHEMBL1744347;CHEMBL1744349;CHEMBL1788321;CHEMBL1907763;CHEMBL1907764;CHEMBL1907944;CHEMBL24026;CHEMBL24137;CHEMBL2448064;CHEMBL2448065;CHEMBL2448066;CHEMBL2448067;CHEMBL24828;CHEMBL24979;CHEMBL25425;CHEMBL25450;CHEMBL25579;CHEMBL25610;CHEMBL26641;CHEMBL269620;CHEMBL273789;CHEMBL279459;CHEMBL281872;CHEMBL281990;CHEMBL283088;CHEMBL286160;CHEMBL291359;CHEMBL291514;CHEMBL293064;CHEMBL293090;CHEMBL293250;CHEMBL294034;CHEMBL294395;CHEMBL299672;CHEMBL299893;CHEMBL300791;CHEMBL304271;CHEMBL311111;CHEMBL31965;CHEMBL335648;CHEMBL335931;CHEMBL338449;CHEMBL344486;CHEMBL348146;CHEMBL353823;CHEMBL416191;CHEMBL419022;CHEMBL421326;CHEMBL422292;CHEMBL422347;CHEMBL422758;CHEMBL428534;CHEMBL460731;CHEMBL460732;CHEMBL47940;CHEMBL493428;CHEMBL514436;CHEMBL517907;CHEMBL533849;CHEMBL538507;CHEMBL538757;CHEMBL540292;CHEMBL540701;CHEMBL541307;CHEMBL542887;CHEMBL542891;CHEMBL542893;CHEMBL543361;CHEMBL544067;CHEMBL544074;CHEMBL544538;CHEMBL544770;CHEMBL545006;CHEMBL545315;CHEMBL552859;CHEMBL552860;CHEMBL553;CHEMBL554;CHEMBL55425;CHEMBL55794;CHEMBL56027;CHEMBL56142;CHEMBL56266;CHEMBL56319;CHEMBL56502;CHEMBL56505;CHEMBL56912;CHEMBL56936;CHEMBL57758;CHEMBL57759;CHEMBL57892;CHEMBL57990;CHEMBL59812;CHEMBL607707;CHEMBL60826;CHEMBL61119;CHEMBL79060;CHEMBL939;CHEMBL95320;CHEMBL95774;CHEMBL98798;CHEMBL99024,BRICS,True,pending,pending,,False,0.425,-4.806,0,False,408.52,3.787,3,3,6
GEN_3C8D1DFD,C[N+](C)(C)CC(O)COc1ncnc2c1c1ccccc1n2-c1ccc2c(c1)CCC2,[16*]c1ccc2c(c1)CCC2;[3*]O[3*];[4*]CC(O)C[4*];[5*][N+](C)(C)C;[9*]n1c2ccccc2c2c([14*])ncnc21,CHEMBL101581;CHEMBL113902;CHEMBL114728;CHEMBL115440;CHEMBL116012;CHEMBL117326;CHEMBL1202473;CHEMBL1202477;CHEMBL1202478;CHEMBL135853;CHEMBL140561;CHEMBL14627;CHEMBL14699;CHEMBL14874;CHEMBL14932;CHEMBL14952;CHEMBL15202;CHEMBL15346;CHEMBL155761;CHEMBL160846;CHEMBL168656;CHEMBL168921;CHEMBL1744086;CHEMBL1744347;CHEMBL1744349;CHEMBL1788321;CHEMBL1907763;CHEMBL1907764;CHEMBL1907944;CHEMBL24026;CHEMBL24137;CHEMBL2448064;CHEMBL2448065;CHEMBL2448066;CHEMBL2448067;CHEMBL24828;CHEMBL24979;CHEMBL25425;CHEMBL25450;CHEMBL25579;CHEMBL25610;CHEMBL26641;CHEMBL269620;CHEMBL273789;CHEMBL279459;CHEMBL281872;CHEMBL281990;CHEMBL283088;CHEMBL286160;CHEMBL291359;CHEMBL291514;CHEMBL293064;CHEMBL293090;CHEMBL294034;CHEMBL294395;CHEMBL299672;CHEMBL299893;CHEMBL300791;CHEMBL304271;CHEMBL31965;CHEMBL335648;CHEMBL335931;CHEMBL338449;CHEMBL344486;CHEMBL348146;CHEMBL353823;CHEMBL416191;CHEMBL419022;CHEMBL421326;CHEMBL422292;CHEMBL422347;CHEMBL422758;CHEMBL428534;CHEMBL448730;CHEMBL460731;CHEMBL460732;CHEMBL47940;CHEMBL493428;CHEMBL514436;CHEMBL517907;CHEMBL533849;CHEMBL538507;CHEMBL538757;CHEMBL540292;CHEMBL540701;CHEMBL541307;CHEMBL542887;CHEMBL542891;CHEMBL542893;CHEMBL543361;CHEMBL544067;CHEMBL544074;CHEMBL544538;CHEMBL544770;CHEMBL545006;CHEMBL545315;CHEMBL552859;CHEMBL552860;CHEMBL553;CHEMBL554;CHEMBL55425;CHEMBL555797;CHEMBL55794;CHEMBL56027;CHEMBL56142;CHEMBL56266;CHEMBL56319;CHEMBL56502;CHEMBL56505;CHEMBL56912;CHEMBL56936;CHEMBL57758;CHEMBL57759;CHEMBL57892;CHEMBL57990;CHEMBL59812;CHEMBL607707;CHEMBL60826;CHEMBL61119;CHEMBL65848;CHEMBL939;CHEMBL95320;CHEMBL95774;CHEMBL98798;CHEMBL99024,BRICS,True,pending,pending,,False,0.488,-4.696,0,False,417.53,3.508,1,4,6
GEN_8BCEBBF3,Cc1cc(C)c(-c2ccc(OCC(O)C[N+](C)(C)C)nc2)[nH]1,[14*]c1[nH]c(C)cc1C;[14*]c1ccc([16*])cn1;[3*]O[3*];[4*]CC(O)C[4*];[5*][N+](C)(C)C,CHEMBL101581;CHEMBL111365;CHEMBL113185;CHEMBL113902;CHEMBL114728;CHEMBL115440;CHEMBL116012;CHEMBL117326;CHEMBL1202473;CHEMBL1202477;CHEMBL1202478;CHEMBL135853;CHEMBL140561;CHEMBL14627;CHEMBL14699;CHEMBL14874;CHEMBL14932;CHEMBL14952;CHEMBL15202;CHEMBL15346;CHEMBL155761;CHEMBL160846;CHEMBL168656;CHEMBL168921;CHEMBL1744086;CHEMBL1744347;CHEMBL1744349;CHEMBL1788321;CHEMBL1907763;CHEMBL1907764;CHEMBL1907944;CHEMBL24026;CHEMBL24137;CHEMBL2448064;CHEMBL2448065;CHEMBL2448066;CHEMBL2448067;CHEMBL24828;CHEMBL24979;CHEMBL25425;CHEMBL25450;CHEMBL25579;CHEMBL25610;CHEMBL26641;CHEMBL269620;CHEMBL273789;CHEMBL279459;CHEMBL281872;CHEMBL281990;CHEMBL283088;CHEMBL286160;CHEMBL291359;CHEMBL291514;CHEMBL293064;CHEMBL293090;CHEMBL294034;CHEMBL294395;CHEMBL299672;CHEMBL299893;CHEMBL300791;CHEMBL304271;CHEMBL31965;CHEMBL322066;CHEMBL335648;CHEMBL335931;CHEMBL338449;CHEMBL344486;CHEMBL348146;CHEMBL353823;CHEMBL416191;CHEMBL419022;CHEMBL421326;CHEMBL422292;CHEMBL422347;CHEMBL422758;CHEMBL428534;CHEMBL460731;CHEMBL460732;CHEMBL47940;CHEMBL493428;CHEMBL514436;CHEMBL517907;CHEMBL533849;CHEMBL538507;CHEMBL538757;CHEMBL540292;CHEMBL540701;CHEMBL541307;CHEMBL542887;CHEMBL542891;CHEMBL542893;CHEMBL543361;CHEMBL544067;CHEMBL544074;CHEMBL544538;CHEMBL544770;CHEMBL545006;CHEMBL545315;CHEMBL552859;CHEMBL552860;CHEMBL553;CHEMBL554;CHEMBL55425;CHEMBL55794;CHEMBL56027;CHEMBL56142;CHEMBL56266;CHEMBL56319;CHEMBL56502;CHEMBL56505;CHEMBL56912;CHEMBL56936;CHEMBL57758;CHEMBL57759;CHEMBL57892;CHEMBL57990;CHEMBL59812;CHEMBL607707;CHEMBL60826;CHEMBL61119;CHEMBL68920;CHEMBL939;CHEMBL95320;CHEMBL95774;CHEMBL98798;CHEMBL99024,BRICS,True,pending,pending,,False,0.804,-3.049,0,False,304.41,2.139,2,3,6
GEN_66AAD545,Cc1cccc(Cl)c1N1CCCC1OCC(O)C[N+](C)(C)C,[16*]c1c(C)cccc1Cl;[3*]O[3*];[4*]CC(O)C[4*];[5*]N1CCCC1[13*];[5*][N+](C)(C)C,CHEMBL101581;CHEMBL113902;CHEMBL114728;CHEMBL115440;CHEMBL116012;CHEMBL117326;CHEMBL1202473;CHEMBL1202477;CHEMBL1202478;CHEMBL131577;CHEMBL135853;CHEMBL140561;CHEMBL14627;CHEMBL14699;CHEMBL14874;CHEMBL14932;CHEMBL14952;CHEMBL15202;CHEMBL15346;CHEMBL155761;CHEMBL157128;CHEMBL160846;CHEMBL168656;CHEMBL168921;CHEMBL1744086;CHEMBL1744347;CHEMBL1744349;CHEMBL1788321;CHEMBL1907763;CHEMBL1907764;CHEMBL1907944;CHEMBL24026;CHEMBL24137;CHEMBL2448064;CHEMBL2448065;CHEMBL2448066;CHEMBL2448067;CHEMBL24828;CHEMBL24979;CHEMBL25425;CHEMBL25450;CHEMBL25579;CHEMBL25610;CHEMBL26641;CHEMBL269620;CHEMBL273789;CHEMBL279459;CHEMBL281872;CHEMBL281990;CHEMBL283088;CHEMBL286160;CHEMBL291359;CHEMBL291514;CHEMBL293064;CHEMBL293090;CHEMBL294034;CHEMBL294395;CHEMBL299672;CHEMBL299893;CHEMBL300791;CHEMBL304271;CHEMBL31965;CHEMBL335648;CHEMBL335931;CHEMBL338449;CHEMBL344486;CHEMBL348146;CHEMBL353823;CHEMBL416191;CHEMBL419022;CHEMBL421326;CHEMBL422292;CHEMBL422347;CHEMBL422758;CHEMBL428534;CHEMBL460731;CHEMBL460732;CHEMBL47940;CHEMBL493428;CHEMBL514436;CHEMBL517907;CHEMBL533849;CHEMBL538507;CHEMBL538757;CHEMBL540292;CHEMBL540701;CHEMBL541307;CHEMBL542887;CHEMBL542891;CHEMBL542893;CHEMBL543361;CHEMBL544067;CHEMBL544074;CHEMBL544538;CHEMBL544770;CHEMBL545006;CHEMBL545315;CHEMBL552859;CHEMBL552860;CHEMBL553;CHEMBL554;CHEMBL55425;CHEMBL55794;CHEMBL56027;CHEMBL56142;CHEMBL56266;CHEMBL56319;CHEMBL56502;CHEMBL56505;CHEMBL56912;CHEMBL56936;CHEMBL57758;CHEMBL57759;CHEMBL57892;CHEMBL57990;CHEMBL59812;CHEMBL607707;CHEMBL60826;CHEMBL61119;CHEMBL939;CHEMBL95320;CHEMBL95774;CHEMBL98798;CHEMBL99024,BRICS,True,pending,pending,,False,0.815,-3.353,0,False,327.88,2.658,1,3,6
GEN_12D081DC,Cn1c(OCC(O)C[N+](C)(C)C)c(-c2nc3cc(Cl)ccc3s2)c2cc(O)ccc21,[14*]c1c([16*])c2cc(O)ccc2n1C;[14*]c1nc2cc(Cl)ccc2s1;[3*]O[3*];[4*]CC(O)C[4*];[5*][N+](C)(C)C,CHEMBL101581;CHEMBL113902;CHEMBL114728;CHEMBL115440;CHEMBL115519;CHEMBL116012;CHEMBL117326;CHEMBL1202473;CHEMBL1202477;CHEMBL1202478;CHEMBL135853;CHEMBL140561;CHEMBL14627;CHEMBL14699;CHEMBL14874;CHEMBL14932;CHEMBL14952;CHEMBL15202;CHEMBL15346;CHEMBL155761;CHEMBL160846;CHEMBL168656;CHEMBL168921;CHEMBL1744086;CHEMBL1744347;CHEMBL1744349;CHEMBL1788321;CHEMBL1907763;CHEMBL1907764;CHEMBL1907944;CHEMBL24026;CHEMBL24137;CHEMBL2448064;CHEMBL2448065;CHEMBL2448066;CHEMBL2448067;CHEMBL24828;CHEMBL24979;CHEMBL25425;CHEMBL25450;CHEMBL25579;CHEMBL25610;CHEMBL26641;CHEMBL269620;CHEMBL273789;CHEMBL279459;CHEMBL281872;CHEMBL281990;CHEMBL283088;CHEMBL286160;CHEMBL291359;CHEMBL291514;CHEMBL293064;CHEMBL293090;CHEMBL293250;CHEMBL294034;CHEMBL294395;CHEMBL299672;CHEMBL299893;CHEMBL300791;CHEMBL304271;CHEMBL31965;CHEMBL335648;CHEMBL335931;CHEMBL338449;CHEMBL344486;CHEMBL348146;CHEMBL353823;CHEMBL416191;CHEMBL419022;CHEMBL421326;CHEMBL422292;CHEMBL422347;CHEMBL422758;CHEMBL428534;CHEMBL460731;CHEMBL460732;CHEMBL47940;CHEMBL493428;CHEMBL514436;CHEMBL517907;CHEMBL533849;CHEMBL538507;CHEMBL538757;CHEMBL540292;CHEMBL540701;CHEMBL541307;CHEMBL542887;CHEMBL542891;CHEMBL542893;CHEMBL543361;CHEMBL544067;CHEMBL544074;CHEMBL544538;CHEMBL544770;CHEMBL545006;CHEMBL545315;CHEMBL552859;CHEMBL552860;CHEMBL553;CHEMBL554;CHEMBL55425;CHEMBL55794;CHEMBL56027;CHEMBL56142;CHEMBL56266;CHEMBL56319;CHEMBL56502;CHEMBL56505;CHEMBL56912;CHEMBL56936;CHEMBL57758;CHEMBL57759;CHEMBL57892;CHEMBL57990;CHEMBL59812;CHEMBL607707;CHEMBL60826;CHEMBL61119;CHEMBL939;CHEMBL95320;CHEMBL95774;CHEMBL98798;CHEMBL99024,BRICS,True,pending,pending,,False,0.434,-5.343,0,False,446.98,4.26,2,5,6
GEN_9319E1EC,C[N+](C)(C)CC(O)COCC(O)CN,[3*]O[3*];[4*]CC(O)CN;[4*]CC(O)C[4*];[5*][N+](C)(C)C,CHEMBL101581;CHEMBL113902;CHEMBL114728;CHEMBL115440;CHEMBL116012;CHEMBL117326;CHEMBL1202473;CHEMBL1202477;CHEMBL1202478;CHEMBL135853;CHEMBL140561;CHEMBL14627;CHEMBL14699;CHEMBL14874;CHEMBL14932;CHEMBL14952;CHEMBL15202;CHEMBL15346;CHEMBL155761;CHEMBL160846;CHEMBL168656;CHEMBL168921;CHEMBL1744086;CHEMBL1744347;CHEMBL1744349;CHEMBL1788321;CHEMBL1907763;CHEMBL1907764;CHEMBL1907944;CHEMBL24026;CHEMBL24137;CHEMBL2448064;CHEMBL2448065;CHEMBL2448066;CHEMBL2448067;CHEMBL24828;CHEMBL24979;CHEMBL25425;CHEMBL25450;CHEMBL25579;CHEMBL25610;CHEMBL26641;CHEMBL269620;CHEMBL273789;CHEMBL279459;CHEMBL281872;CHEMBL281990;CHEMBL283088;CHEMBL286160;CHEMBL291359;CHEMBL291514;CHEMBL293064;CHEMBL293090;CHEMBL294034;CHEMBL294395;CHEMBL299672;CHEMBL299893;CHEMBL300791;CHEMBL304271;CHEMBL31965;CHEMBL335648;CHEMBL335931;CHEMBL338449;CHEMBL344486;CHEMBL348146;CHEMBL353823;CHEMBL416191;CHEMBL419022;CHEMBL421326;CHEMBL422292;CHEMBL422347;CHEMBL422758;CHEMBL428534;CHEMBL460731;CHEMBL460732;CHEMBL47940;CHEMBL493428;CHEMBL514436;CHEMBL517907;CHEMBL533849;CHEMBL538507;CHEMBL538757;CHEMBL540292;CHEMBL540701;CHEMBL541307;CHEMBL542887;CHEMBL542891;CHEMBL542893;CHEMBL543361;CHEMBL544067;CHEMBL544074;CHEMBL544538;CHEMBL544770;CHEMBL545006;CHEMBL545315;CHEMBL552859;CHEMBL552860;CHEMBL553;CHEMBL554;CHEMBL55425;CHEMBL55794;CHEMBL56027;CHEMBL56142;CHEMBL56266;CHEMBL56319;CHEMBL56502;CHEMBL56505;CHEMBL56912;CHEMBL56936;CHEMBL57758;CHEMBL57759;CHEMBL57892;CHEMBL57990;CHEMBL59812;CHEMBL607707;CHEMBL60826;CHEMBL61119;CHEMBL939;CHEMBL95320;CHEMBL95774;CHEMBL98798;CHEMBL99024,BRICS,True,pending,pending,,False,0.439,0.351,0,False,207.29,-1.61,3,4,7
GEN_299A4134,C[N+](C)(C)CC(O)COc1c(C#N)cnc2ncc(-c3cc(O)c(O)c(Br)c3)cc12,[16*]c1cc(O)c(O)c(Br)c1;[16*]c1cnc2ncc(C#N)c([16*])c2c1;[3*]O[3*];[4*]CC(O)C[4*];[5*][N+](C)(C)C,CHEMBL101581;CHEMBL113902;CHEMBL114728;CHEMBL115440;CHEMBL116012;CHEMBL117326;CHEMBL1202473;CHEMBL1202477;CHEMBL1202478;CHEMBL135853;CHEMBL140561;CHEMBL144770;CHEMBL144791;CHEMBL14627;CHEMBL14699;CHEMBL14874;CHEMBL14932;CHEMBL14952;CHEMBL15202;CHEMBL15346;CHEMBL155761;CHEMBL160846;CHEMBL168656;CHEMBL168921;CHEMBL1744086;CHEMBL1744347;CHEMBL1744349;CHEMBL1788321;CHEMBL1907763;CHEMBL1907764;CHEMBL1907944;CHEMBL24026;CHEMBL24137;CHEMBL2448064;CHEMBL2448065;CHEMBL2448066;CHEMBL2448067;CHEMBL24828;CHEMBL24979;CHEMBL25425;CHEMBL25450;CHEMBL25579;CHEMBL25610;CHEMBL26641;CHEMBL269620;CHEMBL273789;CHEMBL279459;CHEMBL281467;CHEMBL281872;CHEMBL281990;CHEMBL283088;CHEMBL286160;CHEMBL287022;CHEMBL291359;CHEMBL291514;CHEMBL293064;CHEMBL293090;CHEMBL294034;CHEMBL294395;CHEMBL299672;CHEMBL299893;CHEMBL300791;CHEMBL304271;CHEMBL31745;CHEMBL31965;CHEMBL335648;CHEMBL335931;CHEMBL338449;CHEMBL344486;CHEMBL348146;CHEMBL353823;CHEMBL416191;CHEMBL419022;CHEMBL421326;CHEMBL422292;CHEMBL422347;CHEMBL422758;CHEMBL428534;CHEMBL441518;CHEMBL460731;CHEMBL460732;CHEMBL47940;CHEMBL493428;CHEMBL514436;CHEMBL517907;CHEMBL533849;CHEMBL538507;CHEMBL538757;CHEMBL540292;CHEMBL540701;CHEMBL541307;CHEMBL542887;CHEMBL542891;CHEMBL542893;CHEMBL543361;CHEMBL544067;CHEMBL544074;CHEMBL544538;CHEMBL544770;CHEMBL545006;CHEMBL545315;CHEMBL552859;CHEMBL552860;CHEMBL553;CHEMBL554;CHEMBL55425;CHEMBL55794;CHEMBL56027;CHEMBL56142;CHEMBL56266;CHEMBL56319;CHEMBL56502;CHEMBL56505;CHEMBL56912;CHEMBL56936;CHEMBL57758;CHEMBL57759;CHEMBL57892;CHEMBL57990;CHEMBL59812;CHEMBL607707;CHEMBL60826;CHEMBL61119;CHEMBL77803;CHEMBL939;CHEMBL95320;CHEMBL95774;CHEMBL98798;CHEMBL99024,BRICS,True,pending,pending,,False,0.371,-4.536,1,True,474.34,2.788,3,7,6
GEN_E02D447F,C[N+](C)(C)CC(O)COc1cn(-c2cc(=O)c3c(N)c(O)c(N)cc3o2)c2ncnc(N)c12,[14*]c1cc(=O)c2c(N)c(O)c(N)cc2o1;[3*]O[3*];[4*]CC(O)C[4*];[5*][N+](C)(C)C;[9*]n1cc([16*])c2c(N)ncnc21,CHEMBL101581;CHEMBL113902;CHEMBL114728;CHEMBL115440;CHEMBL116012;CHEMBL117326;CHEMBL1202473;CHEMBL1202477;CHEMBL1202478;CHEMBL135853;CHEMBL140561;CHEMBL14627;CHEMBL14699;CHEMBL14874;CHEMBL14932;CHEMBL14952;CHEMBL15202;CHEMBL15346;CHEMBL155761;CHEMBL160846;CHEMBL166765;CHEMBL166766;CHEMBL168266;CHEMBL168285;CHEMBL168382;CHEMBL168550;CHEMBL168555;CHEMBL168656;CHEMBL168661;CHEMBL168829;CHEMBL168921;CHEMBL169064;CHEMBL169065;CHEMBL169200;CHEMBL169390;CHEMBL169467;CHEMBL169519;CHEMBL169570;CHEMBL169780;CHEMBL169920;CHEMBL170438;CHEMBL170724;CHEMBL171256;CHEMBL171311;CHEMBL171545;CHEMBL172514;CHEMBL1744086;CHEMBL1744347;CHEMBL1744349;CHEMBL1788321;CHEMBL1907763;CHEMBL1907764;CHEMBL1907944;CHEMBL24026;CHEMBL24137;CHEMBL2448064;CHEMBL2448065;CHEMBL2448066;CHEMBL2448067;CHEMBL24828;CHEMBL24979;CHEMBL25425;CHEMBL25450;CHEMBL25579;CHEMBL25610;CHEMBL262276;CHEMBL263528;CHEMBL26641;CHEMBL269620;CHEMBL273789;CHEMBL274732;CHEMBL279459;CHEMBL281872;CHEMBL281990;CHEMBL283088;CHEMBL286160;CHEMBL291359;CHEMBL291514;CHEMBL293064;CHEMBL293090;CHEMBL294034;CHEMBL294395;CHEMBL299672;CHEMBL299893;CHEMBL300791;CHEMBL304271;CHEMBL31965;CHEMBL325949;CHEMBL335648;CHEMBL335931;CHEMBL338449;CHEMBL344486;CHEMBL348146;CHEMBL352801;CHEMBL352954;CHEMBL353823;CHEMBL354033;CHEMBL354310;CHEMBL355019;CHEMBL355191;CHEMBL355269;CHEMBL355322;CHEMBL355330;CHEMBL355891;CHEMBL408683;CHEMBL416191;CHEMBL419022;CHEMBL421326;CHEMBL422292;CHEMBL422347;CHEMBL422758;CHEMBL428534;CHEMBL460731;CHEMBL460732;CHEMBL47940;CHEMBL493428;CHEMBL514436;CHEMBL517907;CHEMBL533849;CHEMBL538507;CHEMBL538757;CHEMBL540292;CHEMBL540701;CHEMBL541307;CHEMBL542887;CHEMBL542891;CHEMBL542893;CHEMBL543361;CHEMBL544067;CHEMBL544074;CHEMBL544538;CHEMBL544770;CHEMBL545006;CHEMBL545315;CHEMBL552859;CHEMBL552860;CHEMBL553;CHEMBL554;CHEMBL55425;CHEMBL55794;CHEMBL56027;CHEMBL56142;CHEMBL56266;CHEMBL56319;CHEMBL56502;CHEMBL56505;CHEMBL56912;CHEMBL56936;CHEMBL57758;CHEMBL57759;CHEMBL57892;CHEMBL57990;CHEMBL59812;CHEMBL607707;CHEMBL60826;CHEMBL61119;CHEMBL939;CHEMBL95320;CHEMBL95774;CHEMBL98798;CHEMBL99024,BRICS,True,pending,pending,,False,0.154,-2.968,0,False,456.48,0.425,5,10,6
GEN_5DEBD125,C[N+](C)(C)CC(O)COc1ccc(-c2ccc(F)c(Cl)c2)cn1,[14*]c1ccc([16*])cn1;[16*]c1ccc(F)c(Cl)c1;[3*]O[3*];[4*]CC(O)C[4*];[5*][N+](C)(C)C,CHEMBL101581;CHEMBL111365;CHEMBL113185;CHEMBL113901;CHEMBL113902;CHEMBL113996;CHEMBL114073;CHEMBL114392;CHEMBL114490;CHEMBL114728;CHEMBL115440;CHEMBL116012;CHEMBL117326;CHEMBL118000;CHEMBL1202473;CHEMBL1202477;CHEMBL1202478;CHEMBL135853;CHEMBL138940;CHEMBL140561;CHEMBL14627;CHEMBL14699;CHEMBL14874;CHEMBL14932;CHEMBL14952;CHEMBL15202;CHEMBL15346;CHEMBL155761;CHEMBL157084;CHEMBL160846;CHEMBL168656;CHEMBL168921;CHEMBL1744086;CHEMBL1744347;CHEMBL1744349;CHEMBL1788321;CHEMBL1907763;CHEMBL1907764;CHEMBL1907944;CHEMBL24026;CHEMBL24137;CHEMBL2448064;CHEMBL2448065;CHEMBL2448066;CHEMBL2448067;CHEMBL24828;CHEMBL24979;CHEMBL25425;CHEMBL25450;CHEMBL25579;CHEMBL25610;CHEMBL26641;CHEMBL269620;CHEMBL273789;CHEMBL279459;CHEMBL281872;CHEMBL281990;CHEMBL283088;CHEMBL286160;CHEMBL287022;CHEMBL291359;CHEMBL291514;CHEMBL293064;CHEMBL293090;CHEMBL294034;CHEMBL294395;CHEMBL299672;CHEMBL299893;CHEMBL300791;CHEMBL301018;CHEMBL302552;CHEMBL304271;CHEMBL304971;CHEMBL305194;CHEMBL305246;CHEMBL305782;CHEMBL308645;CHEMBL31876;CHEMBL31965;CHEMBL322066;CHEMBL323630;CHEMBL325156;CHEMBL335648;CHEMBL335931;CHEMBL338449;CHEMBL344486;CHEMBL348146;CHEMBL353823;CHEMBL416191;CHEMBL419022;CHEMBL421047;CHEMBL421326;CHEMBL422292;CHEMBL422347;CHEMBL422758;CHEMBL424252;CHEMBL428534;CHEMBL432903;CHEMBL443268;CHEMBL460731;CHEMBL460732;CHEMBL47940;CHEMBL493428;CHEMBL514436;CHEMBL517907;CHEMBL533849;CHEMBL538507;CHEMBL538757;CHEMBL540292;CHEMBL540701;CHEMBL541307;CHEMBL542887;CHEMBL542891;CHEMBL542893;CHEMBL543361;CHEMBL544067;CHEMBL544074;CHEMBL544538;CHEMBL544770;CHEMBL545006;CHEMBL545315;CHEMBL552859;CHEMBL552860;CHEMBL553;CHEMBL554;CHEMBL55425;CHEMBL55794;CHEMBL56027;CHEMBL56142;CHEMBL56266;CHEMBL56319;CHEMBL56502;CHEMBL56505;CHEMBL56912;CHEMBL56936;CHEMBL57758;CHEMBL57759;CHEMBL57892;CHEMBL57990;CHEMBL59812;CHEMBL607707;CHEMBL60826;CHEMBL61119;CHEMBL66570;CHEMBL68920;CHEMBL69071;CHEMBL69358;CHEMBL69629;CHEMBL69960;CHEMBL69964;CHEMBL939;CHEMBL95320;CHEMBL95774;CHEMBL98798;CHEMBL99024,BRICS,True,pending,pending,,False,0.823,-3.819,0,False,339.82,2.987,1,3,6
GEN_E4670BCC,C[S+]([O-])c1ccc([C@H]2CCCCC2OCC(O)C[N+](C)(C)C)cc1,[15*]C1CCCC[C@@H]1[15*];[16*]c1ccc([S+](C)[O-])cc1;[3*]O[3*];[4*]CC(O)C[4*];[5*][N+](C)(C)C,CHEMBL10;CHEMBL101581;CHEMBL113902;CHEMBL114728;CHEMBL115440;CHEMBL116012;CHEMBL117326;CHEMBL1202473;CHEMBL1202477;CHEMBL1202478;CHEMBL135853;CHEMBL140561;CHEMBL144778;CHEMBL14627;CHEMBL14699;CHEMBL14874;CHEMBL14932;CHEMBL14952;CHEMBL15202;CHEMBL15346;CHEMBL155761;CHEMBL160846;CHEMBL168656;CHEMBL168921;CHEMBL1744086;CHEMBL1744347;CHEMBL1744349;CHEMBL1788321;CHEMBL1907763;CHEMBL1907764;CHEMBL1907944;CHEMBL24026;CHEMBL24137;CHEMBL2448064;CHEMBL2448065;CHEMBL2448066;CHEMBL2448067;CHEMBL24828;CHEMBL24979;CHEMBL25425;CHEMBL25450;CHEMBL25579;CHEMBL25610;CHEMBL26641;CHEMBL269620;CHEMBL273789;CHEMBL279459;CHEMBL281872;CHEMBL281990;CHEMBL283088;CHEMBL286160;CHEMBL291359;CHEMBL291514;CHEMBL293064;CHEMBL293090;CHEMBL294034;CHEMBL294395;CHEMBL299672;CHEMBL299893;CHEMBL300791;CHEMBL304271;CHEMBL31965;CHEMBL335648;CHEMBL335931;CHEMBL338449;CHEMBL344486;CHEMBL348146;CHEMBL353823;CHEMBL416191;CHEMBL419022;CHEMBL421326;CHEMBL422292;CHEMBL422347;CHEMBL422758;CHEMBL428534;CHEMBL460731;CHEMBL460732;CHEMBL47940;CHEMBL493428;CHEMBL514436;CHEMBL517907;CHEMBL533849;CHEMBL538507;CHEMBL538757;CHEMBL540292;CHEMBL540701;CHEMBL541307;CHEMBL542887;CHEMBL542891;CHEMBL542893;CHEMBL543361;CHEMBL544067;CHEMBL544074;CHEMBL544538;CHEMBL544770;CHEMBL545006;CHEMBL545315;CHEMBL552859;CHEMBL552860;CHEMBL553;CHEMBL554;CHEMBL55425;CHEMBL55794;CHEMBL56027;CHEMBL56142;CHEMBL56266;CHEMBL56319;CHEMBL56502;CHEMBL56505;CHEMBL56912;CHEMBL56936;CHEMBL57758;CHEMBL57759;CHEMBL57892;CHEMBL57990;CHEMBL59812;CHEMBL607707;CHEMBL60826;CHEMBL61119;CHEMBL939;CHEMBL95320;CHEMBL95774;CHEMBL98798;CHEMBL99024,BRICS,True,pending,pending,,False,0.605,-3.357,0,False,354.54,2.534,1,3,7
GEN_61913B62,Cc1[nH]c(OCC(O)C[N+](C)(C)C)c(C)c1-c1ccc([N+](=O)[O-])cc1,[14*]c1[nH]c(C)c([16*])c1C;[16*]c1ccc([N+](=O)[O-])cc1;[3*]O[3*];[4*]CC(O)C[4*];[5*][N+](C)(C)C,CHEMBL101581;CHEMBL113902;CHEMBL114728;CHEMBL115440;CHEMBL116012;CHEMBL117326;CHEMBL1202473;CHEMBL1202477;CHEMBL1202478;CHEMBL135853;CHEMBL140561;CHEMBL14627;CHEMBL146694;CHEMBL14699;CHEMBL14874;CHEMBL149201;CHEMBL14932;CHEMBL14952;CHEMBL150177;CHEMBL15202;CHEMBL15346;CHEMBL155761;CHEMBL160846;CHEMBL168656;CHEMBL168921;CHEMBL1744086;CHEMBL1744347;CHEMBL1744349;CHEMBL1788321;CHEMBL1907763;CHEMBL1907764;CHEMBL1907944;CHEMBL24026;CHEMBL24137;CHEMBL2448064;CHEMBL2448065;CHEMBL2448066;CHEMBL2448067;CHEMBL24828;CHEMBL24979;CHEMBL25425;CHEMBL25450;CHEMBL25579;CHEMBL25610;CHEMBL26641;CHEMBL269620;CHEMBL273789;CHEMBL279459;CHEMBL281872;CHEMBL281990;CHEMBL283088;CHEMBL286160;CHEMBL291359;CHEMBL291514;CHEMBL293064;CHEMBL293090;CHEMBL294034;CHEMBL294395;CHEMBL299672;CHEMBL299893;CHEMBL300791;CHEMBL304271;CHEMBL305782;CHEMBL31965;CHEMBL333115;CHEMBL335648;CHEMBL335931;CHEMBL338449;CHEMBL344486;CHEMBL348146;CHEMBL353823;CHEMBL358728;CHEMBL416191;CHEMBL419022;CHEMBL421326;CHEMBL422292;CHEMBL422347;CHEMBL422758;CHEMBL428534;CHEMBL432903;CHEMBL460731;CHEMBL460732;CHEMBL47940;CHEMBL493428;CHEMBL514436;CHEMBL517907;CHEMBL533849;CHEMBL538507;CHEMBL538757;CHEMBL540292;CHEMBL540701;CHEMBL541307;CHEMBL542887;CHEMBL542891;CHEMBL542893;CHEMBL543361;CHEMBL544067;CHEMBL544074;CHEMBL544538;CHEMBL544770;CHEMBL545006;CHEMBL545315;CHEMBL552859;CHEMBL552860;CHEMBL553;CHEMBL554;CHEMBL55425;CHEMBL55794;CHEMBL56027;CHEMBL56142;CHEMBL56266;CHEMBL56319;CHEMBL56502;CHEMBL56505;CHEMBL56879;CHEMBL56912;CHEMBL56936;CHEMBL57758;CHEMBL57759;CHEMBL57892;CHEMBL57990;CHEMBL59812;CHEMBL607707;CHEMBL60826;CHEMBL61119;CHEMBL939;CHEMBL95320;CHEMBL95774;CHEMBL98798;CHEMBL99024,BRICS,True,pending,pending,,False,0.457,-3.535,0,False,348.42,2.653,2,4,7
GEN_EEB23848,CNC(=S)N(C)c1cc(=O)c2c(O)cc(O)c(OCC(O)C[N+](C)(C)C)c2o1,[14*]c1cc(=O)c2c(O)cc(O)c([16*])c2o1;[3*]O[3*];[4*]CC(O)C[4*];[5*]N(C)C(=S)NC;[5*][N+](C)(C)C,CHEMBL101581;CHEMBL113902;CHEMBL114728;CHEMBL115440;CHEMBL116012;CHEMBL117326;CHEMBL1202473;CHEMBL1202477;CHEMBL1202478;CHEMBL135853;CHEMBL140561;CHEMBL14627;CHEMBL14699;CHEMBL14874;CHEMBL14932;CHEMBL14952;CHEMBL15202;CHEMBL15346;CHEMBL155761;CHEMBL160846;CHEMBL168656;CHEMBL168921;CHEMBL1744086;CHEMBL1744347;CHEMBL1744349;CHEMBL1788321;CHEMBL1907763;CHEMBL1907764;CHEMBL1907944;CHEMBL24026;CHEMBL24137;CHEMBL2448064;CHEMBL2448065;CHEMBL2448066;CHEMBL2448067;CHEMBL24828;CHEMBL24979;CHEMBL25425;CHEMBL25450;CHEMBL25579;CHEMBL25610;CHEMBL26641;CHEMBL269620;CHEMBL273789;CHEMBL279459;CHEMBL281872;CHEMBL281990;CHEMBL283088;CHEMBL286160;CHEMBL291359;CHEMBL291514;CHEMBL293064;CHEMBL293090;CHEMBL294034;CHEMBL294395;CHEMBL299672;CHEMBL299893;CHEMBL300791;CHEMBL304271;CHEMBL31965;CHEMBL335648;CHEMBL335931;CHEMBL337035;CHEMBL338449;CHEMBL344486;CHEMBL348146;CHEMBL353823;CHEMBL416191;CHEMBL418203;CHEMBL419022;CHEMBL421326;CHEMBL422292;CHEMBL422347;CHEMBL422758;CHEMBL428534;CHEMBL428690;CHEMBL460731;CHEMBL460732;CHEMBL47940;CHEMBL493428;CHEMBL514436;CHEMBL517907;CHEMBL533849;CHEMBL538507;CHEMBL538757;CHEMBL540292;CHEMBL540701;CHEMBL541307;CHEMBL542887;CHEMBL542891;CHEMBL542893;CHEMBL543361;CHEMBL544067;CHEMBL544074;CHEMBL544538;CHEMBL544770;CHEMBL545006;CHEMBL545315;CHEMBL552859;CHEMBL552860;CHEMBL553;CHEMBL554;CHEMBL55425;CHEMBL55794;CHEMBL56027;CHEMBL56142;CHEMBL56266;CHEMBL56319;CHEMBL56502;CHEMBL56505;CHEMBL56912;CHEMBL56936;CHEMBL57758;CHEMBL57759;CHEMBL57892;CHEMBL57990;CHEMBL59812;CHEMBL607707;CHEMBL60826;CHEMBL61119;CHEMBL939;CHEMBL95320;CHEMBL95774;CHEMBL98798;CHEMBL99024,BRICS,True,pending,pending,,False,0.4,-2.638,0,False,412.49,0.591,4,7,6
GEN_43728CFD,C[N+](C)(C)CC(O)COc1cn(-c2nc(N)nc3[nH]c4ccccc4c23)c2ncnc(N)c12,[14*]c1nc(N)nc2[nH]c3ccccc3c12;[3*]O[3*];[4*]CC(O)C[4*];[5*][N+](C)(C)C;[9*]n1cc([16*])c2c(N)ncnc21,CHEMBL101581;CHEMBL113902;CHEMBL114728;CHEMBL115440;CHEMBL116012;CHEMBL117326;CHEMBL1202473;CHEMBL1202477;CHEMBL1202478;CHEMBL135853;CHEMBL140561;CHEMBL14627;CHEMBL14699;CHEMBL14874;CHEMBL14932;CHEMBL14952;CHEMBL15202;CHEMBL15346;CHEMBL155761;CHEMBL160846;CHEMBL166765;CHEMBL166766;CHEMBL168266;CHEMBL168285;CHEMBL168382;CHEMBL168550;CHEMBL168555;CHEMBL168656;CHEMBL168661;CHEMBL168829;CHEMBL168921;CHEMBL169064;CHEMBL169065;CHEMBL169200;CHEMBL169390;CHEMBL169467;CHEMBL169519;CHEMBL169570;CHEMBL169780;CHEMBL169920;CHEMBL170438;CHEMBL170724;CHEMBL171256;CHEMBL171311;CHEMBL171545;CHEMBL172514;CHEMBL1744086;CHEMBL1744347;CHEMBL1744349;CHEMBL1788321;CHEMBL1907763;CHEMBL1907764;CHEMBL1907944;CHEMBL24026;CHEMBL24137;CHEMBL2448064;CHEMBL2448065;CHEMBL2448066;CHEMBL2448067;CHEMBL24828;CHEMBL24979;CHEMBL25425;CHEMBL25450;CHEMBL25579;CHEMBL25610;CHEMBL262276;CHEMBL263528;CHEMBL26641;CHEMBL269620;CHEMBL273789;CHEMBL274732;CHEMBL279459;CHEMBL281872;CHEMBL281990;CHEMBL283088;CHEMBL286160;CHEMBL291359;CHEMBL291514;CHEMBL293064;CHEMBL293090;CHEMBL294034;CHEMBL294395;CHEMBL299672;CHEMBL299893;CHEMBL300791;CHEMBL304271;CHEMBL31965;CHEMBL335648;CHEMBL335931;CHEMBL338449;CHEMBL344486;CHEMBL345988;CHEMBL348146;CHEMBL352801;CHEMBL352954;CHEMBL353823;CHEMBL354033;CHEMBL354310;CHEMBL355019;CHEMBL355191;CHEMBL355269;CHEMBL355322;CHEMBL355330;CHEMBL355891;CHEMBL408683;CHEMBL416191;CHEMBL419022;CHEMBL421326;CHEMBL422292;CHEMBL422347;CHEMBL422758;CHEMBL428534;CHEMBL460731;CHEMBL460732;CHEMBL47940;CHEMBL493428;CHEMBL514436;CHEMBL517907;CHEMBL533849;CHEMBL538507;CHEMBL538757;CHEMBL540292;CHEMBL540701;CHEMBL541307;CHEMBL542887;CHEMBL542891;CHEMBL542893;CHEMBL543361;CHEMBL544067;CHEMBL544074;CHEMBL544538;CHEMBL544770;CHEMBL545006;CHEMBL545315;CHEMBL552859;CHEMBL552860;CHEMBL553;CHEMBL554;CHEMBL55425;CHEMBL55794;CHEMBL56027;CHEMBL56142;CHEMBL56266;CHEMBL56319;CHEMBL56502;CHEMBL56505;CHEMBL56912;CHEMBL56936;CHEMBL57758;CHEMBL57759;CHEMBL57892;CHEMBL57990;CHEMBL59812;CHEMBL607707;CHEMBL60826;CHEMBL61119;CHEMBL939;CHEMBL95320;CHEMBL95774;CHEMBL98798;CHEMBL99024,BRICS,True,pending,pending,,False,0.285,-3.635,0,False,448.51,1.455,4,8,6
GEN_E7885585,C[N+](C)(C)CC(O)COc1ncnc2cc(NN)ncc12,[14*]c1ncnc2cc(NN)ncc12;[3*]O[3*];[4*]CC(O)C[4*];[5*][N+](C)(C)C,CHEMBL101581;CHEMBL113902;CHEMBL114728;CHEMBL115440;CHEMBL116012;CHEMBL117326;CHEMBL1202473;CHEMBL1202477;CHEMBL1202478;CHEMBL135853;CHEMBL140561;CHEMBL14627;CHEMBL14699;CHEMBL14874;CHEMBL14932;CHEMBL14952;CHEMBL15202;CHEMBL15346;CHEMBL155761;CHEMBL160846;CHEMBL168656;CHEMBL168921;CHEMBL1744086;CHEMBL1744347;CHEMBL1744349;CHEMBL1788321;CHEMBL1907763;CHEMBL1907764;CHEMBL1907944;CHEMBL24026;CHEMBL24137;CHEMBL2448064;CHEMBL2448065;CHEMBL2448066;CHEMBL2448067;CHEMBL24828;CHEMBL24979;CHEMBL25425;CHEMBL25450;CHEMBL25579;CHEMBL25610;CHEMBL26641;CHEMBL269620;CHEMBL273789;CHEMBL279459;CHEMBL281872;CHEMBL281990;CHEMBL283088;CHEMBL286160;CHEMBL291359;CHEMBL291514;CHEMBL293064;CHEMBL293090;CHEMBL294034;CHEMBL294395;CHEMBL299672;CHEMBL299893;CHEMBL300791;CHEMBL304271;CHEMBL31965;CHEMBL335648;CHEMBL335931;CHEMBL338449;CHEMBL340508;CHEMBL344486;CHEMBL348146;CHEMBL353823;CHEMBL416191;CHEMBL419022;CHEMBL421326;CHEMBL422292;CHEMBL422347;CHEMBL422758;CHEMBL428534;CHEMBL460731;CHEMBL460732;CHEMBL47940;CHEMBL493428;CHEMBL514436;CHEMBL517907;CHEMBL533849;CHEMBL538507;CHEMBL538757;CHEMBL540292;CHEMBL540701;CHEMBL541307;CHEMBL542887;CHEMBL542891;CHEMBL542893;CHEMBL543361;CHEMBL544067;CHEMBL544074;CHEMBL544538;CHEMBL544770;CHEMBL545006;CHEMBL545315;CHEMBL552859;CHEMBL552860;CHEMBL553;CHEMBL554;CHEMBL55425;CHEMBL55794;CHEMBL56027;CHEMBL56142;CHEMBL56266;CHEMBL56319;CHEMBL56502;CHEMBL56505;CHEMBL56912;CHEMBL56936;CHEMBL57758;CHEMBL57759;CHEMBL57892;CHEMBL57990;CHEMBL59812;CHEMBL607707;CHEMBL60826;CHEMBL61119;CHEMBL939;CHEMBL95320;CHEMBL95774;CHEMBL98798;CHEMBL99024,BRICS,True,pending,pending,,False,0.383,-1.462,0,False,293.35,-0.244,3,7,6
GEN_025C329E,Cc1cc(C)c(OCC(O)C[N+](C)(C)C)[nH]1,[14*]c1[nH]c(C)cc1C;[3*]O[3*];[4*]CC(O)C[4*];[5*][N+](C)(C)C,CHEMBL101581;CHEMBL113902;CHEMBL114728;CHEMBL115440;CHEMBL116012;CHEMBL117326;CHEMBL1202473;CHEMBL1202477;CHEMBL1202478;CHEMBL135853;CHEMBL140561;CHEMBL14627;CHEMBL14699;CHEMBL14874;CHEMBL14932;CHEMBL14952;CHEMBL15202;CHEMBL15346;CHEMBL155761;CHEMBL160846;CHEMBL168656;CHEMBL168921;CHEMBL1744086;CHEMBL1744347;CHEMBL1744349;CHEMBL1788321;CHEMBL1907763;CHEMBL1907764;CHEMBL1907944;CHEMBL24026;CHEMBL24137;CHEMBL2448064;CHEMBL2448065;CHEMBL2448066;CHEMBL2448067;CHEMBL24828;CHEMBL24979;CHEMBL25425;CHEMBL25450;CHEMBL25579;CHEMBL25610;CHEMBL26641;CHEMBL269620;CHEMBL273789;CHEMBL279459;CHEMBL281872;CHEMBL281990;CHEMBL283088;CHEMBL286160;CHEMBL291359;CHEMBL291514;CHEMBL293064;CHEMBL293090;CHEMBL294034;CHEMBL294395;CHEMBL299672;CHEMBL299893;CHEMBL300791;CHEMBL304271;CHEMBL31965;CHEMBL335648;CHEMBL335931;CHEMBL338449;CHEMBL344486;CHEMBL348146;CHEMBL353823;CHEMBL416191;CHEMBL419022;CHEMBL421326;CHEMBL422292;CHEMBL422347;CHEMBL422758;CHEMBL428534;CHEMBL460731;CHEMBL460732;CHEMBL47940;CHEMBL493428;CHEMBL514436;CHEMBL517907;CHEMBL533849;CHEMBL538507;CHEMBL538757;CHEMBL540292;CHEMBL540701;CHEMBL541307;CHEMBL542887;CHEMBL542891;CHEMBL542893;CHEMBL543361;CHEMBL544067;CHEMBL544074;CHEMBL544538;CHEMBL544770;CHEMBL545006;CHEMBL545315;CHEMBL552859;CHEMBL552860;CHEMBL553;CHEMBL554;CHEMBL55425;CHEMBL55794;CHEMBL56027;CHEMBL56142;CHEMBL56266;CHEMBL56319;CHEMBL56502;CHEMBL56505;CHEMBL56912;CHEMBL56936;CHEMBL57758;CHEMBL57759;CHEMBL57892;CHEMBL57990;CHEMBL59812;CHEMBL607707;CHEMBL60826;CHEMBL61119;CHEMBL68920;CHEMBL939;CHEMBL95320;CHEMBL95774;CHEMBL98798;CHEMBL99024,BRICS,True,pending,pending,,False,0.739,-1.829,0,False,227.33,1.077,2,2,5
GEN_25238D2B,C[N+](C)(C)CC(O)COc1ccc(-c2ncnc3ccsc23)cn1,[14*]c1ccc([16*])cn1;[14*]c1ncnc2ccsc12;[3*]O[3*];[4*]CC(O)C[4*];[5*][N+](C)(C)C,CHEMBL101581;CHEMBL111365;CHEMBL113185;CHEMBL113902;CHEMBL114728;CHEMBL115440;CHEMBL116012;CHEMBL117326;CHEMBL1202473;CHEMBL1202477;CHEMBL1202478;CHEMBL135853;CHEMBL140561;CHEMBL14627;CHEMBL14699;CHEMBL14874;CHEMBL14932;CHEMBL14952;CHEMBL15202;CHEMBL15346;CHEMBL155761;CHEMBL160846;CHEMBL168656;CHEMBL168921;CHEMBL1744086;CHEMBL1744347;CHEMBL1744349;CHEMBL1788321;CHEMBL1907763;CHEMBL1907764;CHEMBL1907944;CHEMBL24026;CHEMBL24137;CHEMBL2448064;CHEMBL2448065;CHEMBL2448066;CHEMBL2448067;CHEMBL24828;CHEMBL24979;CHEMBL25425;CHEMBL25450;CHEMBL25579;CHEMBL25610;CHEMBL26641;CHEMBL269620;CHEMBL273789;CHEMBL279459;CHEMBL281872;CHEMBL281990;CHEMBL283088;CHEMBL286160;CHEMBL291359;CHEMBL291514;CHEMBL293064;CHEMBL293090;CHEMBL294034;CHEMBL294395;CHEMBL299672;CHEMBL299893;CHEMBL300791;CHEMBL304271;CHEMBL31965;CHEMBL322066;CHEMBL335648;CHEMBL335931;CHEMBL338449;CHEMBL344486;CHEMBL345294;CHEMBL348146;CHEMBL353823;CHEMBL416191;CHEMBL419022;CHEMBL421326;CHEMBL422292;CHEMBL422347;CHEMBL422758;CHEMBL428534;CHEMBL460731;CHEMBL460732;CHEMBL47940;CHEMBL493428;CHEMBL514436;CHEMBL517907;CHEMBL533849;CHEMBL538507;CHEMBL538757;CHEMBL540292;CHEMBL540701;CHEMBL541307;CHEMBL542887;CHEMBL542891;CHEMBL542893;CHEMBL543361;CHEMBL544067;CHEMBL544074;CHEMBL544538;CHEMBL544770;CHEMBL545006;CHEMBL545315;CHEMBL552859;CHEMBL552860;CHEMBL553;CHEMBL554;CHEMBL55425;CHEMBL55794;CHEMBL56027;CHEMBL56142;CHEMBL56266;CHEMBL56319;CHEMBL56502;CHEMBL56505;CHEMBL56912;CHEMBL56936;CHEMBL57758;CHEMBL57759;CHEMBL57892;CHEMBL57990;CHEMBL59812;CHEMBL607707;CHEMBL60826;CHEMBL61119;CHEMBL939;CHEMBL95320;CHEMBL95774;CHEMBL98798;CHEMBL99024,BRICS,True,pending,pending,,False,0.694,-3.434,0,False,345.45,2.199,1,6,6
GEN_EA5FDFFD,C[N+](C)(C)CC(O)COC1CCCC[C@@H]1c1[nH]cnc2c3ccccc3nc1-2,[14*]c1[nH]cnc2c3ccccc3nc1-2;[15*]C1CCCC[C@@H]1[15*];[3*]O[3*];[4*]CC(O)C[4*];[5*][N+](C)(C)C,CHEMBL101581;CHEMBL113902;CHEMBL114728;CHEMBL115440;CHEMBL116012;CHEMBL117326;CHEMBL1202473;CHEMBL1202477;CHEMBL1202478;CHEMBL135853;CHEMBL140561;CHEMBL144778;CHEMBL14627;CHEMBL14699;CHEMBL14874;CHEMBL14932;CHEMBL14952;CHEMBL15202;CHEMBL15346;CHEMBL155761;CHEMBL160846;CHEMBL168656;CHEMBL168921;CHEMBL1744086;CHEMBL1744347;CHEMBL1744349;CHEMBL1788321;CHEMBL1907763;CHEMBL1907764;CHEMBL1907944;CHEMBL2093928;CHEMBL24026;CHEMBL24137;CHEMBL2448064;CHEMBL2448065;CHEMBL2448066;CHEMBL2448067;CHEMBL24828;CHEMBL24979;CHEMBL25425;CHEMBL25450;CHEMBL25579;CHEMBL25610;CHEMBL26641;CHEMBL269620;CHEMBL273789;CHEMBL279459;CHEMBL281872;CHEMBL281990;CHEMBL283088;CHEMBL286160;CHEMBL291359;CHEMBL291514;CHEMBL293064;CHEMBL293090;CHEMBL294034;CHEMBL294395;CHEMBL299672;CHEMBL299893;CHEMBL300791;CHEMBL304271;CHEMBL31965;CHEMBL335648;CHEMBL335931;CHEMBL338449;CHEMBL344486;CHEMBL348146;CHEMBL353823;CHEMBL416191;CHEMBL419022;CHEMBL421326;CHEMBL422292;CHEMBL422347;CHEMBL422758;CHEMBL428534;CHEMBL460731;CHEMBL460732;CHEMBL47940;CHEMBL493428;CHEMBL514436;CHEMBL517907;CHEMBL533849;CHEMBL538507;CHEMBL538757;CHEMBL540292;CHEMBL540701;CHEMBL541307;CHEMBL542887;CHEMBL542891;CHEMBL542893;CHEMBL543361;CHEMBL544067;CHEMBL544074;CHEMBL544538;CHEMBL544640;CHEMBL544770;CHEMBL545006;CHEMBL545315;CHEMBL552859;CHEMBL552860;CHEMBL553;CHEMBL554;CHEMBL55425;CHEMBL55794;CHEMBL56027;CHEMBL56142;CHEMBL56266;CHEMBL56319;CHEMBL56502;CHEMBL56505;CHEMBL56912;CHEMBL56936;CHEMBL57758;CHEMBL57759;CHEMBL57892;CHEMBL57990;CHEMBL59812;CHEMBL607707;CHEMBL60826;CHEMBL61119;CHEMBL939;CHEMBL95320;CHEMBL95774;CHEMBL98798;CHEMBL99024,BRICS,True,pending,pending,,False,0.642,-4.164,0,False,383.52,3.173,2,4,6
GEN_7852718A,C[N+](C)(C)CC(O)COC1CCCN1C(=O)CC1C(S)=Nc2ccccc21,[1*]C(=O)CC1C(S)=Nc2ccccc21;[3*]O[3*];[4*]CC(O)C[4*];[5*]N1CCCC1[13*];[5*][N+](C)(C)C,CHEMBL101581;CHEMBL113902;CHEMBL114728;CHEMBL115440;CHEMBL116012;CHEMBL117326;CHEMBL1202473;CHEMBL1202477;CHEMBL1202478;CHEMBL135853;CHEMBL140561;CHEMBL14627;CHEMBL14699;CHEMBL14874;CHEMBL14932;CHEMBL14952;CHEMBL15202;CHEMBL15346;CHEMBL155389;CHEMBL155761;CHEMBL157128;CHEMBL160846;CHEMBL168656;CHEMBL168921;CHEMBL1744086;CHEMBL1744347;CHEMBL1744349;CHEMBL1788321;CHEMBL1907763;CHEMBL1907764;CHEMBL1907944;CHEMBL24026;CHEMBL24137;CHEMBL2448064;CHEMBL2448065;CHEMBL2448066;CHEMBL2448067;CHEMBL24828;CHEMBL24979;CHEMBL25425;CHEMBL25450;CHEMBL25579;CHEMBL25610;CHEMBL26641;CHEMBL269620;CHEMBL273789;CHEMBL279459;CHEMBL281872;CHEMBL281990;CHEMBL283088;CHEMBL286160;CHEMBL291359;CHEMBL291514;CHEMBL293064;CHEMBL293090;CHEMBL294034;CHEMBL294395;CHEMBL299672;CHEMBL299893;CHEMBL300791;CHEMBL304271;CHEMBL312001;CHEMBL31965;CHEMBL335648;CHEMBL335931;CHEMBL338449;CHEMBL344486;CHEMBL348146;CHEMBL353823;CHEMBL416191;CHEMBL419022;CHEMBL421326;CHEMBL422292;CHEMBL422347;CHEMBL422758;CHEMBL428534;CHEMBL460731;CHEMBL460732;CHEMBL47940;CHEMBL493428;CHEMBL514436;CHEMBL517907;CHEMBL533849;CHEMBL538507;CHEMBL538757;CHEMBL540292;CHEMBL540701;CHEMBL541307;CHEMBL542887;CHEMBL542891;CHEMBL542893;CHEMBL543361;CHEMBL544067;CHEMBL544074;CHEMBL544538;CHEMBL544770;CHEMBL545006;CHEMBL545315;CHEMBL552859;CHEMBL552860;CHEMBL553;CHEMBL554;CHEMBL55425;CHEMBL55794;CHEMBL56027;CHEMBL56142;CHEMBL56266;CHEMBL56319;CHEMBL56502;CHEMBL56505;CHEMBL56912;CHEMBL56936;CHEMBL57758;CHEMBL57759;CHEMBL57892;CHEMBL57990;CHEMBL59812;CHEMBL607707;CHEMBL60826;CHEMBL61119;CHEMBL939;CHEMBL95320;CHEMBL95774;CHEMBL98798;CHEMBL99024,BRICS,True,pending,pending,,False,0.552,-3.341,0,False,392.55,2.166,2,4,7
GEN_C6B1ED3A,C[N+](C)(C)CC(O)COc1c(C#N)cnc2ncc(-c3ncnc4cnc(S(=O)(=O)CCO)cc34)cc12,[14*]c1ncnc2cnc(S(=O)(=O)CCO)cc12;[16*]c1cnc2ncc(C#N)c([16*])c2c1;[3*]O[3*];[4*]CC(O)C[4*];[5*][N+](C)(C)C,CHEMBL101581;CHEMBL113902;CHEMBL114728;CHEMBL115440;CHEMBL116012;CHEMBL117326;CHEMBL1202473;CHEMBL1202477;CHEMBL1202478;CHEMBL135853;CHEMBL140561;CHEMBL14627;CHEMBL14699;CHEMBL14874;CHEMBL14932;CHEMBL14952;CHEMBL15202;CHEMBL15346;CHEMBL155761;CHEMBL160846;CHEMBL168656;CHEMBL168921;CHEMBL1744086;CHEMBL1744347;CHEMBL1744349;CHEMBL1788321;CHEMBL1907763;CHEMBL1907764;CHEMBL1907944;CHEMBL24026;CHEMBL24137;CHEMBL2448064;CHEMBL2448065;CHEMBL2448066;CHEMBL2448067;CHEMBL24828;CHEMBL24979;CHEMBL25425;CHEMBL25450;CHEMBL25579;CHEMBL25610;CHEMBL26641;CHEMBL269620;CHEMBL273789;CHEMBL279459;CHEMBL281467;CHEMBL281872;CHEMBL281990;CHEMBL283088;CHEMBL286160;CHEMBL287022;CHEMBL291359;CHEMBL291514;CHEMBL293064;CHEMBL293090;CHEMBL294034;CHEMBL294395;CHEMBL299672;CHEMBL299893;CHEMBL300791;CHEMBL304271;CHEMBL31745;CHEMBL31965;CHEMBL335440;CHEMBL335648;CHEMBL335931;CHEMBL338449;CHEMBL344486;CHEMBL348146;CHEMBL353823;CHEMBL416191;CHEMBL419022;CHEMBL421326;CHEMBL422292;CHEMBL422347;CHEMBL422758;CHEMBL428534;CHEMBL441518;CHEMBL460731;CHEMBL460732;CHEMBL47940;CHEMBL493428;CHEMBL514436;CHEMBL517907;CHEMBL533849;CHEMBL538507;CHEMBL538757;CHEMBL540292;CHEMBL540701;CHEMBL541307;CHEMBL542887;CHEMBL542891;CHEMBL542893;CHEMBL543361;CHEMBL544067;CHEMBL544074;CHEMBL544538;CHEMBL544770;CHEMBL545006;CHEMBL545315;CHEMBL552859;CHEMBL552860;CHEMBL553;CHEMBL554;CHEMBL55425;CHEMBL55794;CHEMBL56027;CHEMBL56142;CHEMBL56266;CHEMBL56319;CHEMBL56502;CHEMBL56505;CHEMBL56912;CHEMBL56936;CHEMBL57758;CHEMBL57759;CHEMBL57892;CHEMBL57990;CHEMBL59812;CHEMBL607707;CHEMBL60826;CHEMBL61119;CHEMBL939;CHEMBL95320;CHEMBL95774;CHEMBL98798;CHEMBL99024,BRICS,True,pending,pending,,False,0.295,-3.351,0,False,524.58,0.719,2,11,9
GEN_1F35FB30,C[N+](C)(C)CC(O)COc1ccc(-n2ccnn2)cn1,[14*]c1ccc([16*])cn1;[3*]O[3*];[4*]CC(O)C[4*];[5*][N+](C)(C)C;[9*]n1ccnn1,CHEMBL101581;CHEMBL111365;CHEMBL113185;CHEMBL113902;CHEMBL114728;CHEMBL115440;CHEMBL116012;CHEMBL117326;CHEMBL1202473;CHEMBL1202477;CHEMBL1202478;CHEMBL135853;CHEMBL140561;CHEMBL14627;CHEMBL14699;CHEMBL14874;CHEMBL14932;CHEMBL14952;CHEMBL15202;CHEMBL15346;CHEMBL155761;CHEMBL160846;CHEMBL168656;CHEMBL168921;CHEMBL1744086;CHEMBL1744347;CHEMBL1744349;CHEMBL1788321;CHEMBL1907763;CHEMBL1907764;CHEMBL1907944;CHEMBL24026;CHEMBL24137;CHEMBL2448064;CHEMBL2448065;CHEMBL2448066;CHEMBL2448067;CHEMBL24828;CHEMBL24979;CHEMBL25425;CHEMBL25450;CHEMBL25579;CHEMBL25610;CHEMBL26641;CHEMBL269620;CHEMBL273789;CHEMBL279459;CHEMBL281872;CHEMBL281990;CHEMBL283088;CHEMBL286160;CHEMBL291359;CHEMBL291514;CHEMBL293064;CHEMBL293090;CHEMBL294034;CHEMBL294395;CHEMBL299672;CHEMBL299893;CHEMBL300791;CHEMBL304271;CHEMBL31965;CHEMBL322066;CHEMBL335648;CHEMBL335931;CHEMBL338449;CHEMBL344486;CHEMBL348146;CHEMBL353823;CHEMBL416191;CHEMBL419022;CHEMBL421326;CHEMBL422292;CHEMBL422347;CHEMBL422758;CHEMBL428534;CHEMBL460731;CHEMBL460732;CHEMBL47940;CHEMBL493428;CHEMBL514436;CHEMBL517907;CHEMBL533849;CHEMBL538507;CHEMBL538757;CHEMBL540292;CHEMBL540701;CHEMBL541307;CHEMBL542887;CHEMBL542891;CHEMBL542893;CHEMBL543361;CHEMBL544067;CHEMBL544074;CHEMBL544538;CHEMBL544770;CHEMBL545006;CHEMBL545315;CHEMBL552859;CHEMBL552860;CHEMBL553;CHEMBL554;CHEMBL55425;CHEMBL55794;CHEMBL56027;CHEMBL56142;CHEMBL56266;CHEMBL56319;CHEMBL56502;CHEMBL56505;CHEMBL56912;CHEMBL56936;CHEMBL57758;CHEMBL57759;CHEMBL57892;CHEMBL57990;CHEMBL59812;CHEMBL607707;CHEMBL60826;CHEMBL61119;CHEMBL939;CHEMBL95320;CHEMBL95774;CHEMBL98798;CHEMBL99024,BRICS,True,pending,pending,,False,0.759,-1.645,0,False,278.34,0.108,1,5,6
GEN_A44D53E9,C[N+](C)(C)CC(O)COC1CCCC[C@@H]1c1cnccn1,[14*]c1cnccn1;[15*]C1CCCC[C@@H]1[15*];[3*]O[3*];[4*]CC(O)C[4*];[5*][N+](C)(C)C,CHEMBL101581;CHEMBL113902;CHEMBL114728;CHEMBL115440;CHEMBL116012;CHEMBL117326;CHEMBL1202473;CHEMBL1202477;CHEMBL1202478;CHEMBL135853;CHEMBL140561;CHEMBL144778;CHEMBL14627;CHEMBL14699;CHEMBL14874;CHEMBL14932;CHEMBL14952;CHEMBL15202;CHEMBL15346;CHEMBL155761;CHEMBL160846;CHEMBL168656;CHEMBL168921;CHEMBL1744086;CHEMBL1744347;CHEMBL1744349;CHEMBL1788321;CHEMBL1907763;CHEMBL1907764;CHEMBL1907944;CHEMBL24026;CHEMBL24137;CHEMBL2448064;CHEMBL2448065;CHEMBL2448066;CHEMBL2448067;CHEMBL24828;CHEMBL24979;CHEMBL25425;CHEMBL25450;CHEMBL25579;CHEMBL25610;CHEMBL26641;CHEMBL269620;CHEMBL273789;CHEMBL279459;CHEMBL281872;CHEMBL281990;CHEMBL283088;CHEMBL286160;CHEMBL291359;CHEMBL291514;CHEMBL293064;CHEMBL293090;CHEMBL294034;CHEMBL294395;CHEMBL299672;CHEMBL299893;CHEMBL300791;CHEMBL304271;CHEMBL31965;CHEMBL335648;CHEMBL335931;CHEMBL337297;CHEMBL338449;CHEMBL344486;CHEMBL348146;CHEMBL353823;CHEMBL416191;CHEMBL419022;CHEMBL421326;CHEMBL422292;CHEMBL422347;CHEMBL422758;CHEMBL428534;CHEMBL460731;CHEMBL460732;CHEMBL47940;CHEMBL493428;CHEMBL514436;CHEMBL517907;CHEMBL533849;CHEMBL538507;CHEMBL538757;CHEMBL540292;CHEMBL540701;CHEMBL541307;CHEMBL542887;CHEMBL542891;CHEMBL542893;CHEMBL543361;CHEMBL544067;CHEMBL544074;CHEMBL544538;CHEMBL544770;CHEMBL545006;CHEMBL545315;CHEMBL552859;CHEMBL552860;CHEMBL553;CHEMBL554;CHEMBL55425;CHEMBL55794;CHEMBL56027;CHEMBL56142;CHEMBL56266;CHEMBL56319;CHEMBL56502;CHEMBL56505;CHEMBL56912;CHEMBL56936;CHEMBL57758;CHEMBL57759;CHEMBL57892;CHEMBL57990;CHEMBL59812;CHEMBL607707;CHEMBL60826;CHEMBL61119;CHEMBL939;CHEMBL95320;CHEMBL95774;CHEMBL98798;CHEMBL99024,BRICS,True,pending,pending,,False,0.81,-2.48,0,False,294.42,1.586,1,4,6
GEN_0EA55125,Cc1cc(C)c([C@H]2CCCCC2OCC(O)C[N+](C)(C)C)[nH]1,[14*]c1[nH]c(C)cc1C;[15*]C1CCCC[C@@H]1[15*];[3*]O[3*];[4*]CC(O)C[4*];[5*][N+](C)(C)C,CHEMBL101581;CHEMBL113902;CHEMBL114728;CHEMBL115440;CHEMBL116012;CHEMBL117326;CHEMBL1202473;CHEMBL1202477;CHEMBL1202478;CHEMBL135853;CHEMBL140561;CHEMBL144778;CHEMBL14627;CHEMBL14699;CHEMBL14874;CHEMBL14932;CHEMBL14952;CHEMBL15202;CHEMBL15346;CHEMBL155761;CHEMBL160846;CHEMBL168656;CHEMBL168921;CHEMBL1744086;CHEMBL1744347;CHEMBL1744349;CHEMBL1788321;CHEMBL1907763;CHEMBL1907764;CHEMBL1907944;CHEMBL24026;CHEMBL24137;CHEMBL2448064;CHEMBL2448065;CHEMBL2448066;CHEMBL2448067;CHEMBL24828;CHEMBL24979;CHEMBL25425;CHEMBL25450;CHEMBL25579;CHEMBL25610;CHEMBL26641;CHEMBL269620;CHEMBL273789;CHEMBL279459;CHEMBL281872;CHEMBL281990;CHEMBL283088;CHEMBL286160;CHEMBL291359;CHEMBL291514;CHEMBL293064;CHEMBL293090;CHEMBL294034;CHEMBL294395;CHEMBL299672;CHEMBL299893;CHEMBL300791;CHEMBL304271;CHEMBL31965;CHEMBL335648;CHEMBL335931;CHEMBL338449;CHEMBL344486;CHEMBL348146;CHEMBL353823;CHEMBL416191;CHEMBL419022;CHEMBL421326;CHEMBL422292;CHEMBL422347;CHEMBL422758;CHEMBL428534;CHEMBL460731;CHEMBL460732;CHEMBL47940;CHEMBL493428;CHEMBL514436;CHEMBL517907;CHEMBL533849;CHEMBL538507;CHEMBL538757;CHEMBL540292;CHEMBL540701;CHEMBL541307;CHEMBL542887;CHEMBL542891;CHEMBL542893;CHEMBL543361;CHEMBL544067;CHEMBL544074;CHEMBL544538;CHEMBL544770;CHEMBL545006;CHEMBL545315;CHEMBL552859;CHEMBL552860;CHEMBL553;CHEMBL554;CHEMBL55425;CHEMBL55794;CHEMBL56027;CHEMBL56142;CHEMBL56266;CHEMBL56319;CHEMBL56502;CHEMBL56505;CHEMBL56912;CHEMBL56936;CHEMBL57758;CHEMBL57759;CHEMBL57892;CHEMBL57990;CHEMBL59812;CHEMBL607707;CHEMBL60826;CHEMBL61119;CHEMBL68920;CHEMBL939;CHEMBL95320;CHEMBL95774;CHEMBL98798;CHEMBL99024,BRICS,True,pending,pending,,False,0.794,-3.258,0,False,309.47,2.741,2,2,6
