candidate_id,smiles,parent_ids,generation_method,validity_status
GEN_FFC2FC48,C/N=N/Nc1ccc2ncnc(C(=O)O)c2c1,CHEMBL133024;CHEMBL135592;CHEMBL305194,BRICS,True
GEN_F137877F,Cc1cc(C)c(C(=O)O)[nH]1,CHEMBL305194;CHEMBL68920,BRICS,True
GEN_838A971F,O=C(O)c1ccccn1,CHEMBL137635;CHEMBL138125;CHEMBL305194,BRICS,True
GEN_BE0F23ED,Nc1ccc2ncnc(C(=O)O)c2c1,CHEMBL136492;CHEMBL305194;CHEMBL332096;CHEMBL336113;CHEMBL343352;CHEMBL52765,BRICS,True
GEN_DDE71467,CN(C)/N=N/c1ccc2ncnc(C(=O)O)c2c1,CHEMBL136491;CHEMBL305194;CHEMBL344652,BRICS,True
GEN_80638885,O=C(O)c1cc(O)ccc1[N+](=O)[O-],CHEMBL305194;CHEMBL77085,BRICS,True
GEN_25E1330A,O=Cc1ccc(C(=O)O)cc1,CHEMBL305194;CHEMBL311119;CHEMBL76985,BRICS,True
GEN_7A396276,O=C(O)c1cccc(Br)c1,CHEMBL137364;CHEMBL138125;CHEMBL305194;CHEMBL52765,BRICS,True
GEN_2974EA48,O=C(O)c1cccc(Cl)c1,CHEMBL133024;CHEMBL136491;CHEMBL305194;CHEMBL343352,BRICS,True
GEN_12FF41F3,Cc1cccc(C(=O)O)c1,CHEMBL305194;CHEMBL336113,BRICS,True
GEN_BC4F2248,O=C(O)c1ccc(F)c(Cl)c1,CHEMBL302552;CHEMBL304271;CHEMBL305194;CHEMBL308645;CHEMBL432903;CHEMBL443268;CHEMBL66570;CHEMBL68920;CHEMBL69629;CHEMBL69960;CHEMBL69964,BRICS,True
GEN_F1E04F92,O=C(O)c1ccc2c(c1)CCC2,CHEMBL305194;CHEMBL65848,BRICS,True
GEN_91E1ACC6,O=C(O)c1ccc(O)c([N+](=O)[O-])c1,CHEMBL305194;CHEMBL309625,BRICS,True
GEN_71FCC832,O=C(O)c1cc(O)cc(O)c1,CHEMBL305194;CHEMBL76905,BRICS,True
GEN_F332E174,O=C(O)c1cc(O)ccc1O,CHEMBL305194;CHEMBL76642,BRICS,True
GEN_FB7121A4,O=C(O)c1ccccc1,CHEMBL135592;CHEMBL136492;CHEMBL137635;CHEMBL305194;CHEMBL332096;CHEMBL344652;CHEMBL67003;CHEMBL67057,BRICS,True
GEN_C208ADB3,O=C(O)c1ccc(O)c(O)c1,CHEMBL296407;CHEMBL305194;CHEMBL76904,BRICS,True
GEN_35DC4099,O=C(O)c1ccc(O)cc1,CHEMBL305194;CHEMBL76589,BRICS,True
GEN_06FA7CEF,O=C(O)c1cc(O)c(O)c(O)c1,CHEMBL305194;CHEMBL309598;CHEMBL310798,BRICS,True
GEN_BCFBA723,COCC/N=N/Nc1ccc2ncnc(C(=O)O)c2c1,CHEMBL137364;CHEMBL305194;CHEMBL80155,BRICS,True
GEN_C8E9F81D,CN1CCN(CC/N=N/Nc2ccc3ncnc(C(=O)O)c3c2)CC1,CHEMBL137364;CHEMBL305194;CHEMBL69964,BRICS,True
GEN_ED8BDAB3,O=C(O)c1ncnc2ccc(N/N=N/CCN3CCOCC3)cc12,CHEMBL137364;CHEMBL302552;CHEMBL305194;CHEMBL443268;CHEMBL65848;CHEMBL67003;CHEMBL67057;CHEMBL69629;CHEMBL69960,BRICS,True
GEN_DB2B3DD9,O=C(O)c1ncnc2ccc(N/N=N/CCN(c3ccccc3)c3cc(O)ccc3[N+](=O)[O-])cc12,CHEMBL135592;CHEMBL136492;CHEMBL137364;CHEMBL137635;CHEMBL304271;CHEMBL305194;CHEMBL332096;CHEMBL344652;CHEMBL432903;CHEMBL67003;CHEMBL67057;CHEMBL77085,BRICS,True
GEN_E7E53746,O=Cc1ccc(N(CC/N=N/Nc2ccc3ncnc(C(=O)O)c3c2)c2ccccc2)cc1,CHEMBL135592;CHEMBL136492;CHEMBL137364;CHEMBL137635;CHEMBL304271;CHEMBL305194;CHEMBL311119;CHEMBL332096;CHEMBL344652;CHEMBL432903;CHEMBL67003;CHEMBL67057;CHEMBL76985,BRICS,True
GEN_584743A1,O=C(O)c1ncnc2ccc(N/N=N/CCN(c3ccccc3)c3cccc(Br)c3)cc12,CHEMBL135592;CHEMBL136492;CHEMBL137364;CHEMBL137635;CHEMBL138125;CHEMBL304271;CHEMBL305194;CHEMBL332096;CHEMBL344652;CHEMBL432903;CHEMBL52765;CHEMBL67003;CHEMBL67057,BRICS,True
GEN_6BA3DCDA,O=C(O)c1ncnc2ccc(N/N=N/CCN(c3ccccc3)c3cccc(Cl)c3)cc12,CHEMBL133024;CHEMBL135592;CHEMBL136491;CHEMBL136492;CHEMBL137364;CHEMBL137635;CHEMBL304271;CHEMBL305194;CHEMBL332096;CHEMBL343352;CHEMBL344652;CHEMBL432903;CHEMBL67003;CHEMBL67057,BRICS,True
GEN_B3EBEB24,Cc1cccc(N(CC/N=N/Nc2ccc3ncnc(C(=O)O)c3c2)c2ccccc2)c1,CHEMBL135592;CHEMBL136492;CHEMBL137364;CHEMBL137635;CHEMBL304271;CHEMBL305194;CHEMBL332096;CHEMBL336113;CHEMBL344652;CHEMBL432903;CHEMBL67003;CHEMBL67057,BRICS,True
GEN_DC95B496,O=C(O)c1ncnc2ccc(N/N=N/CCN(c3ccccc3)c3ccc(F)c(Cl)c3)cc12,CHEMBL135592;CHEMBL136492;CHEMBL137364;CHEMBL137635;CHEMBL302552;CHEMBL304271;CHEMBL305194;CHEMBL308645;CHEMBL332096;CHEMBL344652;CHEMBL432903;CHEMBL443268;CHEMBL66570;CHEMBL67003;CHEMBL67057;CHEMBL68920;CHEMBL69629;CHEMBL69960;CHEMBL69964,BRICS,True
GEN_9F720C9C,O=C(O)c1ncnc2ccc(N/N=N/CCN(c3ccccc3)c3ccc4c(c3)CCC4)cc12,CHEMBL135592;CHEMBL136492;CHEMBL137364;CHEMBL137635;CHEMBL304271;CHEMBL305194;CHEMBL332096;CHEMBL344652;CHEMBL432903;CHEMBL65848;CHEMBL67003;CHEMBL67057,BRICS,True
GEN_A5EDD060,O=C(O)c1ncnc2ccc(N/N=N/CCN(c3ccccc3)c3ccc(O)c([N+](=O)[O-])c3)cc12,CHEMBL135592;CHEMBL136492;CHEMBL137364;CHEMBL137635;CHEMBL304271;CHEMBL305194;CHEMBL309625;CHEMBL332096;CHEMBL344652;CHEMBL432903;CHEMBL67003;CHEMBL67057,BRICS,True
GEN_759F93F1,O=C(O)c1ncnc2ccc(N/N=N/CCN(c3ccccc3)c3cc(O)cc(O)c3)cc12,CHEMBL135592;CHEMBL136492;CHEMBL137364;CHEMBL137635;CHEMBL304271;CHEMBL305194;CHEMBL332096;CHEMBL344652;CHEMBL432903;CHEMBL67003;CHEMBL67057;CHEMBL76905,BRICS,True
GEN_2DE28D2D,O=C(O)c1ncnc2ccc(N/N=N/CCN(c3ccccc3)c3cc(O)ccc3O)cc12,CHEMBL135592;CHEMBL136492;CHEMBL137364;CHEMBL137635;CHEMBL304271;CHEMBL305194;CHEMBL332096;CHEMBL344652;CHEMBL432903;CHEMBL67003;CHEMBL67057;CHEMBL76642,BRICS,True
GEN_93C2CAF3,O=C(O)c1ncnc2ccc(N/N=N/CCN(c3ccccc3)c3ccccc3)cc12,CHEMBL135592;CHEMBL136492;CHEMBL137364;CHEMBL137635;CHEMBL304271;CHEMBL305194;CHEMBL332096;CHEMBL344652;CHEMBL432903;CHEMBL67003;CHEMBL67057,BRICS,True
GEN_9DC586D4,O=C(O)c1ncnc2ccc(N/N=N/CCN(c3ccccc3)c3ccc(O)c(O)c3)cc12,CHEMBL135592;CHEMBL136492;CHEMBL137364;CHEMBL137635;CHEMBL296407;CHEMBL304271;CHEMBL305194;CHEMBL332096;CHEMBL344652;CHEMBL432903;CHEMBL67003;CHEMBL67057;CHEMBL76904,BRICS,True
GEN_F23B8881,O=C(O)c1ncnc2ccc(N/N=N/CCN(c3ccccc3)c3ccc(O)cc3)cc12,CHEMBL135592;CHEMBL136492;CHEMBL137364;CHEMBL137635;CHEMBL304271;CHEMBL305194;CHEMBL332096;CHEMBL344652;CHEMBL432903;CHEMBL67003;CHEMBL67057;CHEMBL76589,BRICS,True
GEN_B3573B58,O=C(O)c1ncnc2ccc(N/N=N/CCN(c3ccccc3)c3cc(O)c(O)c(O)c3)cc12,CHEMBL135592;CHEMBL136492;CHEMBL137364;CHEMBL137635;CHEMBL304271;CHEMBL305194;CHEMBL309598;CHEMBL310798;CHEMBL332096;CHEMBL344652;CHEMBL432903;CHEMBL67003;CHEMBL67057,BRICS,True
GEN_1C5A6499,CCN(CC/N=N/Nc1ccc2ncnc(C(=O)O)c2c1)c1ccccc1,CHEMBL135592;CHEMBL136492;CHEMBL137364;CHEMBL137635;CHEMBL304271;CHEMBL305194;CHEMBL332096;CHEMBL344652;CHEMBL432903;CHEMBL66570;CHEMBL67003;CHEMBL67057,BRICS,True
GEN_35D04CD0,C/N=N/Nc1ccc2ncnc(N(CC/N=N/Nc3ccc4ncnc(C(=O)O)c4c3)c3ccccc3)c2c1,CHEMBL133024;CHEMBL135592;CHEMBL136492;CHEMBL137364;CHEMBL137635;CHEMBL304271;CHEMBL305194;CHEMBL332096;CHEMBL344652;CHEMBL432903;CHEMBL67003;CHEMBL67057,BRICS,True
GEN_3B553401,Cc1cc(C)c(N(CC/N=N/Nc2ccc3ncnc(C(=O)O)c3c2)c2ccccc2)[nH]1,CHEMBL135592;CHEMBL136492;CHEMBL137364;CHEMBL137635;CHEMBL304271;CHEMBL305194;CHEMBL332096;CHEMBL344652;CHEMBL432903;CHEMBL67003;CHEMBL67057;CHEMBL68920,BRICS,True
GEN_C136D262,O=C(O)c1ncnc2ccc(N/N=N/CCN(c3ccccc3)c3ccccn3)cc12,CHEMBL135592;CHEMBL136492;CHEMBL137364;CHEMBL137635;CHEMBL138125;CHEMBL304271;CHEMBL305194;CHEMBL332096;CHEMBL344652;CHEMBL432903;CHEMBL67003;CHEMBL67057,BRICS,True
GEN_9569D5BE,Nc1ccc2ncnc(N(CC/N=N/Nc3ccc4ncnc(C(=O)O)c4c3)c3ccccc3)c2c1,CHEMBL135592;CHEMBL136492;CHEMBL137364;CHEMBL137635;CHEMBL304271;CHEMBL305194;CHEMBL332096;CHEMBL336113;CHEMBL343352;CHEMBL344652;CHEMBL432903;CHEMBL52765;CHEMBL67003;CHEMBL67057,BRICS,True
GEN_3AB435ED,CN(C)/N=N/c1ccc2ncnc(N(CC/N=N/Nc3ccc4ncnc(C(=O)O)c4c3)c3ccccc3)c2c1,CHEMBL135592;CHEMBL136491;CHEMBL136492;CHEMBL137364;CHEMBL137635;CHEMBL304271;CHEMBL305194;CHEMBL332096;CHEMBL344652;CHEMBL432903;CHEMBL67003;CHEMBL67057,BRICS,True
GEN_A97A5950,O=C(O)c1ncnc2ccc(N/N=N/CCN(c3cccc(Cl)c3)c3cc(O)ccc3[N+](=O)[O-])cc12,CHEMBL133024;CHEMBL136491;CHEMBL137364;CHEMBL304271;CHEMBL305194;CHEMBL343352;CHEMBL432903;CHEMBL77085,BRICS,True
GEN_EC2BB83C,O=Cc1ccc(N(CC/N=N/Nc2ccc3ncnc(C(=O)O)c3c2)c2cccc(Cl)c2)cc1,CHEMBL133024;CHEMBL136491;CHEMBL137364;CHEMBL304271;CHEMBL305194;CHEMBL311119;CHEMBL343352;CHEMBL432903;CHEMBL76985,BRICS,True
GEN_4082E720,O=C(O)c1ncnc2ccc(N/N=N/CCN(c3cccc(Cl)c3)c3cccc(Br)c3)cc12,CHEMBL133024;CHEMBL136491;CHEMBL137364;CHEMBL138125;CHEMBL304271;CHEMBL305194;CHEMBL343352;CHEMBL432903;CHEMBL52765,BRICS,True
GEN_DAE4B27D,O=C(O)c1ncnc2ccc(N/N=N/CCN(c3cccc(Cl)c3)c3cccc(Cl)c3)cc12,CHEMBL133024;CHEMBL136491;CHEMBL137364;CHEMBL304271;CHEMBL305194;CHEMBL343352;CHEMBL432903,BRICS,True
GEN_A7F4F0EF,Cc1cccc(N(CC/N=N/Nc2ccc3ncnc(C(=O)O)c3c2)c2cccc(Cl)c2)c1,CHEMBL133024;CHEMBL136491;CHEMBL137364;CHEMBL304271;CHEMBL305194;CHEMBL336113;CHEMBL343352;CHEMBL432903,BRICS,True
GEN_80327D8F,O=C(O)c1ncnc2ccc(N/N=N/CCN(c3cccc(Cl)c3)c3ccc(F)c(Cl)c3)cc12,CHEMBL133024;CHEMBL136491;CHEMBL137364;CHEMBL302552;CHEMBL304271;CHEMBL305194;CHEMBL308645;CHEMBL343352;CHEMBL432903;CHEMBL443268;CHEMBL66570;CHEMBL68920;CHEMBL69629;CHEMBL69960;CHEMBL69964,BRICS,True
GEN_46D8BF41,O=C(O)c1ncnc2ccc(N/N=N/CCN(c3cccc(Cl)c3)c3ccc4c(c3)CCC4)cc12,CHEMBL133024;CHEMBL136491;CHEMBL137364;CHEMBL304271;CHEMBL305194;CHEMBL343352;CHEMBL432903;CHEMBL65848,BRICS,True
GEN_EFF56EC3,O=C(O)c1ncnc2ccc(N/N=N/CCN(c3cccc(Cl)c3)c3ccc(O)c([N+](=O)[O-])c3)cc12,CHEMBL133024;CHEMBL136491;CHEMBL137364;CHEMBL304271;CHEMBL305194;CHEMBL309625;CHEMBL343352;CHEMBL432903,BRICS,True
GEN_16AE752A,O=C(O)c1ncnc2ccc(N/N=N/CCN(c3cc(O)cc(O)c3)c3cccc(Cl)c3)cc12,CHEMBL133024;CHEMBL136491;CHEMBL137364;CHEMBL304271;CHEMBL305194;CHEMBL343352;CHEMBL432903;CHEMBL76905,BRICS,True
GEN_456781DF,O=C(O)c1ncnc2ccc(N/N=N/CCN(c3cccc(Cl)c3)c3cc(O)ccc3O)cc12,CHEMBL133024;CHEMBL136491;CHEMBL137364;CHEMBL304271;CHEMBL305194;CHEMBL343352;CHEMBL432903;CHEMBL76642,BRICS,True
GEN_01A21A79,O=C(O)c1ncnc2ccc(N/N=N/CCN(c3cccc(Cl)c3)c3ccc(O)c(O)c3)cc12,CHEMBL133024;CHEMBL136491;CHEMBL137364;CHEMBL296407;CHEMBL304271;CHEMBL305194;CHEMBL343352;CHEMBL432903;CHEMBL76904,BRICS,True
GEN_54077E98,O=C(O)c1ncnc2ccc(N/N=N/CCN(c3ccc(O)cc3)c3cccc(Cl)c3)cc12,CHEMBL133024;CHEMBL136491;CHEMBL137364;CHEMBL304271;CHEMBL305194;CHEMBL343352;CHEMBL432903;CHEMBL76589,BRICS,True
GEN_AFCE6333,O=C(O)c1ncnc2ccc(N/N=N/CCN(c3cccc(Cl)c3)c3cc(O)c(O)c(O)c3)cc12,CHEMBL133024;CHEMBL136491;CHEMBL137364;CHEMBL304271;CHEMBL305194;CHEMBL309598;CHEMBL310798;CHEMBL343352;CHEMBL432903,BRICS,True
GEN_138B09DA,CCN(CC/N=N/Nc1ccc2ncnc(C(=O)O)c2c1)c1cccc(Cl)c1,CHEMBL133024;CHEMBL136491;CHEMBL137364;CHEMBL304271;CHEMBL305194;CHEMBL343352;CHEMBL432903;CHEMBL66570,BRICS,True
GEN_2432F28F,C/N=N/Nc1ccc2ncnc(N(CC/N=N/Nc3ccc4ncnc(C(=O)O)c4c3)c3cccc(Cl)c3)c2c1,CHEMBL133024;CHEMBL135592;CHEMBL136491;CHEMBL137364;CHEMBL304271;CHEMBL305194;CHEMBL343352;CHEMBL432903,BRICS,True
GEN_654D2DE4,Cc1cc(C)c(N(CC/N=N/Nc2ccc3ncnc(C(=O)O)c3c2)c2cccc(Cl)c2)[nH]1,CHEMBL133024;CHEMBL136491;CHEMBL137364;CHEMBL304271;CHEMBL305194;CHEMBL343352;CHEMBL432903;CHEMBL68920,BRICS,True
GEN_1D04627C,O=C(O)c1ncnc2ccc(N/N=N/CCN(c3cccc(Cl)c3)c3ccccn3)cc12,CHEMBL133024;CHEMBL136491;CHEMBL137364;CHEMBL137635;CHEMBL138125;CHEMBL304271;CHEMBL305194;CHEMBL343352;CHEMBL432903,BRICS,True
GEN_033C9ECE,Nc1ccc2ncnc(N(CC/N=N/Nc3ccc4ncnc(C(=O)O)c4c3)c3cccc(Cl)c3)c2c1,CHEMBL133024;CHEMBL136491;CHEMBL136492;CHEMBL137364;CHEMBL304271;CHEMBL305194;CHEMBL332096;CHEMBL336113;CHEMBL343352;CHEMBL432903;CHEMBL52765,BRICS,True
GEN_4A7B30E9,CN(C)/N=N/c1ccc2ncnc(N(CC/N=N/Nc3ccc4ncnc(C(=O)O)c4c3)c3cccc(Cl)c3)c2c1,CHEMBL133024;CHEMBL136491;CHEMBL137364;CHEMBL304271;CHEMBL305194;CHEMBL343352;CHEMBL344652;CHEMBL432903,BRICS,True
GEN_61BDECFF,Cc1cccc(N(CC/N=N/Nc2ccc3ncnc(C(=O)O)c3c2)c2cc(O)ccc2[N+](=O)[O-])c1,CHEMBL137364;CHEMBL304271;CHEMBL305194;CHEMBL336113;CHEMBL432903;CHEMBL77085,BRICS,True
GEN_ABD88AD7,Cc1cccc(N(CC/N=N/Nc2ccc3ncnc(C(=O)O)c3c2)c2ccc(C=O)cc2)c1,CHEMBL137364;CHEMBL304271;CHEMBL305194;CHEMBL311119;CHEMBL336113;CHEMBL432903;CHEMBL76985,BRICS,True
GEN_77C15CBF,Cc1cccc(N(CC/N=N/Nc2ccc3ncnc(C(=O)O)c3c2)c2cccc(Br)c2)c1,CHEMBL137364;CHEMBL138125;CHEMBL304271;CHEMBL305194;CHEMBL336113;CHEMBL432903;CHEMBL52765,BRICS,True
GEN_029BBB6A,Cc1cccc(N(CC/N=N/Nc2ccc3ncnc(C(=O)O)c3c2)c2cccc(C)c2)c1,CHEMBL137364;CHEMBL304271;CHEMBL305194;CHEMBL336113;CHEMBL432903,BRICS,True
GEN_71A2CAEE,Cc1cccc(N(CC/N=N/Nc2ccc3ncnc(C(=O)O)c3c2)c2ccc(F)c(Cl)c2)c1,CHEMBL137364;CHEMBL302552;CHEMBL304271;CHEMBL305194;CHEMBL308645;CHEMBL336113;CHEMBL432903;CHEMBL443268;CHEMBL66570;CHEMBL68920;CHEMBL69629;CHEMBL69960;CHEMBL69964,BRICS,True
GEN_B93F4153,Cc1cccc(N(CC/N=N/Nc2ccc3ncnc(C(=O)O)c3c2)c2ccc3c(c2)CCC3)c1,CHEMBL137364;CHEMBL304271;CHEMBL305194;CHEMBL336113;CHEMBL432903;CHEMBL65848,BRICS,True
GEN_EB604E53,Cc1cccc(N(CC/N=N/Nc2ccc3ncnc(C(=O)O)c3c2)c2ccc(O)c([N+](=O)[O-])c2)c1,CHEMBL137364;CHEMBL304271;CHEMBL305194;CHEMBL309625;CHEMBL336113;CHEMBL432903,BRICS,True
GEN_571FAC3D,Cc1cccc(N(CC/N=N/Nc2ccc3ncnc(C(=O)O)c3c2)c2cc(O)cc(O)c2)c1,CHEMBL137364;CHEMBL304271;CHEMBL305194;CHEMBL336113;CHEMBL432903;CHEMBL76905,BRICS,True
GEN_0441BC91,Cc1cccc(N(CC/N=N/Nc2ccc3ncnc(C(=O)O)c3c2)c2cc(O)ccc2O)c1,CHEMBL137364;CHEMBL304271;CHEMBL305194;CHEMBL336113;CHEMBL432903;CHEMBL76642,BRICS,True
GEN_8C282EA0,Cc1cccc(N(CC/N=N/Nc2ccc3ncnc(C(=O)O)c3c2)c2ccc(O)c(O)c2)c1,CHEMBL137364;CHEMBL296407;CHEMBL304271;CHEMBL305194;CHEMBL336113;CHEMBL432903;CHEMBL76904,BRICS,True
GEN_EF3EC64A,Cc1cccc(N(CC/N=N/Nc2ccc3ncnc(C(=O)O)c3c2)c2ccc(O)cc2)c1,CHEMBL137364;CHEMBL304271;CHEMBL305194;CHEMBL336113;CHEMBL432903;CHEMBL76589,BRICS,True
GEN_42A54379,Cc1cccc(N(CC/N=N/Nc2ccc3ncnc(C(=O)O)c3c2)c2cc(O)c(O)c(O)c2)c1,CHEMBL137364;CHEMBL304271;CHEMBL305194;CHEMBL309598;CHEMBL310798;CHEMBL336113;CHEMBL432903,BRICS,True
GEN_A8E6D64C,CCN(CC/N=N/Nc1ccc2ncnc(C(=O)O)c2c1)c1cccc(C)c1,CHEMBL137364;CHEMBL304271;CHEMBL305194;CHEMBL336113;CHEMBL432903;CHEMBL66570,BRICS,True
GEN_B211FC61,C/N=N/Nc1ccc2ncnc(N(CC/N=N/Nc3ccc4ncnc(C(=O)O)c4c3)c3cccc(C)c3)c2c1,CHEMBL133024;CHEMBL135592;CHEMBL137364;CHEMBL304271;CHEMBL305194;CHEMBL336113;CHEMBL432903,BRICS,True
GEN_AB351574,Cc1cccc(N(CC/N=N/Nc2ccc3ncnc(C(=O)O)c3c2)c2[nH]c(C)cc2C)c1,CHEMBL137364;CHEMBL304271;CHEMBL305194;CHEMBL336113;CHEMBL432903;CHEMBL68920,BRICS,True
GEN_9E4F8409,Cc1cccc(N(CC/N=N/Nc2ccc3ncnc(C(=O)O)c3c2)c2ccccn2)c1,CHEMBL137364;CHEMBL137635;CHEMBL138125;CHEMBL304271;CHEMBL305194;CHEMBL336113;CHEMBL432903,BRICS,True
GEN_CA343CA4,Cc1cccc(N(CC/N=N/Nc2ccc3ncnc(C(=O)O)c3c2)c2ncnc3ccc(N)cc23)c1,CHEMBL136492;CHEMBL137364;CHEMBL304271;CHEMBL305194;CHEMBL332096;CHEMBL336113;CHEMBL343352;CHEMBL432903;CHEMBL52765,BRICS,True
GEN_EBEE3B7D,Cc1cccc(N(CC/N=N/Nc2ccc3ncnc(C(=O)O)c3c2)c2ncnc3ccc(/N=N/N(C)C)cc23)c1,CHEMBL136491;CHEMBL137364;CHEMBL304271;CHEMBL305194;CHEMBL336113;CHEMBL344652;CHEMBL432903,BRICS,True
GEN_A11C8A22,O=C(O)c1ncnc2ccc(N/N=N/CCN(c3cc(O)cc(O)c3)c3cc(O)ccc3[N+](=O)[O-])cc12,CHEMBL137364;CHEMBL304271;CHEMBL305194;CHEMBL432903;CHEMBL76905;CHEMBL77085,BRICS,True
GEN_EB1501F5,O=Cc1ccc(N(CC/N=N/Nc2ccc3ncnc(C(=O)O)c3c2)c2cc(O)cc(O)c2)cc1,CHEMBL137364;CHEMBL304271;CHEMBL305194;CHEMBL311119;CHEMBL432903;CHEMBL76905;CHEMBL76985,BRICS,True
GEN_CD82A12D,O=C(O)c1ncnc2ccc(N/N=N/CCN(c3cc(O)cc(O)c3)c3cccc(Br)c3)cc12,CHEMBL137364;CHEMBL138125;CHEMBL304271;CHEMBL305194;CHEMBL432903;CHEMBL52765;CHEMBL76905,BRICS,True
GEN_732B268E,O=C(O)c1ncnc2ccc(N/N=N/CCN(c3cc(O)cc(O)c3)c3ccc(F)c(Cl)c3)cc12,CHEMBL137364;CHEMBL302552;CHEMBL304271;CHEMBL305194;CHEMBL308645;CHEMBL432903;CHEMBL443268;CHEMBL66570;CHEMBL68920;CHEMBL69629;CHEMBL69960;CHEMBL69964;CHEMBL76905,BRICS,True
GEN_C155006C,O=C(O)c1ncnc2ccc(N/N=N/CCN(c3cc(O)cc(O)c3)c3ccc4c(c3)CCC4)cc12,CHEMBL137364;CHEMBL304271;CHEMBL305194;CHEMBL432903;CHEMBL65848;CHEMBL76905,BRICS,True
GEN_450B7D6C,O=C(O)c1ncnc2ccc(N/N=N/CCN(c3cc(O)cc(O)c3)c3ccc(O)c([N+](=O)[O-])c3)cc12,CHEMBL137364;CHEMBL304271;CHEMBL305194;CHEMBL309625;CHEMBL432903;CHEMBL76905,BRICS,True
GEN_A576327D,O=C(O)c1ncnc2ccc(N/N=N/CCN(c3cc(O)cc(O)c3)c3cc(O)cc(O)c3)cc12,CHEMBL137364;CHEMBL304271;CHEMBL305194;CHEMBL432903;CHEMBL76905,BRICS,True
GEN_20A66154,O=C(O)c1ncnc2ccc(N/N=N/CCN(c3cc(O)cc(O)c3)c3cc(O)ccc3O)cc12,CHEMBL137364;CHEMBL304271;CHEMBL305194;CHEMBL432903;CHEMBL76642;CHEMBL76905,BRICS,True
GEN_000F01D3,O=C(O)c1ncnc2ccc(N/N=N/CCN(c3cc(O)cc(O)c3)c3ccc(O)c(O)c3)cc12,CHEMBL137364;CHEMBL296407;CHEMBL304271;CHEMBL305194;CHEMBL432903;CHEMBL76904;CHEMBL76905,BRICS,True
GEN_0FCCC272,O=C(O)c1ncnc2ccc(N/N=N/CCN(c3ccc(O)cc3)c3cc(O)cc(O)c3)cc12,CHEMBL137364;CHEMBL304271;CHEMBL305194;CHEMBL432903;CHEMBL76589;CHEMBL76905,BRICS,True
GEN_CE0888DC,O=C(O)c1ncnc2ccc(N/N=N/CCN(c3cc(O)cc(O)c3)c3cc(O)c(O)c(O)c3)cc12,CHEMBL137364;CHEMBL304271;CHEMBL305194;CHEMBL309598;CHEMBL310798;CHEMBL432903;CHEMBL76905,BRICS,True
GEN_FB8F90A4,CCN(CC/N=N/Nc1ccc2ncnc(C(=O)O)c2c1)c1cc(O)cc(O)c1,CHEMBL137364;CHEMBL304271;CHEMBL305194;CHEMBL432903;CHEMBL66570;CHEMBL76905,BRICS,True
GEN_BE9252FD,C/N=N/Nc1ccc2ncnc(N(CC/N=N/Nc3ccc4ncnc(C(=O)O)c4c3)c3cc(O)cc(O)c3)c2c1,CHEMBL133024;CHEMBL135592;CHEMBL137364;CHEMBL304271;CHEMBL305194;CHEMBL432903;CHEMBL76905,BRICS,True
GEN_71634D4A,Cc1cc(C)c(N(CC/N=N/Nc2ccc3ncnc(C(=O)O)c3c2)c2cc(O)cc(O)c2)[nH]1,CHEMBL137364;CHEMBL304271;CHEMBL305194;CHEMBL432903;CHEMBL68920;CHEMBL76905,BRICS,True
GEN_BD716B0F,O=C(O)c1ncnc2ccc(N/N=N/CCN(c3cc(O)cc(O)c3)c3ccccn3)cc12,CHEMBL137364;CHEMBL137635;CHEMBL138125;CHEMBL304271;CHEMBL305194;CHEMBL432903;CHEMBL76905,BRICS,True
GEN_26AB1103,Nc1ccc2ncnc(N(CC/N=N/Nc3ccc4ncnc(C(=O)O)c4c3)c3cc(O)cc(O)c3)c2c1,CHEMBL136492;CHEMBL137364;CHEMBL304271;CHEMBL305194;CHEMBL332096;CHEMBL336113;CHEMBL343352;CHEMBL432903;CHEMBL52765;CHEMBL76905,BRICS,True
GEN_284AAEBA,CN(C)/N=N/c1ccc2ncnc(N(CC/N=N/Nc3ccc4ncnc(C(=O)O)c4c3)c3cc(O)cc(O)c3)c2c1,CHEMBL136491;CHEMBL137364;CHEMBL304271;CHEMBL305194;CHEMBL344652;CHEMBL432903;CHEMBL76905,BRICS,True
GEN_33A3CC80,O=C(O)c1ncnc2ccc(N/N=N/CCN(c3ccc(F)c(Cl)c3)c3cc(O)ccc3[N+](=O)[O-])cc12,CHEMBL137364;CHEMBL302552;CHEMBL304271;CHEMBL305194;CHEMBL308645;CHEMBL432903;CHEMBL443268;CHEMBL66570;CHEMBL68920;CHEMBL69629;CHEMBL69960;CHEMBL69964;CHEMBL77085,BRICS,True
GEN_B5D08552,O=Cc1ccc(N(CC/N=N/Nc2ccc3ncnc(C(=O)O)c3c2)c2ccc(F)c(Cl)c2)cc1,CHEMBL137364;CHEMBL302552;CHEMBL304271;CHEMBL305194;CHEMBL308645;CHEMBL311119;CHEMBL432903;CHEMBL443268;CHEMBL66570;CHEMBL68920;CHEMBL69629;CHEMBL69960;CHEMBL69964;CHEMBL76985,BRICS,True
GEN_2C355267,O=C(O)c1ncnc2ccc(N/N=N/CCN(c3cccc(Br)c3)c3ccc(F)c(Cl)c3)cc12,CHEMBL137364;CHEMBL138125;CHEMBL302552;CHEMBL304271;CHEMBL305194;CHEMBL308645;CHEMBL432903;CHEMBL443268;CHEMBL52765;CHEMBL66570;CHEMBL68920;CHEMBL69629;CHEMBL69960;CHEMBL69964,BRICS,True
GEN_20CBBA7C,O=C(O)c1ncnc2ccc(N/N=N/CCN(c3ccc(F)c(Cl)c3)c3ccc(F)c(Cl)c3)cc12,CHEMBL137364;CHEMBL302552;CHEMBL304271;CHEMBL305194;CHEMBL308645;CHEMBL432903;CHEMBL443268;CHEMBL66570;CHEMBL68920;CHEMBL69629;CHEMBL69960;CHEMBL69964,BRICS,True
GEN_E201CBA2,O=C(O)c1ncnc2ccc(N/N=N/CCN(c3ccc(F)c(Cl)c3)c3ccc4c(c3)CCC4)cc12,CHEMBL137364;CHEMBL302552;CHEMBL304271;CHEMBL305194;CHEMBL308645;CHEMBL432903;CHEMBL443268;CHEMBL65848;CHEMBL66570;CHEMBL68920;CHEMBL69629;CHEMBL69960;CHEMBL69964,BRICS,True
GEN_CA86FDCA,O=C(O)c1ncnc2ccc(N/N=N/CCN(c3ccc(F)c(Cl)c3)c3ccc(O)c([N+](=O)[O-])c3)cc12,CHEMBL137364;CHEMBL302552;CHEMBL304271;CHEMBL305194;CHEMBL308645;CHEMBL309625;CHEMBL432903;CHEMBL443268;CHEMBL66570;CHEMBL68920;CHEMBL69629;CHEMBL69960;CHEMBL69964,BRICS,True
GEN_59B45CD4,O=C(O)c1ncnc2ccc(N/N=N/CCN(c3ccc(F)c(Cl)c3)c3cc(O)ccc3O)cc12,CHEMBL137364;CHEMBL302552;CHEMBL304271;CHEMBL305194;CHEMBL308645;CHEMBL432903;CHEMBL443268;CHEMBL66570;CHEMBL68920;CHEMBL69629;CHEMBL69960;CHEMBL69964;CHEMBL76642,BRICS,True
GEN_DB57C176,O=C(O)c1ncnc2ccc(N/N=N/CCN(c3ccc(O)c(O)c3)c3ccc(F)c(Cl)c3)cc12,CHEMBL137364;CHEMBL296407;CHEMBL302552;CHEMBL304271;CHEMBL305194;CHEMBL308645;CHEMBL432903;CHEMBL443268;CHEMBL66570;CHEMBL68920;CHEMBL69629;CHEMBL69960;CHEMBL69964;CHEMBL76904,BRICS,True
GEN_733050DB,O=C(O)c1ncnc2ccc(N/N=N/CCN(c3ccc(O)cc3)c3ccc(F)c(Cl)c3)cc12,CHEMBL137364;CHEMBL302552;CHEMBL304271;CHEMBL305194;CHEMBL308645;CHEMBL432903;CHEMBL443268;CHEMBL66570;CHEMBL68920;CHEMBL69629;CHEMBL69960;CHEMBL69964;CHEMBL76589,BRICS,True
GEN_BDD263B9,O=C(O)c1ncnc2ccc(N/N=N/CCN(c3cc(O)c(O)c(O)c3)c3ccc(F)c(Cl)c3)cc12,CHEMBL137364;CHEMBL302552;CHEMBL304271;CHEMBL305194;CHEMBL308645;CHEMBL309598;CHEMBL310798;CHEMBL432903;CHEMBL443268;CHEMBL66570;CHEMBL68920;CHEMBL69629;CHEMBL69960;CHEMBL69964,BRICS,True
GEN_9A154C3A,CCN(CC/N=N/Nc1ccc2ncnc(C(=O)O)c2c1)c1ccc(F)c(Cl)c1,CHEMBL137364;CHEMBL302552;CHEMBL304271;CHEMBL305194;CHEMBL308645;CHEMBL432903;CHEMBL443268;CHEMBL66570;CHEMBL68920;CHEMBL69629;CHEMBL69960;CHEMBL69964,BRICS,True
GEN_29E43171,C/N=N/Nc1ccc2ncnc(N(CC/N=N/Nc3ccc4ncnc(C(=O)O)c4c3)c3ccc(F)c(Cl)c3)c2c1,CHEMBL133024;CHEMBL135592;CHEMBL137364;CHEMBL302552;CHEMBL304271;CHEMBL305194;CHEMBL308645;CHEMBL432903;CHEMBL443268;CHEMBL66570;CHEMBL68920;CHEMBL69629;CHEMBL69960;CHEMBL69964,BRICS,True
GEN_C25B916E,Cc1cc(C)c(N(CC/N=N/Nc2ccc3ncnc(C(=O)O)c3c2)c2ccc(F)c(Cl)c2)[nH]1,CHEMBL137364;CHEMBL302552;CHEMBL304271;CHEMBL305194;CHEMBL308645;CHEMBL432903;CHEMBL443268;CHEMBL66570;CHEMBL68920;CHEMBL69629;CHEMBL69960;CHEMBL69964,BRICS,True
GEN_59DCAECE,O=C(O)c1ncnc2ccc(N/N=N/CCN(c3ccc(F)c(Cl)c3)c3ccccn3)cc12,CHEMBL137364;CHEMBL137635;CHEMBL138125;CHEMBL302552;CHEMBL304271;CHEMBL305194;CHEMBL308645;CHEMBL432903;CHEMBL443268;CHEMBL66570;CHEMBL68920;CHEMBL69629;CHEMBL69960;CHEMBL69964,BRICS,True
GEN_886F2A43,Nc1ccc2ncnc(N(CC/N=N/Nc3ccc4ncnc(C(=O)O)c4c3)c3ccc(F)c(Cl)c3)c2c1,CHEMBL136492;CHEMBL137364;CHEMBL302552;CHEMBL304271;CHEMBL305194;CHEMBL308645;CHEMBL332096;CHEMBL336113;CHEMBL343352;CHEMBL432903;CHEMBL443268;CHEMBL52765;CHEMBL66570;CHEMBL68920;CHEMBL69629;CHEMBL69960;CHEMBL69964,BRICS,True
GEN_F895D5E8,CN(C)/N=N/c1ccc2ncnc(N(CC/N=N/Nc3ccc4ncnc(C(=O)O)c4c3)c3ccc(F)c(Cl)c3)c2c1,CHEMBL136491;CHEMBL137364;CHEMBL302552;CHEMBL304271;CHEMBL305194;CHEMBL308645;CHEMBL344652;CHEMBL432903;CHEMBL443268;CHEMBL66570;CHEMBL68920;CHEMBL69629;CHEMBL69960;CHEMBL69964,BRICS,True
GEN_DBBCC5E4,CCN(CC/N=N/Nc1ccc2ncnc(C(=O)O)c2c1)c1cc(O)ccc1[N+](=O)[O-],CHEMBL137364;CHEMBL304271;CHEMBL305194;CHEMBL432903;CHEMBL66570;CHEMBL77085,BRICS,True
GEN_880F7EAD,CCN(CC/N=N/Nc1ccc2ncnc(C(=O)O)c2c1)c1ccc(C=O)cc1,CHEMBL137364;CHEMBL304271;CHEMBL305194;CHEMBL311119;CHEMBL432903;CHEMBL66570;CHEMBL76985,BRICS,True
GEN_9437438F,CCN(CC/N=N/Nc1ccc2ncnc(C(=O)O)c2c1)c1cccc(Br)c1,CHEMBL137364;CHEMBL138125;CHEMBL304271;CHEMBL305194;CHEMBL432903;CHEMBL52765;CHEMBL66570,BRICS,True
GEN_4B79473A,CCN(CC/N=N/Nc1ccc2ncnc(C(=O)O)c2c1)c1ccc2c(c1)CCC2,CHEMBL137364;CHEMBL304271;CHEMBL305194;CHEMBL432903;CHEMBL65848;CHEMBL66570,BRICS,True
GEN_2BE81D6C,CCN(CC/N=N/Nc1ccc2ncnc(C(=O)O)c2c1)c1ccc(O)c([N+](=O)[O-])c1,CHEMBL137364;CHEMBL304271;CHEMBL305194;CHEMBL309625;CHEMBL432903;CHEMBL66570,BRICS,True
GEN_15D175A4,CCN(CC/N=N/Nc1ccc2ncnc(C(=O)O)c2c1)c1cc(O)ccc1O,CHEMBL137364;CHEMBL304271;CHEMBL305194;CHEMBL432903;CHEMBL66570;CHEMBL76642,BRICS,True
GEN_242F4AAD,CCN(CC/N=N/Nc1ccc2ncnc(C(=O)O)c2c1)c1ccc(O)c(O)c1,CHEMBL137364;CHEMBL296407;CHEMBL304271;CHEMBL305194;CHEMBL432903;CHEMBL66570;CHEMBL76904,BRICS,True
GEN_FFD0A31B,CCN(CC/N=N/Nc1ccc2ncnc(C(=O)O)c2c1)c1ccc(O)cc1,CHEMBL137364;CHEMBL304271;CHEMBL305194;CHEMBL432903;CHEMBL66570;CHEMBL76589,BRICS,True
GEN_3BED79BE,CCN(CC/N=N/Nc1ccc2ncnc(C(=O)O)c2c1)c1cc(O)c(O)c(O)c1,CHEMBL137364;CHEMBL304271;CHEMBL305194;CHEMBL309598;CHEMBL310798;CHEMBL432903;CHEMBL66570,BRICS,True
GEN_D8C153E7,CCN(CC)CC/N=N/Nc1ccc2ncnc(C(=O)O)c2c1,CHEMBL137364;CHEMBL304271;CHEMBL305194;CHEMBL432903;CHEMBL66570,BRICS,True
GEN_1D68BB09,CCN(CC/N=N/Nc1ccc2ncnc(C(=O)O)c2c1)c1ncnc2ccc(N/N=N/C)cc12,CHEMBL133024;CHEMBL135592;CHEMBL137364;CHEMBL304271;CHEMBL305194;CHEMBL432903;CHEMBL66570,BRICS,True
GEN_4617D574,CCN(CC/N=N/Nc1ccc2ncnc(C(=O)O)c2c1)c1[nH]c(C)cc1C,CHEMBL137364;CHEMBL304271;CHEMBL305194;CHEMBL432903;CHEMBL66570;CHEMBL68920,BRICS,True
GEN_D14A8702,CCN(CC/N=N/Nc1ccc2ncnc(C(=O)O)c2c1)c1ccccn1,CHEMBL137364;CHEMBL137635;CHEMBL138125;CHEMBL304271;CHEMBL305194;CHEMBL432903;CHEMBL66570,BRICS,True
GEN_3198F5CD,CCN(CC/N=N/Nc1ccc2ncnc(C(=O)O)c2c1)c1ncnc2ccc(N)cc12,CHEMBL136492;CHEMBL137364;CHEMBL304271;CHEMBL305194;CHEMBL332096;CHEMBL336113;CHEMBL343352;CHEMBL432903;CHEMBL52765;CHEMBL66570,BRICS,True
GEN_E8B5D15D,CCN(CC/N=N/Nc1ccc2ncnc(C(=O)O)c2c1)c1ncnc2ccc(/N=N/N(C)C)cc12,CHEMBL136491;CHEMBL137364;CHEMBL304271;CHEMBL305194;CHEMBL344652;CHEMBL432903;CHEMBL66570,BRICS,True
GEN_9737E498,Nc1ccc2ncnc(N(CC/N=N/Nc3ccc4ncnc(C(=O)O)c4c3)c3cc(O)ccc3[N+](=O)[O-])c2c1,CHEMBL136492;CHEMBL137364;CHEMBL304271;CHEMBL305194;CHEMBL332096;CHEMBL336113;CHEMBL343352;CHEMBL432903;CHEMBL52765;CHEMBL77085,BRICS,True
GEN_F10A671E,Nc1ccc2ncnc(N(CC/N=N/Nc3ccc4ncnc(C(=O)O)c4c3)c3ccc(C=O)cc3)c2c1,CHEMBL136492;CHEMBL137364;CHEMBL304271;CHEMBL305194;CHEMBL311119;CHEMBL332096;CHEMBL336113;CHEMBL343352;CHEMBL432903;CHEMBL52765;CHEMBL76985,BRICS,True
GEN_217A1886,Nc1ccc2ncnc(N(CC/N=N/Nc3ccc4ncnc(C(=O)O)c4c3)c3cccc(Br)c3)c2c1,CHEMBL136492;CHEMBL137364;CHEMBL138125;CHEMBL304271;CHEMBL305194;CHEMBL332096;CHEMBL336113;CHEMBL343352;CHEMBL432903;CHEMBL52765,BRICS,True
GEN_0165509E,Nc1ccc2ncnc(N(CC/N=N/Nc3ccc4ncnc(C(=O)O)c4c3)c3ccc4c(c3)CCC4)c2c1,CHEMBL136492;CHEMBL137364;CHEMBL304271;CHEMBL305194;CHEMBL332096;CHEMBL336113;CHEMBL343352;CHEMBL432903;CHEMBL52765;CHEMBL65848,BRICS,True
GEN_0CFD7238,Nc1ccc2ncnc(N(CC/N=N/Nc3ccc4ncnc(C(=O)O)c4c3)c3ccc(O)c([N+](=O)[O-])c3)c2c1,CHEMBL136492;CHEMBL137364;CHEMBL304271;CHEMBL305194;CHEMBL309625;CHEMBL332096;CHEMBL336113;CHEMBL343352;CHEMBL432903;CHEMBL52765,BRICS,True
GEN_E9A24423,Nc1ccc2ncnc(N(CC/N=N/Nc3ccc4ncnc(C(=O)O)c4c3)c3cc(O)ccc3O)c2c1,CHEMBL136492;CHEMBL137364;CHEMBL304271;CHEMBL305194;CHEMBL332096;CHEMBL336113;CHEMBL343352;CHEMBL432903;CHEMBL52765;CHEMBL76642,BRICS,True
GEN_0A3C34E2,Nc1ccc2ncnc(N(CC/N=N/Nc3ccc4ncnc(C(=O)O)c4c3)c3ccc(O)c(O)c3)c2c1,CHEMBL136492;CHEMBL137364;CHEMBL296407;CHEMBL304271;CHEMBL305194;CHEMBL332096;CHEMBL336113;CHEMBL343352;CHEMBL432903;CHEMBL52765;CHEMBL76904,BRICS,True
GEN_603CB424,Nc1ccc2ncnc(N(CC/N=N/Nc3ccc4ncnc(C(=O)O)c4c3)c3ccc(O)cc3)c2c1,CHEMBL136492;CHEMBL137364;CHEMBL304271;CHEMBL305194;CHEMBL332096;CHEMBL336113;CHEMBL343352;CHEMBL432903;CHEMBL52765;CHEMBL76589,BRICS,True
GEN_F71E3D23,Nc1ccc2ncnc(N(CC/N=N/Nc3ccc4ncnc(C(=O)O)c4c3)c3cc(O)c(O)c(O)c3)c2c1,CHEMBL136492;CHEMBL137364;CHEMBL304271;CHEMBL305194;CHEMBL309598;CHEMBL310798;CHEMBL332096;CHEMBL336113;CHEMBL343352;CHEMBL432903;CHEMBL52765,BRICS,True
GEN_62DE8256,C/N=N/Nc1ccc2ncnc(N(CC/N=N/Nc3ccc4ncnc(C(=O)O)c4c3)c3ncnc4ccc(N)cc34)c2c1,CHEMBL133024;CHEMBL135592;CHEMBL136492;CHEMBL137364;CHEMBL304271;CHEMBL305194;CHEMBL332096;CHEMBL336113;CHEMBL343352;CHEMBL432903;CHEMBL52765,BRICS,True
GEN_69942D1B,Cc1cc(C)c(N(CC/N=N/Nc2ccc3ncnc(C(=O)O)c3c2)c2ncnc3ccc(N)cc23)[nH]1,CHEMBL136492;CHEMBL137364;CHEMBL304271;CHEMBL305194;CHEMBL332096;CHEMBL336113;CHEMBL343352;CHEMBL432903;CHEMBL52765;CHEMBL68920,BRICS,True
GEN_2BF267A5,Nc1ccc2ncnc(N(CC/N=N/Nc3ccc4ncnc(C(=O)O)c4c3)c3ccccn3)c2c1,CHEMBL136492;CHEMBL137364;CHEMBL137635;CHEMBL138125;CHEMBL304271;CHEMBL305194;CHEMBL332096;CHEMBL336113;CHEMBL343352;CHEMBL432903;CHEMBL52765,BRICS,True
GEN_EDC3A1D7,Nc1ccc2ncnc(N(CC/N=N/Nc3ccc4ncnc(C(=O)O)c4c3)c3ncnc4ccc(N)cc34)c2c1,CHEMBL136492;CHEMBL137364;CHEMBL304271;CHEMBL305194;CHEMBL332096;CHEMBL336113;CHEMBL343352;CHEMBL432903;CHEMBL52765,BRICS,True
GEN_DB8B7CC6,CN(C)/N=N/c1ccc2ncnc(N(CC/N=N/Nc3ccc4ncnc(C(=O)O)c4c3)c3ncnc4ccc(N)cc34)c2c1,CHEMBL136491;CHEMBL136492;CHEMBL137364;CHEMBL304271;CHEMBL305194;CHEMBL332096;CHEMBL336113;CHEMBL343352;CHEMBL344652;CHEMBL432903;CHEMBL52765,BRICS,True
GEN_0E2995FE,O=C(O)c1ncnc2ccc(N/N=N/CCN(c3cc(O)ccc3O)c3cc(O)ccc3[N+](=O)[O-])cc12,CHEMBL137364;CHEMBL304271;CHEMBL305194;CHEMBL432903;CHEMBL76642;CHEMBL77085,BRICS,True
GEN_8E3B0977,O=Cc1ccc(N(CC/N=N/Nc2ccc3ncnc(C(=O)O)c3c2)c2cc(O)ccc2O)cc1,CHEMBL137364;CHEMBL304271;CHEMBL305194;CHEMBL311119;CHEMBL432903;CHEMBL76642;CHEMBL76985,BRICS,True
GEN_0F8326C2,O=C(O)c1ncnc2ccc(N/N=N/CCN(c3cccc(Br)c3)c3cc(O)ccc3O)cc12,CHEMBL137364;CHEMBL138125;CHEMBL304271;CHEMBL305194;CHEMBL432903;CHEMBL52765;CHEMBL76642,BRICS,True
GEN_CD464A52,O=C(O)c1ncnc2ccc(N/N=N/CCN(c3ccc4c(c3)CCC4)c3cc(O)ccc3O)cc12,CHEMBL137364;CHEMBL304271;CHEMBL305194;CHEMBL432903;CHEMBL65848;CHEMBL76642,BRICS,True
GEN_C153B1D5,O=C(O)c1ncnc2ccc(N/N=N/CCN(c3ccc(O)c([N+](=O)[O-])c3)c3cc(O)ccc3O)cc12,CHEMBL137364;CHEMBL304271;CHEMBL305194;CHEMBL309625;CHEMBL432903;CHEMBL76642,BRICS,True
GEN_5275FBEA,O=C(O)c1ncnc2ccc(N/N=N/CCN(c3cc(O)ccc3O)c3cc(O)ccc3O)cc12,CHEMBL137364;CHEMBL304271;CHEMBL305194;CHEMBL432903;CHEMBL76642,BRICS,True
GEN_939B7960,O=C(O)c1ncnc2ccc(N/N=N/CCN(c3ccc(O)c(O)c3)c3cc(O)ccc3O)cc12,CHEMBL137364;CHEMBL296407;CHEMBL304271;CHEMBL305194;CHEMBL432903;CHEMBL76642;CHEMBL76904,BRICS,True
GEN_AEF02A7B,O=C(O)c1ncnc2ccc(N/N=N/CCN(c3ccc(O)cc3)c3cc(O)ccc3O)cc12,CHEMBL137364;CHEMBL304271;CHEMBL305194;CHEMBL432903;CHEMBL76589;CHEMBL76642,BRICS,True
GEN_92519DE9,O=C(O)c1ncnc2ccc(N/N=N/CCN(c3cc(O)c(O)c(O)c3)c3cc(O)ccc3O)cc12,CHEMBL137364;CHEMBL304271;CHEMBL305194;CHEMBL309598;CHEMBL310798;CHEMBL432903;CHEMBL76642,BRICS,True
GEN_E6792EF1,C/N=N/Nc1ccc2ncnc(N(CC/N=N/Nc3ccc4ncnc(C(=O)O)c4c3)c3cc(O)ccc3O)c2c1,CHEMBL133024;CHEMBL135592;CHEMBL137364;CHEMBL304271;CHEMBL305194;CHEMBL432903;CHEMBL76642,BRICS,True
GEN_F105C47E,Cc1cc(C)c(N(CC/N=N/Nc2ccc3ncnc(C(=O)O)c3c2)c2cc(O)ccc2O)[nH]1,CHEMBL137364;CHEMBL304271;CHEMBL305194;CHEMBL432903;CHEMBL68920;CHEMBL76642,BRICS,True
GEN_BBC5A595,O=C(O)c1ncnc2ccc(N/N=N/CCN(c3ccccn3)c3cc(O)ccc3O)cc12,CHEMBL137364;CHEMBL137635;CHEMBL138125;CHEMBL304271;CHEMBL305194;CHEMBL432903;CHEMBL76642,BRICS,True
GEN_38A80C5C,CN(C)/N=N/c1ccc2ncnc(N(CC/N=N/Nc3ccc4ncnc(C(=O)O)c4c3)c3cc(O)ccc3O)c2c1,CHEMBL136491;CHEMBL137364;CHEMBL304271;CHEMBL305194;CHEMBL344652;CHEMBL432903;CHEMBL76642,BRICS,True
GEN_F3ED2B64,O=C(O)c1ncnc2ccc(N/N=N/CCN(c3cccc(Br)c3)c3cc(O)ccc3[N+](=O)[O-])cc12,CHEMBL137364;CHEMBL138125;CHEMBL304271;CHEMBL305194;CHEMBL432903;CHEMBL52765;CHEMBL77085,BRICS,True
GEN_1DC4FA52,O=Cc1ccc(N(CC/N=N/Nc2ccc3ncnc(C(=O)O)c3c2)c2cccc(Br)c2)cc1,CHEMBL137364;CHEMBL138125;CHEMBL304271;CHEMBL305194;CHEMBL311119;CHEMBL432903;CHEMBL52765;CHEMBL76985,BRICS,True
GEN_E929C3DA,O=C(O)c1ncnc2ccc(N/N=N/CCN(c3cccc(Br)c3)c3cccc(Br)c3)cc12,CHEMBL137364;CHEMBL138125;CHEMBL304271;CHEMBL305194;CHEMBL432903;CHEMBL52765,BRICS,True
GEN_53A847D9,O=C(O)c1ncnc2ccc(N/N=N/CCN(c3cccc(Br)c3)c3ccc4c(c3)CCC4)cc12,CHEMBL137364;CHEMBL138125;CHEMBL304271;CHEMBL305194;CHEMBL432903;CHEMBL52765;CHEMBL65848,BRICS,True
GEN_437DCA5D,O=C(O)c1ncnc2ccc(N/N=N/CCN(c3cccc(Br)c3)c3ccc(O)c([N+](=O)[O-])c3)cc12,CHEMBL137364;CHEMBL138125;CHEMBL304271;CHEMBL305194;CHEMBL309625;CHEMBL432903;CHEMBL52765,BRICS,True
GEN_89118646,O=C(O)c1ncnc2ccc(N/N=N/CCN(c3cccc(Br)c3)c3ccc(O)c(O)c3)cc12,CHEMBL137364;CHEMBL138125;CHEMBL296407;CHEMBL304271;CHEMBL305194;CHEMBL432903;CHEMBL52765;CHEMBL76904,BRICS,True
GEN_C5F7B7F0,O=C(O)c1ncnc2ccc(N/N=N/CCN(c3ccc(O)cc3)c3cccc(Br)c3)cc12,CHEMBL137364;CHEMBL138125;CHEMBL304271;CHEMBL305194;CHEMBL432903;CHEMBL52765;CHEMBL76589,BRICS,True
GEN_309C845C,O=C(O)c1ncnc2ccc(N/N=N/CCN(c3cccc(Br)c3)c3cc(O)c(O)c(O)c3)cc12,CHEMBL137364;CHEMBL138125;CHEMBL304271;CHEMBL305194;CHEMBL309598;CHEMBL310798;CHEMBL432903;CHEMBL52765,BRICS,True
GEN_46BDCF9D,C/N=N/Nc1ccc2ncnc(N(CC/N=N/Nc3ccc4ncnc(C(=O)O)c4c3)c3cccc(Br)c3)c2c1,CHEMBL133024;CHEMBL135592;CHEMBL137364;CHEMBL138125;CHEMBL304271;CHEMBL305194;CHEMBL432903;CHEMBL52765,BRICS,True
GEN_6265458A,Cc1cc(C)c(N(CC/N=N/Nc2ccc3ncnc(C(=O)O)c3c2)c2cccc(Br)c2)[nH]1,CHEMBL137364;CHEMBL138125;CHEMBL304271;CHEMBL305194;CHEMBL432903;CHEMBL52765;CHEMBL68920,BRICS,True
GEN_EDD4DF79,O=C(O)c1ncnc2ccc(N/N=N/CCN(c3cccc(Br)c3)c3ccccn3)cc12,CHEMBL137364;CHEMBL137635;CHEMBL138125;CHEMBL304271;CHEMBL305194;CHEMBL432903;CHEMBL52765,BRICS,True
GEN_6BCCBC8F,CN(C)/N=N/c1ccc2ncnc(N(CC/N=N/Nc3ccc4ncnc(C(=O)O)c4c3)c3cccc(Br)c3)c2c1,CHEMBL136491;CHEMBL137364;CHEMBL138125;CHEMBL304271;CHEMBL305194;CHEMBL344652;CHEMBL432903;CHEMBL52765,BRICS,True
GEN_1CAF6694,Cc1cc(C)c(N(CC/N=N/Nc2ccc3ncnc(C(=O)O)c3c2)c2cc(O)ccc2[N+](=O)[O-])[nH]1,CHEMBL137364;CHEMBL304271;CHEMBL305194;CHEMBL432903;CHEMBL68920;CHEMBL77085,BRICS,True
GEN_0081B5F6,Cc1cc(C)c(N(CC/N=N/Nc2ccc3ncnc(C(=O)O)c3c2)c2ccc(C=O)cc2)[nH]1,CHEMBL137364;CHEMBL304271;CHEMBL305194;CHEMBL311119;CHEMBL432903;CHEMBL68920;CHEMBL76985,BRICS,True
GEN_F061D080,Cc1cc(C)c(N(CC/N=N/Nc2ccc3ncnc(C(=O)O)c3c2)c2ccc3c(c2)CCC3)[nH]1,CHEMBL137364;CHEMBL304271;CHEMBL305194;CHEMBL432903;CHEMBL65848;CHEMBL68920,BRICS,True
GEN_2BD61C1F,Cc1cc(C)c(N(CC/N=N/Nc2ccc3ncnc(C(=O)O)c3c2)c2ccc(O)c([N+](=O)[O-])c2)[nH]1,CHEMBL137364;CHEMBL304271;CHEMBL305194;CHEMBL309625;CHEMBL432903;CHEMBL68920,BRICS,True
GEN_8B61CD82,Cc1cc(C)c(N(CC/N=N/Nc2ccc3ncnc(C(=O)O)c3c2)c2ccc(O)c(O)c2)[nH]1,CHEMBL137364;CHEMBL296407;CHEMBL304271;CHEMBL305194;CHEMBL432903;CHEMBL68920;CHEMBL76904,BRICS,True
GEN_49B74FA2,Cc1cc(C)c(N(CC/N=N/Nc2ccc3ncnc(C(=O)O)c3c2)c2ccc(O)cc2)[nH]1,CHEMBL137364;CHEMBL304271;CHEMBL305194;CHEMBL432903;CHEMBL68920;CHEMBL76589,BRICS,True
GEN_8C398E6A,Cc1cc(C)c(N(CC/N=N/Nc2ccc3ncnc(C(=O)O)c3c2)c2cc(O)c(O)c(O)c2)[nH]1,CHEMBL137364;CHEMBL304271;CHEMBL305194;CHEMBL309598;CHEMBL310798;CHEMBL432903;CHEMBL68920,BRICS,True
GEN_BF3CBB88,C/N=N/Nc1ccc2ncnc(N(CC/N=N/Nc3ccc4ncnc(C(=O)O)c4c3)c3[nH]c(C)cc3C)c2c1,CHEMBL133024;CHEMBL135592;CHEMBL137364;CHEMBL304271;CHEMBL305194;CHEMBL432903;CHEMBL68920,BRICS,True
GEN_64724A3A,Cc1cc(C)c(N(CC/N=N/Nc2ccc3ncnc(C(=O)O)c3c2)c2[nH]c(C)cc2C)[nH]1,CHEMBL137364;CHEMBL304271;CHEMBL305194;CHEMBL432903;CHEMBL68920,BRICS,True
GEN_27CFFBD7,Cc1cc(C)c(N(CC/N=N/Nc2ccc3ncnc(C(=O)O)c3c2)c2ccccn2)[nH]1,CHEMBL137364;CHEMBL137635;CHEMBL138125;CHEMBL304271;CHEMBL305194;CHEMBL432903;CHEMBL68920,BRICS,True
GEN_ECE1ADB9,Cc1cc(C)c(N(CC/N=N/Nc2ccc3ncnc(C(=O)O)c3c2)c2ncnc3ccc(/N=N/N(C)C)cc23)[nH]1,CHEMBL136491;CHEMBL137364;CHEMBL304271;CHEMBL305194;CHEMBL344652;CHEMBL432903;CHEMBL68920,BRICS,True
GEN_86551168,O=C(O)c1ncnc2ccc(N/N=N/CCN(c3cc(O)ccc3[N+](=O)[O-])c3cc(O)ccc3[N+](=O)[O-])cc12,CHEMBL137364;CHEMBL304271;CHEMBL305194;CHEMBL432903;CHEMBL77085,BRICS,True
GEN_16D4C724,O=Cc1ccc(N(CC/N=N/Nc2ccc3ncnc(C(=O)O)c3c2)c2cc(O)ccc2[N+](=O)[O-])cc1,CHEMBL137364;CHEMBL304271;CHEMBL305194;CHEMBL311119;CHEMBL432903;CHEMBL76985;CHEMBL77085,BRICS,True
GEN_0A14E810,O=C(O)c1ncnc2ccc(N/N=N/CCN(c3ccc4c(c3)CCC4)c3cc(O)ccc3[N+](=O)[O-])cc12,CHEMBL137364;CHEMBL304271;CHEMBL305194;CHEMBL432903;CHEMBL65848;CHEMBL77085,BRICS,True
GEN_9FB546A9,O=C(O)c1ncnc2ccc(N/N=N/CCN(c3ccc(O)c([N+](=O)[O-])c3)c3cc(O)ccc3[N+](=O)[O-])cc12,CHEMBL137364;CHEMBL304271;CHEMBL305194;CHEMBL309625;CHEMBL432903;CHEMBL77085,BRICS,True
GEN_F92BA5F3,O=C(O)c1ncnc2ccc(N/N=N/CCN(c3ccc(O)c(O)c3)c3cc(O)ccc3[N+](=O)[O-])cc12,CHEMBL137364;CHEMBL296407;CHEMBL304271;CHEMBL305194;CHEMBL432903;CHEMBL76904;CHEMBL77085,BRICS,True
GEN_7004EA57,O=C(O)c1ncnc2ccc(N/N=N/CCN(c3ccc(O)cc3)c3cc(O)ccc3[N+](=O)[O-])cc12,CHEMBL137364;CHEMBL304271;CHEMBL305194;CHEMBL432903;CHEMBL76589;CHEMBL77085,BRICS,True
GEN_EF70E669,O=C(O)c1ncnc2ccc(N/N=N/CCN(c3cc(O)c(O)c(O)c3)c3cc(O)ccc3[N+](=O)[O-])cc12,CHEMBL137364;CHEMBL304271;CHEMBL305194;CHEMBL309598;CHEMBL310798;CHEMBL432903;CHEMBL77085,BRICS,True
GEN_89455DC5,C/N=N/Nc1ccc2ncnc(N(CC/N=N/Nc3ccc4ncnc(C(=O)O)c4c3)c3cc(O)ccc3[N+](=O)[O-])c2c1,CHEMBL133024;CHEMBL135592;CHEMBL137364;CHEMBL304271;CHEMBL305194;CHEMBL432903;CHEMBL77085,BRICS,True
GEN_D180BF1E,O=C(O)c1ncnc2ccc(N/N=N/CCN(c3ccccn3)c3cc(O)ccc3[N+](=O)[O-])cc12,CHEMBL137364;CHEMBL137635;CHEMBL138125;CHEMBL304271;CHEMBL305194;CHEMBL432903;CHEMBL77085,BRICS,True
GEN_3021A29D,CN(C)/N=N/c1ccc2ncnc(N(CC/N=N/Nc3ccc4ncnc(C(=O)O)c4c3)c3cc(O)ccc3[N+](=O)[O-])c2c1,CHEMBL136491;CHEMBL137364;CHEMBL304271;CHEMBL305194;CHEMBL344652;CHEMBL432903;CHEMBL77085,BRICS,True
GEN_D68FF5B0,O=Cc1ccc(N(CC/N=N/Nc2ccc3ncnc(C(=O)O)c3c2)c2cc(O)c(O)c(O)c2)cc1,CHEMBL137364;CHEMBL304271;CHEMBL305194;CHEMBL309598;CHEMBL310798;CHEMBL311119;CHEMBL432903;CHEMBL76985,BRICS,True
GEN_69A54035,O=C(O)c1ncnc2ccc(N/N=N/CCN(c3cc(O)c(O)c(O)c3)c3ccc4c(c3)CCC4)cc12,CHEMBL137364;CHEMBL304271;CHEMBL305194;CHEMBL309598;CHEMBL310798;CHEMBL432903;CHEMBL65848,BRICS,True
GEN_6A56A14D,O=C(O)c1ncnc2ccc(N/N=N/CCN(c3cc(O)c(O)c(O)c3)c3ccc(O)c([N+](=O)[O-])c3)cc12,CHEMBL137364;CHEMBL304271;CHEMBL305194;CHEMBL309598;CHEMBL309625;CHEMBL310798;CHEMBL432903,BRICS,True
GEN_36E3B613,O=C(O)c1ncnc2ccc(N/N=N/CCN(c3ccc(O)c(O)c3)c3cc(O)c(O)c(O)c3)cc12,CHEMBL137364;CHEMBL296407;CHEMBL304271;CHEMBL305194;CHEMBL309598;CHEMBL310798;CHEMBL432903;CHEMBL76904,BRICS,True
GEN_8E1A841F,O=C(O)c1ncnc2ccc(N/N=N/CCN(c3ccc(O)cc3)c3cc(O)c(O)c(O)c3)cc12,CHEMBL137364;CHEMBL304271;CHEMBL305194;CHEMBL309598;CHEMBL310798;CHEMBL432903;CHEMBL76589,BRICS,True
GEN_0C7C3A52,O=C(O)c1ncnc2ccc(N/N=N/CCN(c3cc(O)c(O)c(O)c3)c3cc(O)c(O)c(O)c3)cc12,CHEMBL137364;CHEMBL304271;CHEMBL305194;CHEMBL309598;CHEMBL310798;CHEMBL432903,BRICS,True
GEN_B794AD9B,C/N=N/Nc1ccc2ncnc(N(CC/N=N/Nc3ccc4ncnc(C(=O)O)c4c3)c3cc(O)c(O)c(O)c3)c2c1,CHEMBL133024;CHEMBL135592;CHEMBL137364;CHEMBL304271;CHEMBL305194;CHEMBL309598;CHEMBL310798;CHEMBL432903,BRICS,True
GEN_BB531BC3,O=C(O)c1ncnc2ccc(N/N=N/CCN(c3cc(O)c(O)c(O)c3)c3ccccn3)cc12,CHEMBL137364;CHEMBL137635;CHEMBL138125;CHEMBL304271;CHEMBL305194;CHEMBL309598;CHEMBL310798;CHEMBL432903,BRICS,True
GEN_5B16EFB7,CN(C)/N=N/c1ccc2ncnc(N(CC/N=N/Nc3ccc4ncnc(C(=O)O)c4c3)c3cc(O)c(O)c(O)c3)c2c1,CHEMBL136491;CHEMBL137364;CHEMBL304271;CHEMBL305194;CHEMBL309598;CHEMBL310798;CHEMBL344652;CHEMBL432903,BRICS,True
GEN_1016196F,O=Cc1ccc(N(CC/N=N/Nc2ccc3ncnc(C(=O)O)c3c2)c2ccc(O)c([N+](=O)[O-])c2)cc1,CHEMBL137364;CHEMBL304271;CHEMBL305194;CHEMBL309625;CHEMBL311119;CHEMBL432903;CHEMBL76985,BRICS,True
GEN_AA2C1A2E,O=C(O)c1ncnc2ccc(N/N=N/CCN(c3ccc4c(c3)CCC4)c3ccc(O)c([N+](=O)[O-])c3)cc12,CHEMBL137364;CHEMBL304271;CHEMBL305194;CHEMBL309625;CHEMBL432903;CHEMBL65848,BRICS,True
GEN_D136DBE2,O=C(O)c1ncnc2ccc(N/N=N/CCN(c3ccc(O)c([N+](=O)[O-])c3)c3ccc(O)c([N+](=O)[O-])c3)cc12,CHEMBL137364;CHEMBL304271;CHEMBL305194;CHEMBL309625;CHEMBL432903,BRICS,True
GEN_AA1EA295,O=C(O)c1ncnc2ccc(N/N=N/CCN(c3ccc(O)c(O)c3)c3ccc(O)c([N+](=O)[O-])c3)cc12,CHEMBL137364;CHEMBL296407;CHEMBL304271;CHEMBL305194;CHEMBL309625;CHEMBL432903;CHEMBL76904,BRICS,True
GEN_5F0979CC,O=C(O)c1ncnc2ccc(N/N=N/CCN(c3ccc(O)cc3)c3ccc(O)c([N+](=O)[O-])c3)cc12,CHEMBL137364;CHEMBL304271;CHEMBL305194;CHEMBL309625;CHEMBL432903;CHEMBL76589,BRICS,True
GEN_A0FB6E62,C/N=N/Nc1ccc2ncnc(N(CC/N=N/Nc3ccc4ncnc(C(=O)O)c4c3)c3ccc(O)c([N+](=O)[O-])c3)c2c1,CHEMBL133024;CHEMBL135592;CHEMBL137364;CHEMBL304271;CHEMBL305194;CHEMBL309625;CHEMBL432903,BRICS,True
GEN_5B69BAD7,O=C(O)c1ncnc2ccc(N/N=N/CCN(c3ccc(O)c([N+](=O)[O-])c3)c3ccccn3)cc12,CHEMBL137364;CHEMBL137635;CHEMBL138125;CHEMBL304271;CHEMBL305194;CHEMBL309625;CHEMBL432903,BRICS,True
GEN_611F64B2,CN(C)/N=N/c1ccc2ncnc(N(CC/N=N/Nc3ccc4ncnc(C(=O)O)c4c3)c3ccc(O)c([N+](=O)[O-])c3)c2c1,CHEMBL136491;CHEMBL137364;CHEMBL304271;CHEMBL305194;CHEMBL309625;CHEMBL344652;CHEMBL432903,BRICS,True
GEN_5A447858,CN(C)/N=N/c1ccc2ncnc(N(CC/N=N/Nc3ccc4ncnc(C(=O)O)c4c3)c3ccc(C=O)cc3)c2c1,CHEMBL136491;CHEMBL137364;CHEMBL304271;CHEMBL305194;CHEMBL311119;CHEMBL344652;CHEMBL432903;CHEMBL76985,BRICS,True
GEN_50D867AC,CN(C)/N=N/c1ccc2ncnc(N(CC/N=N/Nc3ccc4ncnc(C(=O)O)c4c3)c3ccc4c(c3)CCC4)c2c1,CHEMBL136491;CHEMBL137364;CHEMBL304271;CHEMBL305194;CHEMBL344652;CHEMBL432903;CHEMBL65848,BRICS,True
GEN_6276BEC7,CN(C)/N=N/c1ccc2ncnc(N(CC/N=N/Nc3ccc4ncnc(C(=O)O)c4c3)c3ccc(O)c(O)c3)c2c1,CHEMBL136491;CHEMBL137364;CHEMBL296407;CHEMBL304271;CHEMBL305194;CHEMBL344652;CHEMBL432903;CHEMBL76904,BRICS,True
GEN_72164BD4,CN(C)/N=N/c1ccc2ncnc(N(CC/N=N/Nc3ccc4ncnc(C(=O)O)c4c3)c3ccc(O)cc3)c2c1,CHEMBL136491;CHEMBL137364;CHEMBL304271;CHEMBL305194;CHEMBL344652;CHEMBL432903;CHEMBL76589,BRICS,True
GEN_8F82BE39,C/N=N/Nc1ccc2ncnc(N(CC/N=N/Nc3ccc4ncnc(C(=O)O)c4c3)c3ncnc4ccc(/N=N/N(C)C)cc34)c2c1,CHEMBL133024;CHEMBL135592;CHEMBL136491;CHEMBL137364;CHEMBL304271;CHEMBL305194;CHEMBL344652;CHEMBL432903,BRICS,True
GEN_7EE45FF8,CN(C)/N=N/c1ccc2ncnc(N(CC/N=N/Nc3ccc4ncnc(C(=O)O)c4c3)c3ccccn3)c2c1,CHEMBL136491;CHEMBL137364;CHEMBL137635;CHEMBL138125;CHEMBL304271;CHEMBL305194;CHEMBL344652;CHEMBL432903,BRICS,True
GEN_49510494,CN(C)/N=N/c1ccc2ncnc(N(CC/N=N/Nc3ccc4ncnc(C(=O)O)c4c3)c3ncnc4ccc(/N=N/N(C)C)cc34)c2c1,CHEMBL136491;CHEMBL137364;CHEMBL304271;CHEMBL305194;CHEMBL344652;CHEMBL432903,BRICS,True
GEN_94ED5656,O=Cc1ccc(N(CC/N=N/Nc2ccc3ncnc(C(=O)O)c3c2)c2ccc(O)cc2)cc1,CHEMBL137364;CHEMBL304271;CHEMBL305194;CHEMBL311119;CHEMBL432903;CHEMBL76589;CHEMBL76985,BRICS,True
GEN_C4072F2D,O=C(O)c1ncnc2ccc(N/N=N/CCN(c3ccc(O)cc3)c3ccc4c(c3)CCC4)cc12,CHEMBL137364;CHEMBL304271;CHEMBL305194;CHEMBL432903;CHEMBL65848;CHEMBL76589,BRICS,True
GEN_5AD82DBD,O=C(O)c1ncnc2ccc(N/N=N/CCN(c3ccc(O)cc3)c3ccc(O)c(O)c3)cc12,CHEMBL137364;CHEMBL296407;CHEMBL304271;CHEMBL305194;CHEMBL432903;CHEMBL76589;CHEMBL76904,BRICS,True
GEN_E88C6649,O=C(O)c1ncnc2ccc(N/N=N/CCN(c3ccc(O)cc3)c3ccc(O)cc3)cc12,CHEMBL137364;CHEMBL304271;CHEMBL305194;CHEMBL432903;CHEMBL76589,BRICS,True
GEN_23C62FD2,C/N=N/Nc1ccc2ncnc(N(CC/N=N/Nc3ccc4ncnc(C(=O)O)c4c3)c3ccc(O)cc3)c2c1,CHEMBL133024;CHEMBL135592;CHEMBL137364;CHEMBL304271;CHEMBL305194;CHEMBL432903;CHEMBL76589,BRICS,True
GEN_7DCB5EA9,O=C(O)c1ncnc2ccc(N/N=N/CCN(c3ccc(O)cc3)c3ccccn3)cc12,CHEMBL137364;CHEMBL137635;CHEMBL138125;CHEMBL304271;CHEMBL305194;CHEMBL432903;CHEMBL76589,BRICS,True
GEN_76446BF0,O=Cc1ccc(N(CC/N=N/Nc2ccc3ncnc(C(=O)O)c3c2)c2ccc3c(c2)CCC3)cc1,CHEMBL137364;CHEMBL304271;CHEMBL305194;CHEMBL311119;CHEMBL432903;CHEMBL65848;CHEMBL76985,BRICS,True
GEN_A14D19E5,O=C(O)c1ncnc2ccc(N/N=N/CCN(c3ccc4c(c3)CCC4)c3ccc4c(c3)CCC4)cc12,CHEMBL137364;CHEMBL304271;CHEMBL305194;CHEMBL432903;CHEMBL65848,BRICS,True
GEN_C7E659D2,O=C(O)c1ncnc2ccc(N/N=N/CCN(c3ccc(O)c(O)c3)c3ccc4c(c3)CCC4)cc12,CHEMBL137364;CHEMBL296407;CHEMBL304271;CHEMBL305194;CHEMBL432903;CHEMBL65848;CHEMBL76904,BRICS,True
GEN_B48C614B,C/N=N/Nc1ccc2ncnc(N(CC/N=N/Nc3ccc4ncnc(C(=O)O)c4c3)c3ccc4c(c3)CCC4)c2c1,CHEMBL133024;CHEMBL135592;CHEMBL137364;CHEMBL304271;CHEMBL305194;CHEMBL432903;CHEMBL65848,BRICS,True
GEN_95B00151,O=C(O)c1ncnc2ccc(N/N=N/CCN(c3ccc4c(c3)CCC4)c3ccccn3)cc12,CHEMBL137364;CHEMBL137635;CHEMBL138125;CHEMBL304271;CHEMBL305194;CHEMBL432903;CHEMBL65848,BRICS,True
GEN_6EEAB1FC,O=Cc1ccc(N(CC/N=N/Nc2ccc3ncnc(C(=O)O)c3c2)c2ccc(O)c(O)c2)cc1,CHEMBL137364;CHEMBL296407;CHEMBL304271;CHEMBL305194;CHEMBL311119;CHEMBL432903;CHEMBL76904;CHEMBL76985,BRICS,True
GEN_E957CF6F,O=C(O)c1ncnc2ccc(N/N=N/CCN(c3ccc(O)c(O)c3)c3ccc(O)c(O)c3)cc12,CHEMBL137364;CHEMBL296407;CHEMBL304271;CHEMBL305194;CHEMBL432903;CHEMBL76904,BRICS,True
GEN_A7FDD5F9,C/N=N/Nc1ccc2ncnc(N(CC/N=N/Nc3ccc4ncnc(C(=O)O)c4c3)c3ccc(O)c(O)c3)c2c1,CHEMBL133024;CHEMBL135592;CHEMBL137364;CHEMBL296407;CHEMBL304271;CHEMBL305194;CHEMBL432903;CHEMBL76904,BRICS,True
GEN_A4EE53FE,O=C(O)c1ncnc2ccc(N/N=N/CCN(c3ccc(O)c(O)c3)c3ccccn3)cc12,CHEMBL137364;CHEMBL137635;CHEMBL138125;CHEMBL296407;CHEMBL304271;CHEMBL305194;CHEMBL432903;CHEMBL76904,BRICS,True
GEN_8DDD4774,C/N=N/Nc1ccc2ncnc(N(CC/N=N/Nc3ccc4ncnc(C(=O)O)c4c3)c3ccc(C=O)cc3)c2c1,CHEMBL133024;CHEMBL135592;CHEMBL137364;CHEMBL304271;CHEMBL305194;CHEMBL311119;CHEMBL432903;CHEMBL76985,BRICS,True
GEN_FD52E7B5,C/N=N/Nc1ccc2ncnc(N(CC/N=N/Nc3ccc4ncnc(C(=O)O)c4c3)c3ncnc4ccc(N/N=N/C)cc34)c2c1,CHEMBL133024;CHEMBL135592;CHEMBL137364;CHEMBL304271;CHEMBL305194;CHEMBL432903,BRICS,True
GEN_80CA5DC9,C/N=N/Nc1ccc2ncnc(N(CC/N=N/Nc3ccc4ncnc(C(=O)O)c4c3)c3ccccn3)c2c1,CHEMBL133024;CHEMBL135592;CHEMBL137364;CHEMBL137635;CHEMBL138125;CHEMBL304271;CHEMBL305194;CHEMBL432903,BRICS,True
GEN_E8E010F9,O=Cc1ccc(N(CC/N=N/Nc2ccc3ncnc(C(=O)O)c3c2)c2ccc(C=O)cc2)cc1,CHEMBL137364;CHEMBL304271;CHEMBL305194;CHEMBL311119;CHEMBL432903;CHEMBL76985,BRICS,True
GEN_699E3547,O=Cc1ccc(N(CC/N=N/Nc2ccc3ncnc(C(=O)O)c3c2)c2ccccn2)cc1,CHEMBL137364;CHEMBL137635;CHEMBL138125;CHEMBL304271;CHEMBL305194;CHEMBL311119;CHEMBL432903;CHEMBL76985,BRICS,True
GEN_B555AAE3,O=C(O)c1ncnc2ccc(N/N=N/CCN(c3ccccn3)c3ccccn3)cc12,CHEMBL137364;CHEMBL137635;CHEMBL138125;CHEMBL304271;CHEMBL305194;CHEMBL432903,BRICS,True
GEN_CA697BC1,C/N=N/Nc1ccc2ncnc(N(C)CC/N=N/Nc3ccc4ncnc(C(=O)O)c4c3)c2c1,CHEMBL133024;CHEMBL135592;CHEMBL136492;CHEMBL137364;CHEMBL137635;CHEMBL305194;CHEMBL344652,BRICS,True
GEN_F6FB7BB3,Cc1cc(C)c(N(C)CC/N=N/Nc2ccc3ncnc(C(=O)O)c3c2)[nH]1,CHEMBL135592;CHEMBL136492;CHEMBL137364;CHEMBL137635;CHEMBL305194;CHEMBL344652;CHEMBL68920,BRICS,True
GEN_52D624FF,CN(CC/N=N/Nc1ccc2ncnc(C(=O)O)c2c1)c1ccccn1,CHEMBL135592;CHEMBL136492;CHEMBL137364;CHEMBL137635;CHEMBL138125;CHEMBL305194;CHEMBL344652,BRICS,True
GEN_116DD962,CN(CC/N=N/Nc1ccc2ncnc(C(=O)O)c2c1)c1ncnc2ccc(N)cc12,CHEMBL135592;CHEMBL136492;CHEMBL137364;CHEMBL137635;CHEMBL305194;CHEMBL332096;CHEMBL336113;CHEMBL343352;CHEMBL344652;CHEMBL52765,BRICS,True
GEN_7009EC26,CN(C)/N=N/c1ccc2ncnc(N(C)CC/N=N/Nc3ccc4ncnc(C(=O)O)c4c3)c2c1,CHEMBL135592;CHEMBL136491;CHEMBL136492;CHEMBL137364;CHEMBL137635;CHEMBL305194;CHEMBL344652,BRICS,True
GEN_9C977D8B,CN(CC/N=N/Nc1ccc2ncnc(C(=O)O)c2c1)c1cc(O)ccc1[N+](=O)[O-],CHEMBL135592;CHEMBL136492;CHEMBL137364;CHEMBL137635;CHEMBL305194;CHEMBL344652;CHEMBL77085,BRICS,True
GEN_B89C9710,CN(CC/N=N/Nc1ccc2ncnc(C(=O)O)c2c1)c1ccc(C=O)cc1,CHEMBL135592;CHEMBL136492;CHEMBL137364;CHEMBL137635;CHEMBL305194;CHEMBL311119;CHEMBL344652;CHEMBL76985,BRICS,True
GEN_F0F323CD,CN(CC/N=N/Nc1ccc2ncnc(C(=O)O)c2c1)c1cccc(Br)c1,CHEMBL135592;CHEMBL136492;CHEMBL137364;CHEMBL137635;CHEMBL138125;CHEMBL305194;CHEMBL344652;CHEMBL52765,BRICS,True
GEN_858BB1DF,CN(CC/N=N/Nc1ccc2ncnc(C(=O)O)c2c1)c1cccc(Cl)c1,CHEMBL133024;CHEMBL135592;CHEMBL136491;CHEMBL136492;CHEMBL137364;CHEMBL137635;CHEMBL305194;CHEMBL343352;CHEMBL344652,BRICS,True
GEN_060F36AD,Cc1cccc(N(C)CC/N=N/Nc2ccc3ncnc(C(=O)O)c3c2)c1,CHEMBL135592;CHEMBL136492;CHEMBL137364;CHEMBL137635;CHEMBL305194;CHEMBL336113;CHEMBL344652,BRICS,True
GEN_6B3B692A,CN(CC/N=N/Nc1ccc2ncnc(C(=O)O)c2c1)c1ccc(F)c(Cl)c1,CHEMBL135592;CHEMBL136492;CHEMBL137364;CHEMBL137635;CHEMBL302552;CHEMBL304271;CHEMBL305194;CHEMBL308645;CHEMBL344652;CHEMBL432903;CHEMBL443268;CHEMBL66570;CHEMBL68920;CHEMBL69629;CHEMBL69960;CHEMBL69964,BRICS,True
GEN_00750569,CN(CC/N=N/Nc1ccc2ncnc(C(=O)O)c2c1)c1ccc2c(c1)CCC2,CHEMBL135592;CHEMBL136492;CHEMBL137364;CHEMBL137635;CHEMBL305194;CHEMBL344652;CHEMBL65848,BRICS,True
GEN_6E696C90,CN(CC/N=N/Nc1ccc2ncnc(C(=O)O)c2c1)c1ccc(O)c([N+](=O)[O-])c1,CHEMBL135592;CHEMBL136492;CHEMBL137364;CHEMBL137635;CHEMBL305194;CHEMBL309625;CHEMBL344652,BRICS,True
GEN_08DBA0FD,CN(CC/N=N/Nc1ccc2ncnc(C(=O)O)c2c1)c1cc(O)cc(O)c1,CHEMBL135592;CHEMBL136492;CHEMBL137364;CHEMBL137635;CHEMBL305194;CHEMBL344652;CHEMBL76905,BRICS,True
GEN_BE46F8BE,CN(CC/N=N/Nc1ccc2ncnc(C(=O)O)c2c1)c1cc(O)ccc1O,CHEMBL135592;CHEMBL136492;CHEMBL137364;CHEMBL137635;CHEMBL305194;CHEMBL344652;CHEMBL76642,BRICS,True
GEN_D5C56C9D,CN(CC/N=N/Nc1ccc2ncnc(C(=O)O)c2c1)c1ccccc1,CHEMBL135592;CHEMBL136492;CHEMBL137364;CHEMBL137635;CHEMBL305194;CHEMBL332096;CHEMBL344652;CHEMBL67003;CHEMBL67057,BRICS,True
GEN_972D949F,CN(CC/N=N/Nc1ccc2ncnc(C(=O)O)c2c1)c1ccc(O)c(O)c1,CHEMBL135592;CHEMBL136492;CHEMBL137364;CHEMBL137635;CHEMBL296407;CHEMBL305194;CHEMBL344652;CHEMBL76904,BRICS,True
GEN_7F1367B5,CN(CC/N=N/Nc1ccc2ncnc(C(=O)O)c2c1)c1ccc(O)cc1,CHEMBL135592;CHEMBL136492;CHEMBL137364;CHEMBL137635;CHEMBL305194;CHEMBL344652;CHEMBL76589,BRICS,True
GEN_26EB13E0,CN(CC/N=N/Nc1ccc2ncnc(C(=O)O)c2c1)c1cc(O)c(O)c(O)c1,CHEMBL135592;CHEMBL136492;CHEMBL137364;CHEMBL137635;CHEMBL305194;CHEMBL309598;CHEMBL310798;CHEMBL344652,BRICS,True
GEN_04A5CA2E,CCN(C)CC/N=N/Nc1ccc2ncnc(C(=O)O)c2c1,CHEMBL135592;CHEMBL136492;CHEMBL137364;CHEMBL137635;CHEMBL304271;CHEMBL305194;CHEMBL344652;CHEMBL432903;CHEMBL66570,BRICS,True
GEN_DD895B2C,CN(CC/N=N/Nc1ccc2ncnc(C(=O)O)c2c1)c1ccc2c(ccn2CCC(=O)O)c1,CHEMBL135592;CHEMBL136492;CHEMBL137364;CHEMBL137635;CHEMBL305194;CHEMBL308645;CHEMBL344652;CHEMBL67057,BRICS,True
GEN_A16AE714,C/N=N/Nc1ccc2ncnc(-n3ccc4cc(N(C)CC/N=N/Nc5ccc6ncnc(C(=O)O)c6c5)ccc43)c2c1,CHEMBL133024;CHEMBL135592;CHEMBL136492;CHEMBL137364;CHEMBL137635;CHEMBL305194;CHEMBL344652;CHEMBL67057,BRICS,True
GEN_AFC0181A,Cc1cc(C)c(-n2ccc3cc(N(C)CC/N=N/Nc4ccc5ncnc(C(=O)O)c5c4)ccc32)[nH]1,CHEMBL135592;CHEMBL136492;CHEMBL137364;CHEMBL137635;CHEMBL305194;CHEMBL344652;CHEMBL67057;CHEMBL68920,BRICS,True
GEN_1B75D6DC,CN(CC/N=N/Nc1ccc2ncnc(C(=O)O)c2c1)c1ccc2c(ccn2-c2ccccn2)c1,CHEMBL135592;CHEMBL136492;CHEMBL137364;CHEMBL137635;CHEMBL138125;CHEMBL305194;CHEMBL344652;CHEMBL67057,BRICS,True
GEN_27A6D7F6,CN(CC/N=N/Nc1ccc2ncnc(C(=O)O)c2c1)c1ccc2c(ccn2-c2ncnc3ccc(N)cc23)c1,CHEMBL135592;CHEMBL136492;CHEMBL137364;CHEMBL137635;CHEMBL305194;CHEMBL332096;CHEMBL336113;CHEMBL343352;CHEMBL344652;CHEMBL52765;CHEMBL67057,BRICS,True
GEN_B2B4B8F2,CN(C)/N=N/c1ccc2ncnc(-n3ccc4cc(N(C)CC/N=N/Nc5ccc6ncnc(C(=O)O)c6c5)ccc43)c2c1,CHEMBL135592;CHEMBL136491;CHEMBL136492;CHEMBL137364;CHEMBL137635;CHEMBL305194;CHEMBL344652;CHEMBL67057,BRICS,True
GEN_4D955AD4,CN(CC/N=N/Nc1ccc2ncnc(C(=O)O)c2c1)c1ccc2c(ccn2-c2cc(O)ccc2[N+](=O)[O-])c1,CHEMBL135592;CHEMBL136492;CHEMBL137364;CHEMBL137635;CHEMBL305194;CHEMBL344652;CHEMBL67057;CHEMBL77085,BRICS,True
GEN_9DB07D07,CN(CC/N=N/Nc1ccc2ncnc(C(=O)O)c2c1)c1ccc2c(ccn2-c2ccc(C=O)cc2)c1,CHEMBL135592;CHEMBL136492;CHEMBL137364;CHEMBL137635;CHEMBL305194;CHEMBL311119;CHEMBL344652;CHEMBL67057;CHEMBL76985,BRICS,True
GEN_434AFEE5,CN(CC/N=N/Nc1ccc2ncnc(C(=O)O)c2c1)c1ccc2c(ccn2-c2cccc(Br)c2)c1,CHEMBL135592;CHEMBL136492;CHEMBL137364;CHEMBL137635;CHEMBL138125;CHEMBL305194;CHEMBL344652;CHEMBL52765;CHEMBL67057,BRICS,True
GEN_E959E95C,CN(CC/N=N/Nc1ccc2ncnc(C(=O)O)c2c1)c1ccc2c(ccn2-c2cccc(Cl)c2)c1,CHEMBL133024;CHEMBL135592;CHEMBL136491;CHEMBL136492;CHEMBL137364;CHEMBL137635;CHEMBL305194;CHEMBL343352;CHEMBL344652;CHEMBL67057,BRICS,True
GEN_B0958E3E,Cc1cccc(-n2ccc3cc(N(C)CC/N=N/Nc4ccc5ncnc(C(=O)O)c5c4)ccc32)c1,CHEMBL135592;CHEMBL136492;CHEMBL137364;CHEMBL137635;CHEMBL305194;CHEMBL336113;CHEMBL344652;CHEMBL67057,BRICS,True
GEN_F8060A6E,CN(CC/N=N/Nc1ccc2ncnc(C(=O)O)c2c1)c1ccc2c(ccn2-c2ccc(F)c(Cl)c2)c1,CHEMBL135592;CHEMBL136492;CHEMBL137364;CHEMBL137635;CHEMBL302552;CHEMBL304271;CHEMBL305194;CHEMBL308645;CHEMBL344652;CHEMBL432903;CHEMBL443268;CHEMBL66570;CHEMBL67057;CHEMBL68920;CHEMBL69629;CHEMBL69960;CHEMBL69964,BRICS,True
GEN_095F2E18,CN(CC/N=N/Nc1ccc2ncnc(C(=O)O)c2c1)c1ccc2c(ccn2-c2ccc3c(c2)CCC3)c1,CHEMBL135592;CHEMBL136492;CHEMBL137364;CHEMBL137635;CHEMBL305194;CHEMBL344652;CHEMBL65848;CHEMBL67057,BRICS,True
GEN_ACDC095D,CN(CC/N=N/Nc1ccc2ncnc(C(=O)O)c2c1)c1ccc2c(ccn2-c2ccc(O)c([N+](=O)[O-])c2)c1,CHEMBL135592;CHEMBL136492;CHEMBL137364;CHEMBL137635;CHEMBL305194;CHEMBL309625;CHEMBL344652;CHEMBL67057,BRICS,True
GEN_C34CF688,CN(CC/N=N/Nc1ccc2ncnc(C(=O)O)c2c1)c1ccc2c(ccn2-c2cc(O)cc(O)c2)c1,CHEMBL135592;CHEMBL136492;CHEMBL137364;CHEMBL137635;CHEMBL305194;CHEMBL344652;CHEMBL67057;CHEMBL76905,BRICS,True
GEN_86402DD3,CN(CC/N=N/Nc1ccc2ncnc(C(=O)O)c2c1)c1ccc2c(ccn2-c2cc(O)ccc2O)c1,CHEMBL135592;CHEMBL136492;CHEMBL137364;CHEMBL137635;CHEMBL305194;CHEMBL344652;CHEMBL67057;CHEMBL76642,BRICS,True
GEN_6B84585B,CN(CC/N=N/Nc1ccc2ncnc(C(=O)O)c2c1)c1ccc2c(ccn2-c2ccccc2)c1,CHEMBL135592;CHEMBL136492;CHEMBL137364;CHEMBL137635;CHEMBL305194;CHEMBL332096;CHEMBL344652;CHEMBL67003;CHEMBL67057,BRICS,True
GEN_B2B2EA5C,CN(CC/N=N/Nc1ccc2ncnc(C(=O)O)c2c1)c1ccc2c(ccn2-c2ccc(O)c(O)c2)c1,CHEMBL135592;CHEMBL136492;CHEMBL137364;CHEMBL137635;CHEMBL296407;CHEMBL305194;CHEMBL344652;CHEMBL67057;CHEMBL76904,BRICS,True
GEN_5F90C59A,CN(CC/N=N/Nc1ccc2ncnc(C(=O)O)c2c1)c1ccc2c(ccn2-c2ccc(O)cc2)c1,CHEMBL135592;CHEMBL136492;CHEMBL137364;CHEMBL137635;CHEMBL305194;CHEMBL344652;CHEMBL67057;CHEMBL76589,BRICS,True
GEN_90E64AF4,CN(CC/N=N/Nc1ccc2ncnc(C(=O)O)c2c1)c1ccc2c(ccn2-c2cc(O)c(O)c(O)c2)c1,CHEMBL135592;CHEMBL136492;CHEMBL137364;CHEMBL137635;CHEMBL305194;CHEMBL309598;CHEMBL310798;CHEMBL344652;CHEMBL67057,BRICS,True
GEN_28BDEBDB,COCCN(C)CC/N=N/Nc1ccc2ncnc(C(=O)O)c2c1,CHEMBL135592;CHEMBL136492;CHEMBL137364;CHEMBL137635;CHEMBL302552;CHEMBL305194;CHEMBL344652;CHEMBL432903;CHEMBL443268;CHEMBL69629;CHEMBL80155,BRICS,True
GEN_5687B32F,CN(CC/N=N/Nc1ccc2ncnc(C(=O)O)c2c1)CCN1CCN(C)CC1,CHEMBL135592;CHEMBL136492;CHEMBL137364;CHEMBL137635;CHEMBL302552;CHEMBL305194;CHEMBL344652;CHEMBL432903;CHEMBL443268;CHEMBL69629;CHEMBL69964,BRICS,True
GEN_F0E24249,CN(CC/N=N/Nc1ccc2ncnc(C(=O)O)c2c1)CCN1CCOCC1,CHEMBL135592;CHEMBL136492;CHEMBL137364;CHEMBL137635;CHEMBL302552;CHEMBL305194;CHEMBL344652;CHEMBL432903;CHEMBL443268;CHEMBL65848;CHEMBL67003;CHEMBL67057;CHEMBL69629;CHEMBL69960,BRICS,True
GEN_6C70AC4A,CN(CC/N=N/Nc1ccc2ncnc(C(=O)O)c2c1)c1cc(CCC(=O)O)cc(O)c1O,CHEMBL135592;CHEMBL136492;CHEMBL137364;CHEMBL137635;CHEMBL305194;CHEMBL308645;CHEMBL344652;CHEMBL80155,BRICS,True
GEN_71B7689F,CN(CC/N=N/Nc1ccc2ncnc(C(=O)O)c2c1)c1cc(C(=O)O)cc(O)c1O,CHEMBL135592;CHEMBL136492;CHEMBL137364;CHEMBL137635;CHEMBL305194;CHEMBL344652;CHEMBL80155,BRICS,True
GEN_2790D6CB,COc1cc(O)c(O)c(N(C)CC/N=N/Nc2ccc3ncnc(C(=O)O)c3c2)c1,CHEMBL135592;CHEMBL136492;CHEMBL137364;CHEMBL137635;CHEMBL305194;CHEMBL344652;CHEMBL80155,BRICS,True
GEN_5720A46C,CN1CCN(c2cc(O)c(O)c(N(C)CC/N=N/Nc3ccc4ncnc(C(=O)O)c4c3)c2)CC1,CHEMBL135592;CHEMBL136492;CHEMBL137364;CHEMBL137635;CHEMBL305194;CHEMBL344652;CHEMBL69964;CHEMBL80155,BRICS,True
GEN_0C55F157,CN(CC/N=N/Nc1ccc2ncnc(C(=O)O)c2c1)c1cc(N2CCOCC2)cc(O)c1O,CHEMBL135592;CHEMBL136492;CHEMBL137364;CHEMBL137635;CHEMBL302552;CHEMBL305194;CHEMBL344652;CHEMBL443268;CHEMBL65848;CHEMBL67003;CHEMBL67057;CHEMBL69629;CHEMBL69960;CHEMBL80155,BRICS,True
GEN_4CA9CE1E,C/N=N/Nc1ccc2ncnc(-c3cc(O)c(O)c(N(C)CC/N=N/Nc4ccc5ncnc(C(=O)O)c5c4)c3)c2c1,CHEMBL133024;CHEMBL135592;CHEMBL136492;CHEMBL137364;CHEMBL137635;CHEMBL305194;CHEMBL344652;CHEMBL80155,BRICS,True
GEN_A9DDF075,Cc1cc(C)c(-c2cc(O)c(O)c(N(C)CC/N=N/Nc3ccc4ncnc(C(=O)O)c4c3)c2)[nH]1,CHEMBL135592;CHEMBL136492;CHEMBL137364;CHEMBL137635;CHEMBL305194;CHEMBL344652;CHEMBL68920;CHEMBL80155,BRICS,True
GEN_B404072E,CN(CC/N=N/Nc1ccc2ncnc(C(=O)O)c2c1)c1cc(-c2ccccn2)cc(O)c1O,CHEMBL135592;CHEMBL136492;CHEMBL137364;CHEMBL137635;CHEMBL138125;CHEMBL305194;CHEMBL344652;CHEMBL80155,BRICS,True
GEN_035172E1,CN(CC/N=N/Nc1ccc2ncnc(C(=O)O)c2c1)c1cc(-c2ncnc3ccc(N)cc23)cc(O)c1O,CHEMBL135592;CHEMBL136492;CHEMBL137364;CHEMBL137635;CHEMBL305194;CHEMBL332096;CHEMBL336113;CHEMBL343352;CHEMBL344652;CHEMBL52765;CHEMBL80155,BRICS,True
GEN_2A248CEA,CN(C)/N=N/c1ccc2ncnc(-c3cc(O)c(O)c(N(C)CC/N=N/Nc4ccc5ncnc(C(=O)O)c5c4)c3)c2c1,CHEMBL135592;CHEMBL136491;CHEMBL136492;CHEMBL137364;CHEMBL137635;CHEMBL305194;CHEMBL344652;CHEMBL80155,BRICS,True
GEN_2FE40196,CN(CC/N=N/Nc1ccc2ncnc(C(=O)O)c2c1)c1cc(-c2cc(O)ccc2[N+](=O)[O-])cc(O)c1O,CHEMBL135592;CHEMBL136492;CHEMBL137364;CHEMBL137635;CHEMBL305194;CHEMBL344652;CHEMBL77085;CHEMBL80155,BRICS,True
GEN_93E67305,CN(CC/N=N/Nc1ccc2ncnc(C(=O)O)c2c1)c1cc(-c2ccc(C=O)cc2)cc(O)c1O,CHEMBL135592;CHEMBL136492;CHEMBL137364;CHEMBL137635;CHEMBL305194;CHEMBL311119;CHEMBL344652;CHEMBL76985;CHEMBL80155,BRICS,True
GEN_5053BF3A,CN(CC/N=N/Nc1ccc2ncnc(C(=O)O)c2c1)c1cc(-c2cccc(Br)c2)cc(O)c1O,CHEMBL135592;CHEMBL136492;CHEMBL137364;CHEMBL137635;CHEMBL138125;CHEMBL305194;CHEMBL344652;CHEMBL52765;CHEMBL80155,BRICS,True
GEN_4DB455B4,CN(CC/N=N/Nc1ccc2ncnc(C(=O)O)c2c1)c1cc(-c2cccc(Cl)c2)cc(O)c1O,CHEMBL133024;CHEMBL135592;CHEMBL136491;CHEMBL136492;CHEMBL137364;CHEMBL137635;CHEMBL305194;CHEMBL343352;CHEMBL344652;CHEMBL80155,BRICS,True
GEN_BF76946E,Cc1cccc(-c2cc(O)c(O)c(N(C)CC/N=N/Nc3ccc4ncnc(C(=O)O)c4c3)c2)c1,CHEMBL135592;CHEMBL136492;CHEMBL137364;CHEMBL137635;CHEMBL305194;CHEMBL336113;CHEMBL344652;CHEMBL80155,BRICS,True
GEN_AFFFD981,CN(CC/N=N/Nc1ccc2ncnc(C(=O)O)c2c1)c1cc(-c2ccc(F)c(Cl)c2)cc(O)c1O,CHEMBL135592;CHEMBL136492;CHEMBL137364;CHEMBL137635;CHEMBL302552;CHEMBL304271;CHEMBL305194;CHEMBL308645;CHEMBL344652;CHEMBL432903;CHEMBL443268;CHEMBL66570;CHEMBL68920;CHEMBL69629;CHEMBL69960;CHEMBL69964;CHEMBL80155,BRICS,True
GEN_B60660C5,CN(CC/N=N/Nc1ccc2ncnc(C(=O)O)c2c1)c1cc(-c2ccc3c(c2)CCC3)cc(O)c1O,CHEMBL135592;CHEMBL136492;CHEMBL137364;CHEMBL137635;CHEMBL305194;CHEMBL344652;CHEMBL65848;CHEMBL80155,BRICS,True
GEN_34AE0808,CN(CC/N=N/Nc1ccc2ncnc(C(=O)O)c2c1)c1cc(-c2ccc(O)c([N+](=O)[O-])c2)cc(O)c1O,CHEMBL135592;CHEMBL136492;CHEMBL137364;CHEMBL137635;CHEMBL305194;CHEMBL309625;CHEMBL344652;CHEMBL80155,BRICS,True
GEN_1AA7D79B,CN(CC/N=N/Nc1ccc2ncnc(C(=O)O)c2c1)c1cc(-c2cc(O)cc(O)c2)cc(O)c1O,CHEMBL135592;CHEMBL136492;CHEMBL137364;CHEMBL137635;CHEMBL305194;CHEMBL344652;CHEMBL76905;CHEMBL80155,BRICS,True
GEN_AADC177D,CN(CC/N=N/Nc1ccc2ncnc(C(=O)O)c2c1)c1cc(-c2cc(O)ccc2O)cc(O)c1O,CHEMBL135592;CHEMBL136492;CHEMBL137364;CHEMBL137635;CHEMBL305194;CHEMBL344652;CHEMBL76642;CHEMBL80155,BRICS,True
GEN_EEBBAB5E,CN(CC/N=N/Nc1ccc2ncnc(C(=O)O)c2c1)c1cc(-c2ccccc2)cc(O)c1O,CHEMBL135592;CHEMBL136492;CHEMBL137364;CHEMBL137635;CHEMBL305194;CHEMBL332096;CHEMBL344652;CHEMBL67003;CHEMBL67057;CHEMBL80155,BRICS,True
GEN_27DEBF90,CN(CC/N=N/Nc1ccc2ncnc(C(=O)O)c2c1)c1cc(-c2ccc(O)c(O)c2)cc(O)c1O,CHEMBL135592;CHEMBL136492;CHEMBL137364;CHEMBL137635;CHEMBL296407;CHEMBL305194;CHEMBL344652;CHEMBL76904;CHEMBL80155,BRICS,True
GEN_FC9D282E,CN(CC/N=N/Nc1ccc2ncnc(C(=O)O)c2c1)c1cc(-c2ccc(O)cc2)cc(O)c1O,CHEMBL135592;CHEMBL136492;CHEMBL137364;CHEMBL137635;CHEMBL305194;CHEMBL344652;CHEMBL76589;CHEMBL80155,BRICS,True
GEN_9BF59BA6,CN(CC/N=N/Nc1ccc2ncnc(C(=O)O)c2c1)c1cc(-c2cc(O)c(O)c(O)c2)cc(O)c1O,CHEMBL135592;CHEMBL136492;CHEMBL137364;CHEMBL137635;CHEMBL305194;CHEMBL309598;CHEMBL310798;CHEMBL344652;CHEMBL80155,BRICS,True
GEN_DD1EFDFB,CN(CC/N=N/Nc1ccc2ncnc(C(=O)O)c2c1)c1cc(O)c(O)c(CCC(=O)O)c1,CHEMBL135592;CHEMBL136492;CHEMBL137364;CHEMBL137635;CHEMBL305194;CHEMBL308645;CHEMBL344652;CHEMBL80155,BRICS,True
GEN_0FB18184,CN(CC/N=N/Nc1ccc2ncnc(C(=O)O)c2c1)c1cc(O)c(O)c(C(=O)O)c1,CHEMBL135592;CHEMBL136492;CHEMBL137364;CHEMBL137635;CHEMBL305194;CHEMBL344652;CHEMBL80155,BRICS,True
GEN_25E5E807,COc1cc(N(C)CC/N=N/Nc2ccc3ncnc(C(=O)O)c3c2)cc(O)c1O,CHEMBL135592;CHEMBL136492;CHEMBL137364;CHEMBL137635;CHEMBL305194;CHEMBL344652;CHEMBL80155,BRICS,True
GEN_5A8A0DA5,CN1CCN(c2cc(N(C)CC/N=N/Nc3ccc4ncnc(C(=O)O)c4c3)cc(O)c2O)CC1,CHEMBL135592;CHEMBL136492;CHEMBL137364;CHEMBL137635;CHEMBL305194;CHEMBL344652;CHEMBL69964;CHEMBL80155,BRICS,True
GEN_1B7350A5,CN(CC/N=N/Nc1ccc2ncnc(C(=O)O)c2c1)c1cc(O)c(O)c(N2CCOCC2)c1,CHEMBL135592;CHEMBL136492;CHEMBL137364;CHEMBL137635;CHEMBL302552;CHEMBL305194;CHEMBL344652;CHEMBL443268;CHEMBL65848;CHEMBL67003;CHEMBL67057;CHEMBL69629;CHEMBL69960;CHEMBL80155,BRICS,True
GEN_B5B75B48,C/N=N/Nc1ccc2ncnc(-c3cc(N(C)CC/N=N/Nc4ccc5ncnc(C(=O)O)c5c4)cc(O)c3O)c2c1,CHEMBL133024;CHEMBL135592;CHEMBL136492;CHEMBL137364;CHEMBL137635;CHEMBL305194;CHEMBL344652;CHEMBL80155,BRICS,True
GEN_4DD6AEC0,Cc1cc(C)c(-c2cc(N(C)CC/N=N/Nc3ccc4ncnc(C(=O)O)c4c3)cc(O)c2O)[nH]1,CHEMBL135592;CHEMBL136492;CHEMBL137364;CHEMBL137635;CHEMBL305194;CHEMBL344652;CHEMBL68920;CHEMBL80155,BRICS,True
GEN_66A4B7D4,CN(CC/N=N/Nc1ccc2ncnc(C(=O)O)c2c1)c1cc(O)c(O)c(-c2ccccn2)c1,CHEMBL135592;CHEMBL136492;CHEMBL137364;CHEMBL137635;CHEMBL138125;CHEMBL305194;CHEMBL344652;CHEMBL80155,BRICS,True
GEN_6BA3CF3E,CN(CC/N=N/Nc1ccc2ncnc(C(=O)O)c2c1)c1cc(O)c(O)c(-c2ncnc3ccc(N)cc23)c1,CHEMBL135592;CHEMBL136492;CHEMBL137364;CHEMBL137635;CHEMBL305194;CHEMBL332096;CHEMBL336113;CHEMBL343352;CHEMBL344652;CHEMBL52765;CHEMBL80155,BRICS,True
GEN_8CB83547,CN(C)/N=N/c1ccc2ncnc(-c3cc(N(C)CC/N=N/Nc4ccc5ncnc(C(=O)O)c5c4)cc(O)c3O)c2c1,CHEMBL135592;CHEMBL136491;CHEMBL136492;CHEMBL137364;CHEMBL137635;CHEMBL305194;CHEMBL344652;CHEMBL80155,BRICS,True
GEN_975C1268,CN(CC/N=N/Nc1ccc2ncnc(C(=O)O)c2c1)c1cc(O)c(O)c(-c2cc(O)ccc2[N+](=O)[O-])c1,CHEMBL135592;CHEMBL136492;CHEMBL137364;CHEMBL137635;CHEMBL305194;CHEMBL344652;CHEMBL77085;CHEMBL80155,BRICS,True
GEN_EA3E1D29,CN(CC/N=N/Nc1ccc2ncnc(C(=O)O)c2c1)c1cc(O)c(O)c(-c2ccc(C=O)cc2)c1,CHEMBL135592;CHEMBL136492;CHEMBL137364;CHEMBL137635;CHEMBL305194;CHEMBL311119;CHEMBL344652;CHEMBL76985;CHEMBL80155,BRICS,True
GEN_8F216C81,CN(CC/N=N/Nc1ccc2ncnc(C(=O)O)c2c1)c1cc(O)c(O)c(-c2cccc(Br)c2)c1,CHEMBL135592;CHEMBL136492;CHEMBL137364;CHEMBL137635;CHEMBL138125;CHEMBL305194;CHEMBL344652;CHEMBL52765;CHEMBL80155,BRICS,True
GEN_B713DDA6,CN(CC/N=N/Nc1ccc2ncnc(C(=O)O)c2c1)c1cc(O)c(O)c(-c2cccc(Cl)c2)c1,CHEMBL133024;CHEMBL135592;CHEMBL136491;CHEMBL136492;CHEMBL137364;CHEMBL137635;CHEMBL305194;CHEMBL343352;CHEMBL344652;CHEMBL80155,BRICS,True
GEN_8132C4DD,Cc1cccc(-c2cc(N(C)CC/N=N/Nc3ccc4ncnc(C(=O)O)c4c3)cc(O)c2O)c1,CHEMBL135592;CHEMBL136492;CHEMBL137364;CHEMBL137635;CHEMBL305194;CHEMBL336113;CHEMBL344652;CHEMBL80155,BRICS,True
GEN_E839C1E2,CN(CC/N=N/Nc1ccc2ncnc(C(=O)O)c2c1)c1cc(O)c(O)c(-c2ccc(F)c(Cl)c2)c1,CHEMBL135592;CHEMBL136492;CHEMBL137364;CHEMBL137635;CHEMBL302552;CHEMBL304271;CHEMBL305194;CHEMBL308645;CHEMBL344652;CHEMBL432903;CHEMBL443268;CHEMBL66570;CHEMBL68920;CHEMBL69629;CHEMBL69960;CHEMBL69964;CHEMBL80155,BRICS,True
GEN_D0431941,CN(CC/N=N/Nc1ccc2ncnc(C(=O)O)c2c1)c1cc(O)c(O)c(-c2ccc3c(c2)CCC3)c1,CHEMBL135592;CHEMBL136492;CHEMBL137364;CHEMBL137635;CHEMBL305194;CHEMBL344652;CHEMBL65848;CHEMBL80155,BRICS,True
GEN_40228454,CN(CC/N=N/Nc1ccc2ncnc(C(=O)O)c2c1)c1cc(O)c(O)c(-c2ccc(O)c([N+](=O)[O-])c2)c1,CHEMBL135592;CHEMBL136492;CHEMBL137364;CHEMBL137635;CHEMBL305194;CHEMBL309625;CHEMBL344652;CHEMBL80155,BRICS,True
GEN_57DBE4CE,CN(CC/N=N/Nc1ccc2ncnc(C(=O)O)c2c1)c1cc(O)c(O)c(-c2cc(O)cc(O)c2)c1,CHEMBL135592;CHEMBL136492;CHEMBL137364;CHEMBL137635;CHEMBL305194;CHEMBL344652;CHEMBL76905;CHEMBL80155,BRICS,True
GEN_4AA8D833,CN(CC/N=N/Nc1ccc2ncnc(C(=O)O)c2c1)c1cc(O)c(O)c(-c2cc(O)ccc2O)c1,CHEMBL135592;CHEMBL136492;CHEMBL137364;CHEMBL137635;CHEMBL305194;CHEMBL344652;CHEMBL76642;CHEMBL80155,BRICS,True
GEN_438344B1,CN(CC/N=N/Nc1ccc2ncnc(C(=O)O)c2c1)c1cc(O)c(O)c(-c2ccccc2)c1,CHEMBL135592;CHEMBL136492;CHEMBL137364;CHEMBL137635;CHEMBL305194;CHEMBL332096;CHEMBL344652;CHEMBL67003;CHEMBL67057;CHEMBL80155,BRICS,True
GEN_E2907B0E,CN(CC/N=N/Nc1ccc2ncnc(C(=O)O)c2c1)c1cc(O)c(O)c(-c2ccc(O)c(O)c2)c1,CHEMBL135592;CHEMBL136492;CHEMBL137364;CHEMBL137635;CHEMBL296407;CHEMBL305194;CHEMBL344652;CHEMBL76904;CHEMBL80155,BRICS,True
GEN_294D461F,CN(CC/N=N/Nc1ccc2ncnc(C(=O)O)c2c1)c1cc(O)c(O)c(-c2ccc(O)cc2)c1,CHEMBL135592;CHEMBL136492;CHEMBL137364;CHEMBL137635;CHEMBL305194;CHEMBL344652;CHEMBL76589;CHEMBL80155,BRICS,True
GEN_26B9DDDB,CN(CC/N=N/Nc1ccc2ncnc(C(=O)O)c2c1)c1cc(O)c(O)c(-c2cc(O)c(O)c(O)c2)c1,CHEMBL135592;CHEMBL136492;CHEMBL137364;CHEMBL137635;CHEMBL305194;CHEMBL309598;CHEMBL310798;CHEMBL344652;CHEMBL80155,BRICS,True
GEN_59AA6D54,CN(CC/N=N/Nc1ccc2ncnc(C(=O)O)c2c1)c1ccc(C(=O)O)[nH]1,CHEMBL135592;CHEMBL136492;CHEMBL137364;CHEMBL137635;CHEMBL302552;CHEMBL305194;CHEMBL344652,BRICS,True
GEN_33F812F0,CN(CC/N=N/Nc1ccc2ncnc(C(=O)O)c2c1)c1ccc(CCC(=O)O)[nH]1,CHEMBL135592;CHEMBL136492;CHEMBL137364;CHEMBL137635;CHEMBL302552;CHEMBL305194;CHEMBL308645;CHEMBL344652,BRICS,True
GEN_E4F9489F,CN1CCN(c2ccc(N(C)CC/N=N/Nc3ccc4ncnc(C(=O)O)c4c3)[nH]2)CC1,CHEMBL135592;CHEMBL136492;CHEMBL137364;CHEMBL137635;CHEMBL302552;CHEMBL305194;CHEMBL344652;CHEMBL69964,BRICS,True
GEN_D252AD3B,CN(CC/N=N/Nc1ccc2ncnc(C(=O)O)c2c1)c1ccc(N2CCOCC2)[nH]1,CHEMBL135592;CHEMBL136492;CHEMBL137364;CHEMBL137635;CHEMBL302552;CHEMBL305194;CHEMBL344652;CHEMBL443268;CHEMBL65848;CHEMBL67003;CHEMBL67057;CHEMBL69629;CHEMBL69960,BRICS,True
GEN_EAB3B936,C/N=N/Nc1ccc2ncnc(-c3ccc(N(C)CC/N=N/Nc4ccc5ncnc(C(=O)O)c5c4)[nH]3)c2c1,CHEMBL133024;CHEMBL135592;CHEMBL136492;CHEMBL137364;CHEMBL137635;CHEMBL302552;CHEMBL305194;CHEMBL344652,BRICS,True
GEN_D12E6328,Cc1cc(C)c(-c2ccc(N(C)CC/N=N/Nc3ccc4ncnc(C(=O)O)c4c3)[nH]2)[nH]1,CHEMBL135592;CHEMBL136492;CHEMBL137364;CHEMBL137635;CHEMBL302552;CHEMBL305194;CHEMBL344652;CHEMBL68920,BRICS,True
GEN_0587FDB4,CN(CC/N=N/Nc1ccc2ncnc(C(=O)O)c2c1)c1ccc(-c2ccccn2)[nH]1,CHEMBL135592;CHEMBL136492;CHEMBL137364;CHEMBL137635;CHEMBL138125;CHEMBL302552;CHEMBL305194;CHEMBL344652,BRICS,True
GEN_B370DDF9,CN(CC/N=N/Nc1ccc2ncnc(C(=O)O)c2c1)c1ccc(-c2ncnc3ccc(N)cc23)[nH]1,CHEMBL135592;CHEMBL136492;CHEMBL137364;CHEMBL137635;CHEMBL302552;CHEMBL305194;CHEMBL332096;CHEMBL336113;CHEMBL343352;CHEMBL344652;CHEMBL52765,BRICS,True
GEN_F73C378A,CN(C)/N=N/c1ccc2ncnc(-c3ccc(N(C)CC/N=N/Nc4ccc5ncnc(C(=O)O)c5c4)[nH]3)c2c1,CHEMBL135592;CHEMBL136491;CHEMBL136492;CHEMBL137364;CHEMBL137635;CHEMBL302552;CHEMBL305194;CHEMBL344652,BRICS,True
GEN_CF31580A,COc1ccc(N(C)CC/N=N/Nc2ccc3ncnc(C(=O)O)c3c2)[nH]1,CHEMBL135592;CHEMBL136492;CHEMBL137364;CHEMBL137635;CHEMBL302552;CHEMBL305194;CHEMBL344652;CHEMBL80155,BRICS,True
GEN_395A1E08,CN(CC/N=N/Nc1ccc2ncnc(C(=O)O)c2c1)c1ccc(-c2cc(O)ccc2[N+](=O)[O-])[nH]1,CHEMBL135592;CHEMBL136492;CHEMBL137364;CHEMBL137635;CHEMBL302552;CHEMBL305194;CHEMBL344652;CHEMBL77085,BRICS,True
GEN_94E0EF48,CN(CC/N=N/Nc1ccc2ncnc(C(=O)O)c2c1)c1ccc(-c2ccc(C=O)cc2)[nH]1,CHEMBL135592;CHEMBL136492;CHEMBL137364;CHEMBL137635;CHEMBL302552;CHEMBL305194;CHEMBL311119;CHEMBL344652;CHEMBL76985,BRICS,True
GEN_03602BD1,CN(CC/N=N/Nc1ccc2ncnc(C(=O)O)c2c1)c1ccc(-c2cccc(Br)c2)[nH]1,CHEMBL135592;CHEMBL136492;CHEMBL137364;CHEMBL137635;CHEMBL138125;CHEMBL302552;CHEMBL305194;CHEMBL344652;CHEMBL52765,BRICS,True
GEN_AB3D08FC,CN(CC/N=N/Nc1ccc2ncnc(C(=O)O)c2c1)c1ccc(-c2cccc(Cl)c2)[nH]1,CHEMBL133024;CHEMBL135592;CHEMBL136491;CHEMBL136492;CHEMBL137364;CHEMBL137635;CHEMBL302552;CHEMBL305194;CHEMBL343352;CHEMBL344652,BRICS,True
GEN_79237E17,Cc1cccc(-c2ccc(N(C)CC/N=N/Nc3ccc4ncnc(C(=O)O)c4c3)[nH]2)c1,CHEMBL135592;CHEMBL136492;CHEMBL137364;CHEMBL137635;CHEMBL302552;CHEMBL305194;CHEMBL336113;CHEMBL344652,BRICS,True
GEN_910F5BCE,CN(CC/N=N/Nc1ccc2ncnc(C(=O)O)c2c1)c1ccc(-c2ccc(F)c(Cl)c2)[nH]1,CHEMBL135592;CHEMBL136492;CHEMBL137364;CHEMBL137635;CHEMBL302552;CHEMBL304271;CHEMBL305194;CHEMBL308645;CHEMBL344652;CHEMBL432903;CHEMBL443268;CHEMBL66570;CHEMBL68920;CHEMBL69629;CHEMBL69960;CHEMBL69964,BRICS,True
GEN_56403619,CN(CC/N=N/Nc1ccc2ncnc(C(=O)O)c2c1)c1ccc(-c2ccc3c(c2)CCC3)[nH]1,CHEMBL135592;CHEMBL136492;CHEMBL137364;CHEMBL137635;CHEMBL302552;CHEMBL305194;CHEMBL344652;CHEMBL65848,BRICS,True
GEN_6C8FACA2,CN(CC/N=N/Nc1ccc2ncnc(C(=O)O)c2c1)c1ccc(-c2ccc(O)c([N+](=O)[O-])c2)[nH]1,CHEMBL135592;CHEMBL136492;CHEMBL137364;CHEMBL137635;CHEMBL302552;CHEMBL305194;CHEMBL309625;CHEMBL344652,BRICS,True
GEN_52C90766,CN(CC/N=N/Nc1ccc2ncnc(C(=O)O)c2c1)c1ccc(-c2cc(O)cc(O)c2)[nH]1,CHEMBL135592;CHEMBL136492;CHEMBL137364;CHEMBL137635;CHEMBL302552;CHEMBL305194;CHEMBL344652;CHEMBL76905,BRICS,True
GEN_4B22BF07,CN(CC/N=N/Nc1ccc2ncnc(C(=O)O)c2c1)c1ccc(-c2cc(O)ccc2O)[nH]1,CHEMBL135592;CHEMBL136492;CHEMBL137364;CHEMBL137635;CHEMBL302552;CHEMBL305194;CHEMBL344652;CHEMBL76642,BRICS,True
GEN_652740A5,CN(CC/N=N/Nc1ccc2ncnc(C(=O)O)c2c1)c1ccc(-c2ccccc2)[nH]1,CHEMBL135592;CHEMBL136492;CHEMBL137364;CHEMBL137635;CHEMBL302552;CHEMBL305194;CHEMBL332096;CHEMBL344652;CHEMBL67003;CHEMBL67057,BRICS,True
GEN_3F447615,CN(CC/N=N/Nc1ccc2ncnc(C(=O)O)c2c1)c1ccc(-c2ccc(O)c(O)c2)[nH]1,CHEMBL135592;CHEMBL136492;CHEMBL137364;CHEMBL137635;CHEMBL296407;CHEMBL302552;CHEMBL305194;CHEMBL344652;CHEMBL76904,BRICS,True
GEN_F13D6C9F,CN(CC/N=N/Nc1ccc2ncnc(C(=O)O)c2c1)c1ccc(-c2ccc(O)cc2)[nH]1,CHEMBL135592;CHEMBL136492;CHEMBL137364;CHEMBL137635;CHEMBL302552;CHEMBL305194;CHEMBL344652;CHEMBL76589,BRICS,True
GEN_F1721042,CN(CC/N=N/Nc1ccc2ncnc(C(=O)O)c2c1)c1ccc(-c2cc(O)c(O)c(O)c2)[nH]1,CHEMBL135592;CHEMBL136492;CHEMBL137364;CHEMBL137635;CHEMBL302552;CHEMBL305194;CHEMBL309598;CHEMBL310798;CHEMBL344652,BRICS,True
GEN_2B02E65D,CN(CC/N=N/Nc1ccc2ncnc(C(=O)O)c2c1)CC/N=N/Nc1ccc2ncnc(C(=O)O)c2c1,CHEMBL135592;CHEMBL136492;CHEMBL137364;CHEMBL137635;CHEMBL305194;CHEMBL344652,BRICS,True
GEN_C506DF95,CN(CC/N=N/Nc1ccc2ncnc(CCC(=O)O)c2c1)CC/N=N/Nc1ccc2ncnc(C(=O)O)c2c1,CHEMBL135592;CHEMBL136492;CHEMBL137364;CHEMBL137635;CHEMBL305194;CHEMBL308645;CHEMBL344652,BRICS,True
GEN_11703669,CN(CC/N=N/Nc1ccc2ncnc(C(=O)O)c2c1)CC/N=N/Nc1ccc2ncnc(N3CCN(C)CC3)c2c1,CHEMBL135592;CHEMBL136492;CHEMBL137364;CHEMBL137635;CHEMBL305194;CHEMBL344652;CHEMBL69964,BRICS,True
GEN_B0876825,CN(CC/N=N/Nc1ccc2ncnc(C(=O)O)c2c1)CC/N=N/Nc1ccc2ncnc(N3CCOCC3)c2c1,CHEMBL135592;CHEMBL136492;CHEMBL137364;CHEMBL137635;CHEMBL302552;CHEMBL305194;CHEMBL344652;CHEMBL443268;CHEMBL65848;CHEMBL67003;CHEMBL67057;CHEMBL69629;CHEMBL69960,BRICS,True
GEN_642FBAD4,C/N=N/Nc1ccc2ncnc(-c3ncnc4ccc(N/N=N/CCN(C)CC/N=N/Nc5ccc6ncnc(C(=O)O)c6c5)cc34)c2c1,CHEMBL133024;CHEMBL135592;CHEMBL136492;CHEMBL137364;CHEMBL137635;CHEMBL305194;CHEMBL344652,BRICS,True
GEN_F5D04748,Cc1cc(C)c(-c2ncnc3ccc(N/N=N/CCN(C)CC/N=N/Nc4ccc5ncnc(C(=O)O)c5c4)cc23)[nH]1,CHEMBL135592;CHEMBL136492;CHEMBL137364;CHEMBL137635;CHEMBL305194;CHEMBL344652;CHEMBL68920,BRICS,True
GEN_DF43E95C,CN(CC/N=N/Nc1ccc2ncnc(C(=O)O)c2c1)CC/N=N/Nc1ccc2ncnc(-c3ccccn3)c2c1,CHEMBL135592;CHEMBL136492;CHEMBL137364;CHEMBL137635;CHEMBL138125;CHEMBL305194;CHEMBL344652,BRICS,True
GEN_DCA3D96D,CN(CC/N=N/Nc1ccc2ncnc(C(=O)O)c2c1)CC/N=N/Nc1ccc2ncnc(-c3ncnc4ccc(N)cc34)c2c1,CHEMBL135592;CHEMBL136492;CHEMBL137364;CHEMBL137635;CHEMBL305194;CHEMBL332096;CHEMBL336113;CHEMBL343352;CHEMBL344652;CHEMBL52765,BRICS,True
GEN_9EF473E8,CN(CC/N=N/Nc1ccc2ncnc(C(=O)O)c2c1)CC/N=N/Nc1ccc2ncnc(-c3ncnc4ccc(/N=N/N(C)C)cc34)c2c1,CHEMBL135592;CHEMBL136491;CHEMBL136492;CHEMBL137364;CHEMBL137635;CHEMBL305194;CHEMBL344652,BRICS,True
GEN_12037DF2,COc1ncnc2ccc(N/N=N/CCN(C)CC/N=N/Nc3ccc4ncnc(C(=O)O)c4c3)cc12,CHEMBL135592;CHEMBL136492;CHEMBL137364;CHEMBL137635;CHEMBL305194;CHEMBL344652;CHEMBL80155,BRICS,True
GEN_2B557C22,CN(CC/N=N/Nc1ccc2ncnc(C(=O)O)c2c1)CC/N=N/Nc1ccc2ncnc(-c3cc(O)ccc3[N+](=O)[O-])c2c1,CHEMBL135592;CHEMBL136492;CHEMBL137364;CHEMBL137635;CHEMBL305194;CHEMBL344652;CHEMBL77085,BRICS,True
GEN_8881DF14,CN(CC/N=N/Nc1ccc2ncnc(C(=O)O)c2c1)CC/N=N/Nc1ccc2ncnc(-c3ccc(C=O)cc3)c2c1,CHEMBL135592;CHEMBL136492;CHEMBL137364;CHEMBL137635;CHEMBL305194;CHEMBL311119;CHEMBL344652;CHEMBL76985,BRICS,True
GEN_B61BE6F9,CN(CC/N=N/Nc1ccc2ncnc(C(=O)O)c2c1)CC/N=N/Nc1ccc2ncnc(-c3cccc(Br)c3)c2c1,CHEMBL135592;CHEMBL136492;CHEMBL137364;CHEMBL137635;CHEMBL138125;CHEMBL305194;CHEMBL344652;CHEMBL52765,BRICS,True
GEN_773B596D,CN(CC/N=N/Nc1ccc2ncnc(C(=O)O)c2c1)CC/N=N/Nc1ccc2ncnc(-c3cccc(Cl)c3)c2c1,CHEMBL133024;CHEMBL135592;CHEMBL136491;CHEMBL136492;CHEMBL137364;CHEMBL137635;CHEMBL305194;CHEMBL343352;CHEMBL344652,BRICS,True
GEN_1DA7F6D3,Cc1cccc(-c2ncnc3ccc(N/N=N/CCN(C)CC/N=N/Nc4ccc5ncnc(C(=O)O)c5c4)cc23)c1,CHEMBL135592;CHEMBL136492;CHEMBL137364;CHEMBL137635;CHEMBL305194;CHEMBL336113;CHEMBL344652,BRICS,True
GEN_E9AF95C1,CN(CC/N=N/Nc1ccc2ncnc(C(=O)O)c2c1)CC/N=N/Nc1ccc2ncnc(-c3ccc(F)c(Cl)c3)c2c1,CHEMBL135592;CHEMBL136492;CHEMBL137364;CHEMBL137635;CHEMBL302552;CHEMBL304271;CHEMBL305194;CHEMBL308645;CHEMBL344652;CHEMBL432903;CHEMBL443268;CHEMBL66570;CHEMBL68920;CHEMBL69629;CHEMBL69960;CHEMBL69964,BRICS,True
GEN_58806DEF,CN(CC/N=N/Nc1ccc2ncnc(C(=O)O)c2c1)CC/N=N/Nc1ccc2ncnc(-c3ccc4c(c3)CCC4)c2c1,CHEMBL135592;CHEMBL136492;CHEMBL137364;CHEMBL137635;CHEMBL305194;CHEMBL344652;CHEMBL65848,BRICS,True
GEN_88C14F91,CN(CC/N=N/Nc1ccc2ncnc(C(=O)O)c2c1)CC/N=N/Nc1ccc2ncnc(-c3ccc(O)c([N+](=O)[O-])c3)c2c1,CHEMBL135592;CHEMBL136492;CHEMBL137364;CHEMBL137635;CHEMBL305194;CHEMBL309625;CHEMBL344652,BRICS,True
GEN_FFCC2567,CN(CC/N=N/Nc1ccc2ncnc(C(=O)O)c2c1)CC/N=N/Nc1ccc2ncnc(-c3cc(O)cc(O)c3)c2c1,CHEMBL135592;CHEMBL136492;CHEMBL137364;CHEMBL137635;CHEMBL305194;CHEMBL344652;CHEMBL76905,BRICS,True
GEN_DA2AF9C0,CN(CC/N=N/Nc1ccc2ncnc(C(=O)O)c2c1)CC/N=N/Nc1ccc2ncnc(-c3cc(O)ccc3O)c2c1,CHEMBL135592;CHEMBL136492;CHEMBL137364;CHEMBL137635;CHEMBL305194;CHEMBL344652;CHEMBL76642,BRICS,True
GEN_45FB5D9F,CN(CC/N=N/Nc1ccc2ncnc(C(=O)O)c2c1)CC/N=N/Nc1ccc2ncnc(-c3ccccc3)c2c1,CHEMBL135592;CHEMBL136492;CHEMBL137364;CHEMBL137635;CHEMBL305194;CHEMBL332096;CHEMBL344652;CHEMBL67003;CHEMBL67057,BRICS,True
GEN_BC2C0EBA,CN(CC/N=N/Nc1ccc2ncnc(C(=O)O)c2c1)CC/N=N/Nc1ccc2ncnc(-c3ccc(O)c(O)c3)c2c1,CHEMBL135592;CHEMBL136492;CHEMBL137364;CHEMBL137635;CHEMBL296407;CHEMBL305194;CHEMBL344652;CHEMBL76904,BRICS,True
GEN_090D4619,CN(CC/N=N/Nc1ccc2ncnc(C(=O)O)c2c1)CC/N=N/Nc1ccc2ncnc(-c3ccc(O)cc3)c2c1,CHEMBL135592;CHEMBL136492;CHEMBL137364;CHEMBL137635;CHEMBL305194;CHEMBL344652;CHEMBL76589,BRICS,True
GEN_B6204719,CN(CC/N=N/Nc1ccc2ncnc(C(=O)O)c2c1)CC/N=N/Nc1ccc2ncnc(-c3cc(O)c(O)c(O)c3)c2c1,CHEMBL135592;CHEMBL136492;CHEMBL137364;CHEMBL137635;CHEMBL305194;CHEMBL309598;CHEMBL310798;CHEMBL344652,BRICS,True
GEN_CC8C9126,Cc1[nH]c(C(=O)O)c(C)c1N(C)CC/N=N/Nc1ccc2ncnc(C(=O)O)c2c1,CHEMBL135592;CHEMBL136492;CHEMBL137364;CHEMBL137635;CHEMBL305194;CHEMBL344652;CHEMBL432903,BRICS,True
GEN_91A34FEE,Cc1[nH]c(CCC(=O)O)c(C)c1N(C)CC/N=N/Nc1ccc2ncnc(C(=O)O)c2c1,CHEMBL135592;CHEMBL136492;CHEMBL137364;CHEMBL137635;CHEMBL305194;CHEMBL308645;CHEMBL344652;CHEMBL432903,BRICS,True
GEN_44BD68A0,Cc1[nH]c(N2CCN(C)CC2)c(C)c1N(C)CC/N=N/Nc1ccc2ncnc(C(=O)O)c2c1,CHEMBL135592;CHEMBL136492;CHEMBL137364;CHEMBL137635;CHEMBL305194;CHEMBL344652;CHEMBL432903;CHEMBL69964,BRICS,True
GEN_BCFF0E68,Cc1[nH]c(N2CCOCC2)c(C)c1N(C)CC/N=N/Nc1ccc2ncnc(C(=O)O)c2c1,CHEMBL135592;CHEMBL136492;CHEMBL137364;CHEMBL137635;CHEMBL302552;CHEMBL305194;CHEMBL344652;CHEMBL432903;CHEMBL443268;CHEMBL65848;CHEMBL67003;CHEMBL67057;CHEMBL69629;CHEMBL69960,BRICS,True
GEN_F390B9EB,C/N=N/Nc1ccc2ncnc(-c3[nH]c(C)c(N(C)CC/N=N/Nc4ccc5ncnc(C(=O)O)c5c4)c3C)c2c1,CHEMBL133024;CHEMBL135592;CHEMBL136492;CHEMBL137364;CHEMBL137635;CHEMBL305194;CHEMBL344652;CHEMBL432903,BRICS,True
GEN_CFE9BF78,Cc1cc(C)c(-c2[nH]c(C)c(N(C)CC/N=N/Nc3ccc4ncnc(C(=O)O)c4c3)c2C)[nH]1,CHEMBL135592;CHEMBL136492;CHEMBL137364;CHEMBL137635;CHEMBL305194;CHEMBL344652;CHEMBL432903;CHEMBL68920,BRICS,True
GEN_945D3024,Cc1[nH]c(-c2ccccn2)c(C)c1N(C)CC/N=N/Nc1ccc2ncnc(C(=O)O)c2c1,CHEMBL135592;CHEMBL136492;CHEMBL137364;CHEMBL137635;CHEMBL138125;CHEMBL305194;CHEMBL344652;CHEMBL432903,BRICS,True
GEN_6AE31DD1,Cc1[nH]c(-c2ncnc3ccc(N)cc23)c(C)c1N(C)CC/N=N/Nc1ccc2ncnc(C(=O)O)c2c1,CHEMBL135592;CHEMBL136492;CHEMBL137364;CHEMBL137635;CHEMBL305194;CHEMBL332096;CHEMBL336113;CHEMBL343352;CHEMBL344652;CHEMBL432903;CHEMBL52765,BRICS,True
GEN_D614FC72,Cc1[nH]c(-c2ncnc3ccc(/N=N/N(C)C)cc23)c(C)c1N(C)CC/N=N/Nc1ccc2ncnc(C(=O)O)c2c1,CHEMBL135592;CHEMBL136491;CHEMBL136492;CHEMBL137364;CHEMBL137635;CHEMBL305194;CHEMBL344652;CHEMBL432903,BRICS,True
GEN_D679C00A,COc1[nH]c(C)c(N(C)CC/N=N/Nc2ccc3ncnc(C(=O)O)c3c2)c1C,CHEMBL135592;CHEMBL136492;CHEMBL137364;CHEMBL137635;CHEMBL305194;CHEMBL344652;CHEMBL432903;CHEMBL80155,BRICS,True
GEN_4525E509,Cc1[nH]c(-c2cc(O)ccc2[N+](=O)[O-])c(C)c1N(C)CC/N=N/Nc1ccc2ncnc(C(=O)O)c2c1,CHEMBL135592;CHEMBL136492;CHEMBL137364;CHEMBL137635;CHEMBL305194;CHEMBL344652;CHEMBL432903;CHEMBL77085,BRICS,True
GEN_CB4DF891,Cc1[nH]c(-c2ccc(C=O)cc2)c(C)c1N(C)CC/N=N/Nc1ccc2ncnc(C(=O)O)c2c1,CHEMBL135592;CHEMBL136492;CHEMBL137364;CHEMBL137635;CHEMBL305194;CHEMBL311119;CHEMBL344652;CHEMBL432903;CHEMBL76985,BRICS,True
GEN_D3E3CA27,Cc1[nH]c(-c2cccc(Br)c2)c(C)c1N(C)CC/N=N/Nc1ccc2ncnc(C(=O)O)c2c1,CHEMBL135592;CHEMBL136492;CHEMBL137364;CHEMBL137635;CHEMBL138125;CHEMBL305194;CHEMBL344652;CHEMBL432903;CHEMBL52765,BRICS,True
GEN_D3023E98,Cc1[nH]c(-c2cccc(Cl)c2)c(C)c1N(C)CC/N=N/Nc1ccc2ncnc(C(=O)O)c2c1,CHEMBL133024;CHEMBL135592;CHEMBL136491;CHEMBL136492;CHEMBL137364;CHEMBL137635;CHEMBL305194;CHEMBL343352;CHEMBL344652;CHEMBL432903,BRICS,True
GEN_C4E07079,Cc1cccc(-c2[nH]c(C)c(N(C)CC/N=N/Nc3ccc4ncnc(C(=O)O)c4c3)c2C)c1,CHEMBL135592;CHEMBL136492;CHEMBL137364;CHEMBL137635;CHEMBL305194;CHEMBL336113;CHEMBL344652;CHEMBL432903,BRICS,True
GEN_F2E9D568,Cc1[nH]c(-c2ccc(F)c(Cl)c2)c(C)c1N(C)CC/N=N/Nc1ccc2ncnc(C(=O)O)c2c1,CHEMBL135592;CHEMBL136492;CHEMBL137364;CHEMBL137635;CHEMBL302552;CHEMBL304271;CHEMBL305194;CHEMBL308645;CHEMBL344652;CHEMBL432903;CHEMBL443268;CHEMBL66570;CHEMBL68920;CHEMBL69629;CHEMBL69960;CHEMBL69964,BRICS,True
GEN_96879943,Cc1[nH]c(-c2ccc3c(c2)CCC3)c(C)c1N(C)CC/N=N/Nc1ccc2ncnc(C(=O)O)c2c1,CHEMBL135592;CHEMBL136492;CHEMBL137364;CHEMBL137635;CHEMBL305194;CHEMBL344652;CHEMBL432903;CHEMBL65848,BRICS,True
GEN_B7B01A6B,Cc1[nH]c(-c2ccc(O)c([N+](=O)[O-])c2)c(C)c1N(C)CC/N=N/Nc1ccc2ncnc(C(=O)O)c2c1,CHEMBL135592;CHEMBL136492;CHEMBL137364;CHEMBL137635;CHEMBL305194;CHEMBL309625;CHEMBL344652;CHEMBL432903,BRICS,True
GEN_AAAC7BAE,Cc1[nH]c(-c2cc(O)cc(O)c2)c(C)c1N(C)CC/N=N/Nc1ccc2ncnc(C(=O)O)c2c1,CHEMBL135592;CHEMBL136492;CHEMBL137364;CHEMBL137635;CHEMBL305194;CHEMBL344652;CHEMBL432903;CHEMBL76905,BRICS,True
GEN_68D1E64F,Cc1[nH]c(-c2cc(O)ccc2O)c(C)c1N(C)CC/N=N/Nc1ccc2ncnc(C(=O)O)c2c1,CHEMBL135592;CHEMBL136492;CHEMBL137364;CHEMBL137635;CHEMBL305194;CHEMBL344652;CHEMBL432903;CHEMBL76642,BRICS,True
GEN_1E31795B,Cc1[nH]c(-c2ccccc2)c(C)c1N(C)CC/N=N/Nc1ccc2ncnc(C(=O)O)c2c1,CHEMBL135592;CHEMBL136492;CHEMBL137364;CHEMBL137635;CHEMBL305194;CHEMBL332096;CHEMBL344652;CHEMBL432903;CHEMBL67003;CHEMBL67057,BRICS,True
GEN_23D54A37,Cc1[nH]c(-c2ccc(O)c(O)c2)c(C)c1N(C)CC/N=N/Nc1ccc2ncnc(C(=O)O)c2c1,CHEMBL135592;CHEMBL136492;CHEMBL137364;CHEMBL137635;CHEMBL296407;CHEMBL305194;CHEMBL344652;CHEMBL432903;CHEMBL76904,BRICS,True
GEN_86DFC45E,Cc1[nH]c(-c2ccc(O)cc2)c(C)c1N(C)CC/N=N/Nc1ccc2ncnc(C(=O)O)c2c1,CHEMBL135592;CHEMBL136492;CHEMBL137364;CHEMBL137635;CHEMBL305194;CHEMBL344652;CHEMBL432903;CHEMBL76589,BRICS,True
GEN_BA4B2B90,Cc1[nH]c(-c2cc(O)c(O)c(O)c2)c(C)c1N(C)CC/N=N/Nc1ccc2ncnc(C(=O)O)c2c1,CHEMBL135592;CHEMBL136492;CHEMBL137364;CHEMBL137635;CHEMBL305194;CHEMBL309598;CHEMBL310798;CHEMBL344652;CHEMBL432903,BRICS,True
GEN_952847A5,COCC(O)CN(C)CC/N=N/Nc1ccc2ncnc(C(=O)O)c2c1,CHEMBL135592;CHEMBL136492;CHEMBL137364;CHEMBL137635;CHEMBL304271;CHEMBL305194;CHEMBL344652;CHEMBL80155,BRICS,True
GEN_7CF74C39,CN1CCN(CC(O)CN(C)CC/N=N/Nc2ccc3ncnc(C(=O)O)c3c2)CC1,CHEMBL135592;CHEMBL136492;CHEMBL137364;CHEMBL137635;CHEMBL304271;CHEMBL305194;CHEMBL344652;CHEMBL69964,BRICS,True
GEN_67FDA541,CN(CC/N=N/Nc1ccc2ncnc(C(=O)O)c2c1)CC(O)CN1CCOCC1,CHEMBL135592;CHEMBL136492;CHEMBL137364;CHEMBL137635;CHEMBL302552;CHEMBL304271;CHEMBL305194;CHEMBL344652;CHEMBL443268;CHEMBL65848;CHEMBL67003;CHEMBL67057;CHEMBL69629;CHEMBL69960,BRICS,True
GEN_60F03355,COCC/N=N/Nc1ccc2ncnc(N(C)CC/N=N/Nc3ccc4ncnc(C(=O)O)c4c3)c2c1,CHEMBL135592;CHEMBL136492;CHEMBL137364;CHEMBL137635;CHEMBL305194;CHEMBL344652;CHEMBL80155,BRICS,True
GEN_EC1B0793,CN1CCN(CC/N=N/Nc2ccc3ncnc(N(C)CC/N=N/Nc4ccc5ncnc(C(=O)O)c5c4)c3c2)CC1,CHEMBL135592;CHEMBL136492;CHEMBL137364;CHEMBL137635;CHEMBL305194;CHEMBL344652;CHEMBL69964,BRICS,True
GEN_5CEDF85F,CN(CC/N=N/Nc1ccc2ncnc(C(=O)O)c2c1)c1ncnc2ccc(N/N=N/CCN3CCOCC3)cc12,CHEMBL135592;CHEMBL136492;CHEMBL137364;CHEMBL137635;CHEMBL302552;CHEMBL305194;CHEMBL344652;CHEMBL443268;CHEMBL65848;CHEMBL67003;CHEMBL67057;CHEMBL69629;CHEMBL69960,BRICS,True
GEN_83D31E22,CN(CC/N=N/Nc1ccc2ncnc(C(=O)O)c2c1)c1ncnc2c1C(=C(C#N)C#N)C(=O)N2C,CHEMBL135592;CHEMBL136492;CHEMBL137364;CHEMBL137635;CHEMBL305194;CHEMBL309598;CHEMBL309625;CHEMBL310798;CHEMBL311119;CHEMBL344652;CHEMBL443268;CHEMBL76589;CHEMBL76904;CHEMBL76905;CHEMBL77085;CHEMBL80155,BRICS,True
GEN_0FDCD343,CN(CC/N=N/Nc1ccc2ncnc(C(=O)O)c2c1)c1ncnc2c1C(=C(C#N)C(N)=O)C(=O)N2C,CHEMBL135592;CHEMBL136492;CHEMBL137364;CHEMBL137635;CHEMBL296407;CHEMBL305194;CHEMBL344652;CHEMBL443268,BRICS,True
GEN_28F4E196,CN(CC/N=N/Nc1ccc2ncnc(C(=O)O)c2c1)c1ncnc2c1C(=C(C#N)C(=O)O)C(=O)N2C,CHEMBL135592;CHEMBL136492;CHEMBL137364;CHEMBL137635;CHEMBL305194;CHEMBL344652;CHEMBL443268;CHEMBL76642;CHEMBL76985,BRICS,True
GEN_29FCFD89,Cc1cc(N(C)CC/N=N/Nc2ccc3ncnc(C(=O)O)c3c2)[nH]c1C(=O)O,CHEMBL135592;CHEMBL136492;CHEMBL137364;CHEMBL137635;CHEMBL304271;CHEMBL305194;CHEMBL308645;CHEMBL344652;CHEMBL443268;CHEMBL65848;CHEMBL66570;CHEMBL67003;CHEMBL67057;CHEMBL69629;CHEMBL69960;CHEMBL69964,BRICS,True
GEN_E6298654,Cc1cc(N(C)CC/N=N/Nc2ccc3ncnc(C(=O)O)c3c2)[nH]c1CCC(=O)O,CHEMBL135592;CHEMBL136492;CHEMBL137364;CHEMBL137635;CHEMBL304271;CHEMBL305194;CHEMBL308645;CHEMBL344652;CHEMBL443268;CHEMBL65848;CHEMBL66570;CHEMBL67003;CHEMBL67057;CHEMBL69629;CHEMBL69960;CHEMBL69964,BRICS,True
GEN_D646085A,Cc1cc(N(C)CC/N=N/Nc2ccc3ncnc(C(=O)O)c3c2)[nH]c1N1CCN(C)CC1,CHEMBL135592;CHEMBL136492;CHEMBL137364;CHEMBL137635;CHEMBL304271;CHEMBL305194;CHEMBL308645;CHEMBL344652;CHEMBL443268;CHEMBL65848;CHEMBL66570;CHEMBL67003;CHEMBL67057;CHEMBL69629;CHEMBL69960;CHEMBL69964,BRICS,True
GEN_C22B4180,Cc1cc(N(C)CC/N=N/Nc2ccc3ncnc(C(=O)O)c3c2)[nH]c1N1CCOCC1,CHEMBL135592;CHEMBL136492;CHEMBL137364;CHEMBL137635;CHEMBL302552;CHEMBL304271;CHEMBL305194;CHEMBL308645;CHEMBL344652;CHEMBL443268;CHEMBL65848;CHEMBL66570;CHEMBL67003;CHEMBL67057;CHEMBL69629;CHEMBL69960;CHEMBL69964,BRICS,True
GEN_7FFE6457,C/N=N/Nc1ccc2ncnc(-c3[nH]c(N(C)CC/N=N/Nc4ccc5ncnc(C(=O)O)c5c4)cc3C)c2c1,CHEMBL133024;CHEMBL135592;CHEMBL136492;CHEMBL137364;CHEMBL137635;CHEMBL304271;CHEMBL305194;CHEMBL308645;CHEMBL344652;CHEMBL443268;CHEMBL65848;CHEMBL66570;CHEMBL67003;CHEMBL67057;CHEMBL69629;CHEMBL69960;CHEMBL69964,BRICS,True
GEN_CBAC1DDF,Cc1cc(C)c(-c2[nH]c(N(C)CC/N=N/Nc3ccc4ncnc(C(=O)O)c4c3)cc2C)[nH]1,CHEMBL135592;CHEMBL136492;CHEMBL137364;CHEMBL137635;CHEMBL304271;CHEMBL305194;CHEMBL308645;CHEMBL344652;CHEMBL443268;CHEMBL65848;CHEMBL66570;CHEMBL67003;CHEMBL67057;CHEMBL68920;CHEMBL69629;CHEMBL69960;CHEMBL69964,BRICS,True
GEN_417E52BA,Cc1cc(N(C)CC/N=N/Nc2ccc3ncnc(C(=O)O)c3c2)[nH]c1-c1ccccn1,CHEMBL135592;CHEMBL136492;CHEMBL137364;CHEMBL137635;CHEMBL138125;CHEMBL304271;CHEMBL305194;CHEMBL308645;CHEMBL344652;CHEMBL443268;CHEMBL65848;CHEMBL66570;CHEMBL67003;CHEMBL67057;CHEMBL69629;CHEMBL69960;CHEMBL69964,BRICS,True
GEN_83BF65A7,Cc1cc(N(C)CC/N=N/Nc2ccc3ncnc(C(=O)O)c3c2)[nH]c1-c1ncnc2ccc(N)cc12,CHEMBL135592;CHEMBL136492;CHEMBL137364;CHEMBL137635;CHEMBL304271;CHEMBL305194;CHEMBL308645;CHEMBL332096;CHEMBL336113;CHEMBL343352;CHEMBL344652;CHEMBL443268;CHEMBL52765;CHEMBL65848;CHEMBL66570;CHEMBL67003;CHEMBL67057;CHEMBL69629;CHEMBL69960;CHEMBL69964,BRICS,True
GEN_E94BD46B,Cc1cc(N(C)CC/N=N/Nc2ccc3ncnc(C(=O)O)c3c2)[nH]c1-c1ncnc2ccc(/N=N/N(C)C)cc12,CHEMBL135592;CHEMBL136491;CHEMBL136492;CHEMBL137364;CHEMBL137635;CHEMBL304271;CHEMBL305194;CHEMBL308645;CHEMBL344652;CHEMBL443268;CHEMBL65848;CHEMBL66570;CHEMBL67003;CHEMBL67057;CHEMBL69629;CHEMBL69960;CHEMBL69964,BRICS,True
GEN_F5E79B7C,COc1[nH]c(N(C)CC/N=N/Nc2ccc3ncnc(C(=O)O)c3c2)cc1C,CHEMBL135592;CHEMBL136492;CHEMBL137364;CHEMBL137635;CHEMBL304271;CHEMBL305194;CHEMBL308645;CHEMBL344652;CHEMBL443268;CHEMBL65848;CHEMBL66570;CHEMBL67003;CHEMBL67057;CHEMBL69629;CHEMBL69960;CHEMBL69964;CHEMBL80155,BRICS,True
GEN_2484B228,Cc1cc(N(C)CC/N=N/Nc2ccc3ncnc(C(=O)O)c3c2)[nH]c1-c1cc(O)ccc1[N+](=O)[O-],CHEMBL135592;CHEMBL136492;CHEMBL137364;CHEMBL137635;CHEMBL304271;CHEMBL305194;CHEMBL308645;CHEMBL344652;CHEMBL443268;CHEMBL65848;CHEMBL66570;CHEMBL67003;CHEMBL67057;CHEMBL69629;CHEMBL69960;CHEMBL69964;CHEMBL77085,BRICS,True
GEN_E573DCA9,Cc1cc(N(C)CC/N=N/Nc2ccc3ncnc(C(=O)O)c3c2)[nH]c1-c1ccc(C=O)cc1,CHEMBL135592;CHEMBL136492;CHEMBL137364;CHEMBL137635;CHEMBL304271;CHEMBL305194;CHEMBL308645;CHEMBL311119;CHEMBL344652;CHEMBL443268;CHEMBL65848;CHEMBL66570;CHEMBL67003;CHEMBL67057;CHEMBL69629;CHEMBL69960;CHEMBL69964;CHEMBL76985,BRICS,True
GEN_0B821C90,Cc1cc(N(C)CC/N=N/Nc2ccc3ncnc(C(=O)O)c3c2)[nH]c1-c1cccc(Br)c1,CHEMBL135592;CHEMBL136492;CHEMBL137364;CHEMBL137635;CHEMBL138125;CHEMBL304271;CHEMBL305194;CHEMBL308645;CHEMBL344652;CHEMBL443268;CHEMBL52765;CHEMBL65848;CHEMBL66570;CHEMBL67003;CHEMBL67057;CHEMBL69629;CHEMBL69960;CHEMBL69964,BRICS,True
GEN_9386090E,Cc1cc(N(C)CC/N=N/Nc2ccc3ncnc(C(=O)O)c3c2)[nH]c1-c1cccc(Cl)c1,CHEMBL133024;CHEMBL135592;CHEMBL136491;CHEMBL136492;CHEMBL137364;CHEMBL137635;CHEMBL304271;CHEMBL305194;CHEMBL308645;CHEMBL343352;CHEMBL344652;CHEMBL443268;CHEMBL65848;CHEMBL66570;CHEMBL67003;CHEMBL67057;CHEMBL69629;CHEMBL69960;CHEMBL69964,BRICS,True
GEN_30E46376,Cc1cccc(-c2[nH]c(N(C)CC/N=N/Nc3ccc4ncnc(C(=O)O)c4c3)cc2C)c1,CHEMBL135592;CHEMBL136492;CHEMBL137364;CHEMBL137635;CHEMBL304271;CHEMBL305194;CHEMBL308645;CHEMBL336113;CHEMBL344652;CHEMBL443268;CHEMBL65848;CHEMBL66570;CHEMBL67003;CHEMBL67057;CHEMBL69629;CHEMBL69960;CHEMBL69964,BRICS,True
GEN_0E08061A,Cc1cc(N(C)CC/N=N/Nc2ccc3ncnc(C(=O)O)c3c2)[nH]c1-c1ccc(F)c(Cl)c1,CHEMBL135592;CHEMBL136492;CHEMBL137364;CHEMBL137635;CHEMBL302552;CHEMBL304271;CHEMBL305194;CHEMBL308645;CHEMBL344652;CHEMBL432903;CHEMBL443268;CHEMBL65848;CHEMBL66570;CHEMBL67003;CHEMBL67057;CHEMBL68920;CHEMBL69629;CHEMBL69960;CHEMBL69964,BRICS,True
GEN_9A741446,Cc1cc(N(C)CC/N=N/Nc2ccc3ncnc(C(=O)O)c3c2)[nH]c1-c1ccc2c(c1)CCC2,CHEMBL135592;CHEMBL136492;CHEMBL137364;CHEMBL137635;CHEMBL304271;CHEMBL305194;CHEMBL308645;CHEMBL344652;CHEMBL443268;CHEMBL65848;CHEMBL66570;CHEMBL67003;CHEMBL67057;CHEMBL69629;CHEMBL69960;CHEMBL69964,BRICS,True
GEN_2576B0E7,Cc1cc(N(C)CC/N=N/Nc2ccc3ncnc(C(=O)O)c3c2)[nH]c1-c1ccc(O)c([N+](=O)[O-])c1,CHEMBL135592;CHEMBL136492;CHEMBL137364;CHEMBL137635;CHEMBL304271;CHEMBL305194;CHEMBL308645;CHEMBL309625;CHEMBL344652;CHEMBL443268;CHEMBL65848;CHEMBL66570;CHEMBL67003;CHEMBL67057;CHEMBL69629;CHEMBL69960;CHEMBL69964,BRICS,True
GEN_8315832D,Cc1cc(N(C)CC/N=N/Nc2ccc3ncnc(C(=O)O)c3c2)[nH]c1-c1cc(O)cc(O)c1,CHEMBL135592;CHEMBL136492;CHEMBL137364;CHEMBL137635;CHEMBL304271;CHEMBL305194;CHEMBL308645;CHEMBL344652;CHEMBL443268;CHEMBL65848;CHEMBL66570;CHEMBL67003;CHEMBL67057;CHEMBL69629;CHEMBL69960;CHEMBL69964;CHEMBL76905,BRICS,True
GEN_A9DE1ABA,Cc1cc(N(C)CC/N=N/Nc2ccc3ncnc(C(=O)O)c3c2)[nH]c1-c1cc(O)ccc1O,CHEMBL135592;CHEMBL136492;CHEMBL137364;CHEMBL137635;CHEMBL304271;CHEMBL305194;CHEMBL308645;CHEMBL344652;CHEMBL443268;CHEMBL65848;CHEMBL66570;CHEMBL67003;CHEMBL67057;CHEMBL69629;CHEMBL69960;CHEMBL69964;CHEMBL76642,BRICS,True
GEN_AE39AAE6,Cc1cc(N(C)CC/N=N/Nc2ccc3ncnc(C(=O)O)c3c2)[nH]c1-c1ccccc1,CHEMBL135592;CHEMBL136492;CHEMBL137364;CHEMBL137635;CHEMBL304271;CHEMBL305194;CHEMBL308645;CHEMBL332096;CHEMBL344652;CHEMBL443268;CHEMBL65848;CHEMBL66570;CHEMBL67003;CHEMBL67057;CHEMBL69629;CHEMBL69960;CHEMBL69964,BRICS,True
GEN_69DD65B3,Cc1cc(N(C)CC/N=N/Nc2ccc3ncnc(C(=O)O)c3c2)[nH]c1-c1ccc(O)c(O)c1,CHEMBL135592;CHEMBL136492;CHEMBL137364;CHEMBL137635;CHEMBL296407;CHEMBL304271;CHEMBL305194;CHEMBL308645;CHEMBL344652;CHEMBL443268;CHEMBL65848;CHEMBL66570;CHEMBL67003;CHEMBL67057;CHEMBL69629;CHEMBL69960;CHEMBL69964;CHEMBL76904,BRICS,True
GEN_20BE8072,Cc1cc(N(C)CC/N=N/Nc2ccc3ncnc(C(=O)O)c3c2)[nH]c1-c1ccc(O)cc1,CHEMBL135592;CHEMBL136492;CHEMBL137364;CHEMBL137635;CHEMBL304271;CHEMBL305194;CHEMBL308645;CHEMBL344652;CHEMBL443268;CHEMBL65848;CHEMBL66570;CHEMBL67003;CHEMBL67057;CHEMBL69629;CHEMBL69960;CHEMBL69964;CHEMBL76589,BRICS,True
GEN_D07A454F,Cc1cc(N(C)CC/N=N/Nc2ccc3ncnc(C(=O)O)c3c2)[nH]c1-c1cc(O)c(O)c(O)c1,CHEMBL135592;CHEMBL136492;CHEMBL137364;CHEMBL137635;CHEMBL304271;CHEMBL305194;CHEMBL308645;CHEMBL309598;CHEMBL310798;CHEMBL344652;CHEMBL443268;CHEMBL65848;CHEMBL66570;CHEMBL67003;CHEMBL67057;CHEMBL69629;CHEMBL69960;CHEMBL69964,BRICS,True
GEN_A92257B5,Cc1[nH]c(N(C)CC/N=N/Nc2ccc3ncnc(C(=O)O)c3c2)c(C)c1CCC(=O)O,CHEMBL135592;CHEMBL136492;CHEMBL137364;CHEMBL137635;CHEMBL305194;CHEMBL308645;CHEMBL344652;CHEMBL432903,BRICS,True
GEN_C687161F,Cc1[nH]c(N(C)CC/N=N/Nc2ccc3ncnc(C(=O)O)c3c2)c(C)c1C(=O)O,CHEMBL135592;CHEMBL136492;CHEMBL137364;CHEMBL137635;CHEMBL305194;CHEMBL344652;CHEMBL432903,BRICS,True
GEN_531A4F4B,COc1c(C)[nH]c(N(C)CC/N=N/Nc2ccc3ncnc(C(=O)O)c3c2)c1C,CHEMBL135592;CHEMBL136492;CHEMBL137364;CHEMBL137635;CHEMBL305194;CHEMBL344652;CHEMBL432903;CHEMBL80155,BRICS,True
GEN_2BAFCB95,Cc1[nH]c(N(C)CC/N=N/Nc2ccc3ncnc(C(=O)O)c3c2)c(C)c1N1CCN(C)CC1,CHEMBL135592;CHEMBL136492;CHEMBL137364;CHEMBL137635;CHEMBL305194;CHEMBL344652;CHEMBL432903;CHEMBL69964,BRICS,True
GEN_BB2AE3B2,Cc1[nH]c(N(C)CC/N=N/Nc2ccc3ncnc(C(=O)O)c3c2)c(C)c1N1CCOCC1,CHEMBL135592;CHEMBL136492;CHEMBL137364;CHEMBL137635;CHEMBL302552;CHEMBL305194;CHEMBL344652;CHEMBL432903;CHEMBL443268;CHEMBL65848;CHEMBL67003;CHEMBL67057;CHEMBL69629;CHEMBL69960,BRICS,True
GEN_099721B5,C/N=N/Nc1ccc2ncnc(-c3c(C)[nH]c(N(C)CC/N=N/Nc4ccc5ncnc(C(=O)O)c5c4)c3C)c2c1,CHEMBL133024;CHEMBL135592;CHEMBL136492;CHEMBL137364;CHEMBL137635;CHEMBL305194;CHEMBL344652;CHEMBL432903,BRICS,True
GEN_982B05D7,Cc1cc(C)c(-c2c(C)[nH]c(N(C)CC/N=N/Nc3ccc4ncnc(C(=O)O)c4c3)c2C)[nH]1,CHEMBL135592;CHEMBL136492;CHEMBL137364;CHEMBL137635;CHEMBL305194;CHEMBL344652;CHEMBL432903;CHEMBL68920,BRICS,True
GEN_13131086,Cc1[nH]c(N(C)CC/N=N/Nc2ccc3ncnc(C(=O)O)c3c2)c(C)c1-c1ccccn1,CHEMBL135592;CHEMBL136492;CHEMBL137364;CHEMBL137635;CHEMBL138125;CHEMBL305194;CHEMBL344652;CHEMBL432903,BRICS,True
GEN_0772505C,Cc1[nH]c(N(C)CC/N=N/Nc2ccc3ncnc(C(=O)O)c3c2)c(C)c1-c1ncnc2ccc(N)cc12,CHEMBL135592;CHEMBL136492;CHEMBL137364;CHEMBL137635;CHEMBL305194;CHEMBL332096;CHEMBL336113;CHEMBL343352;CHEMBL344652;CHEMBL432903;CHEMBL52765,BRICS,True
GEN_F8BE3582,Cc1[nH]c(N(C)CC/N=N/Nc2ccc3ncnc(C(=O)O)c3c2)c(C)c1-c1ncnc2ccc(/N=N/N(C)C)cc12,CHEMBL135592;CHEMBL136491;CHEMBL136492;CHEMBL137364;CHEMBL137635;CHEMBL305194;CHEMBL344652;CHEMBL432903,BRICS,True
GEN_5F37752C,Cc1[nH]c(N(C)CC/N=N/Nc2ccc3ncnc(C(=O)O)c3c2)c(C)c1-c1cc(O)ccc1[N+](=O)[O-],CHEMBL135592;CHEMBL136492;CHEMBL137364;CHEMBL137635;CHEMBL305194;CHEMBL344652;CHEMBL432903;CHEMBL77085,BRICS,True
GEN_F266454C,Cc1[nH]c(N(C)CC/N=N/Nc2ccc3ncnc(C(=O)O)c3c2)c(C)c1-c1ccc(C=O)cc1,CHEMBL135592;CHEMBL136492;CHEMBL137364;CHEMBL137635;CHEMBL305194;CHEMBL311119;CHEMBL344652;CHEMBL432903;CHEMBL76985,BRICS,True
GEN_256271F6,Cc1[nH]c(N(C)CC/N=N/Nc2ccc3ncnc(C(=O)O)c3c2)c(C)c1-c1cccc(Br)c1,CHEMBL135592;CHEMBL136492;CHEMBL137364;CHEMBL137635;CHEMBL138125;CHEMBL305194;CHEMBL344652;CHEMBL432903;CHEMBL52765,BRICS,True
GEN_2DB5C324,Cc1[nH]c(N(C)CC/N=N/Nc2ccc3ncnc(C(=O)O)c3c2)c(C)c1-c1cccc(Cl)c1,CHEMBL133024;CHEMBL135592;CHEMBL136491;CHEMBL136492;CHEMBL137364;CHEMBL137635;CHEMBL305194;CHEMBL343352;CHEMBL344652;CHEMBL432903,BRICS,True
GEN_6A29623F,Cc1cccc(-c2c(C)[nH]c(N(C)CC/N=N/Nc3ccc4ncnc(C(=O)O)c4c3)c2C)c1,CHEMBL135592;CHEMBL136492;CHEMBL137364;CHEMBL137635;CHEMBL305194;CHEMBL336113;CHEMBL344652;CHEMBL432903,BRICS,True
GEN_890C18AE,Cc1[nH]c(N(C)CC/N=N/Nc2ccc3ncnc(C(=O)O)c3c2)c(C)c1-c1ccc(F)c(Cl)c1,CHEMBL135592;CHEMBL136492;CHEMBL137364;CHEMBL137635;CHEMBL302552;CHEMBL304271;CHEMBL305194;CHEMBL308645;CHEMBL344652;CHEMBL432903;CHEMBL443268;CHEMBL66570;CHEMBL68920;CHEMBL69629;CHEMBL69960;CHEMBL69964,BRICS,True
GEN_9D751252,Cc1[nH]c(N(C)CC/N=N/Nc2ccc3ncnc(C(=O)O)c3c2)c(C)c1-c1ccc2c(c1)CCC2,CHEMBL135592;CHEMBL136492;CHEMBL137364;CHEMBL137635;CHEMBL305194;CHEMBL344652;CHEMBL432903;CHEMBL65848,BRICS,True
GEN_A0040423,Cc1[nH]c(N(C)CC/N=N/Nc2ccc3ncnc(C(=O)O)c3c2)c(C)c1-c1ccc(O)c([N+](=O)[O-])c1,CHEMBL135592;CHEMBL136492;CHEMBL137364;CHEMBL137635;CHEMBL305194;CHEMBL309625;CHEMBL344652;CHEMBL432903,BRICS,True
GEN_32695E34,Cc1[nH]c(N(C)CC/N=N/Nc2ccc3ncnc(C(=O)O)c3c2)c(C)c1-c1cc(O)cc(O)c1,CHEMBL135592;CHEMBL136492;CHEMBL137364;CHEMBL137635;CHEMBL305194;CHEMBL344652;CHEMBL432903;CHEMBL76905,BRICS,True
GEN_823AD857,Cc1[nH]c(N(C)CC/N=N/Nc2ccc3ncnc(C(=O)O)c3c2)c(C)c1-c1cc(O)ccc1O,CHEMBL135592;CHEMBL136492;CHEMBL137364;CHEMBL137635;CHEMBL305194;CHEMBL344652;CHEMBL432903;CHEMBL76642,BRICS,True
GEN_640635C5,Cc1[nH]c(N(C)CC/N=N/Nc2ccc3ncnc(C(=O)O)c3c2)c(C)c1-c1ccccc1,CHEMBL135592;CHEMBL136492;CHEMBL137364;CHEMBL137635;CHEMBL305194;CHEMBL332096;CHEMBL344652;CHEMBL432903;CHEMBL67003;CHEMBL67057,BRICS,True
GEN_021D8D46,Cc1[nH]c(N(C)CC/N=N/Nc2ccc3ncnc(C(=O)O)c3c2)c(C)c1-c1ccc(O)c(O)c1,CHEMBL135592;CHEMBL136492;CHEMBL137364;CHEMBL137635;CHEMBL296407;CHEMBL305194;CHEMBL344652;CHEMBL432903;CHEMBL76904,BRICS,True
GEN_4B5843B7,Cc1[nH]c(N(C)CC/N=N/Nc2ccc3ncnc(C(=O)O)c3c2)c(C)c1-c1ccc(O)cc1,CHEMBL135592;CHEMBL136492;CHEMBL137364;CHEMBL137635;CHEMBL305194;CHEMBL344652;CHEMBL432903;CHEMBL76589,BRICS,True
GEN_A5B5F051,Cc1[nH]c(N(C)CC/N=N/Nc2ccc3ncnc(C(=O)O)c3c2)c(C)c1-c1cc(O)c(O)c(O)c1,CHEMBL135592;CHEMBL136492;CHEMBL137364;CHEMBL137635;CHEMBL305194;CHEMBL309598;CHEMBL310798;CHEMBL344652;CHEMBL432903,BRICS,True
GEN_5DBA6DDF,CN(CC/N=N/Nc1ccc2ncnc(C(=O)O)c2c1)c1ncnc2c1C(=C(C#N)C#N)C(=O)N2,CHEMBL135592;CHEMBL136492;CHEMBL137364;CHEMBL137635;CHEMBL302552;CHEMBL304271;CHEMBL305194;CHEMBL308645;CHEMBL309598;CHEMBL309625;CHEMBL310798;CHEMBL311119;CHEMBL344652;CHEMBL432903;CHEMBL65848;CHEMBL66570;CHEMBL67003;CHEMBL67057;CHEMBL68920;CHEMBL69629;CHEMBL69960;CHEMBL69964;CHEMBL76589;CHEMBL76904;CHEMBL76905;CHEMBL77085;CHEMBL80155,BRICS,True
GEN_AE9CFAEB,CN(CC/N=N/Nc1ccc2ncnc(C(=O)O)c2c1)c1ncnc2c1C(=C(C#N)C(N)=O)C(=O)N2,CHEMBL135592;CHEMBL136492;CHEMBL137364;CHEMBL137635;CHEMBL296407;CHEMBL302552;CHEMBL304271;CHEMBL305194;CHEMBL308645;CHEMBL344652;CHEMBL432903;CHEMBL65848;CHEMBL66570;CHEMBL67003;CHEMBL67057;CHEMBL68920;CHEMBL69629;CHEMBL69960;CHEMBL69964,BRICS,True
GEN_14513584,CN(CC/N=N/Nc1ccc2ncnc(C(=O)O)c2c1)c1ncnc2c1C(=C(C#N)C(=O)O)C(=O)N2,CHEMBL135592;CHEMBL136492;CHEMBL137364;CHEMBL137635;CHEMBL302552;CHEMBL304271;CHEMBL305194;CHEMBL308645;CHEMBL344652;CHEMBL432903;CHEMBL65848;CHEMBL66570;CHEMBL67003;CHEMBL67057;CHEMBL68920;CHEMBL69629;CHEMBL69960;CHEMBL69964;CHEMBL76642;CHEMBL76985,BRICS,True
GEN_41F83831,CN(CC/N=N/Nc1ccc2ncnc(C(=O)O)c2c1)Cc1cc(O)ccc1[N+](=O)[O-],CHEMBL135592;CHEMBL136492;CHEMBL137364;CHEMBL137635;CHEMBL305194;CHEMBL332096;CHEMBL344652;CHEMBL77085,BRICS,True
GEN_69601041,CN(CC/N=N/Nc1ccc2ncnc(C(=O)O)c2c1)Cc1ccc(C=O)cc1,CHEMBL135592;CHEMBL136492;CHEMBL137364;CHEMBL137635;CHEMBL305194;CHEMBL311119;CHEMBL332096;CHEMBL344652;CHEMBL76985,BRICS,True
GEN_7E4FB35D,CN(CC/N=N/Nc1ccc2ncnc(C(=O)O)c2c1)Cc1cccc(Br)c1,CHEMBL135592;CHEMBL136492;CHEMBL137364;CHEMBL137635;CHEMBL138125;CHEMBL305194;CHEMBL332096;CHEMBL344652;CHEMBL52765,BRICS,True
GEN_B8C6D927,CN(CC/N=N/Nc1ccc2ncnc(C(=O)O)c2c1)Cc1cccc(Cl)c1,CHEMBL133024;CHEMBL135592;CHEMBL136491;CHEMBL136492;CHEMBL137364;CHEMBL137635;CHEMBL305194;CHEMBL332096;CHEMBL343352;CHEMBL344652,BRICS,True
GEN_DB5A1A7A,Cc1cccc(CN(C)CC/N=N/Nc2ccc3ncnc(C(=O)O)c3c2)c1,CHEMBL135592;CHEMBL136492;CHEMBL137364;CHEMBL137635;CHEMBL305194;CHEMBL332096;CHEMBL336113;CHEMBL344652,BRICS,True
GEN_465F7125,CN(CC/N=N/Nc1ccc2ncnc(C(=O)O)c2c1)Cc1ccc(F)c(Cl)c1,CHEMBL135592;CHEMBL136492;CHEMBL137364;CHEMBL137635;CHEMBL302552;CHEMBL304271;CHEMBL305194;CHEMBL308645;CHEMBL332096;CHEMBL344652;CHEMBL432903;CHEMBL443268;CHEMBL66570;CHEMBL68920;CHEMBL69629;CHEMBL69960;CHEMBL69964,BRICS,True
GEN_5B53E99A,CN(CC/N=N/Nc1ccc2ncnc(C(=O)O)c2c1)Cc1ccc2c(c1)CCC2,CHEMBL135592;CHEMBL136492;CHEMBL137364;CHEMBL137635;CHEMBL305194;CHEMBL332096;CHEMBL344652;CHEMBL65848,BRICS,True
GEN_A4309ADA,CN(CC/N=N/Nc1ccc2ncnc(C(=O)O)c2c1)Cc1ccc(O)c([N+](=O)[O-])c1,CHEMBL135592;CHEMBL136492;CHEMBL137364;CHEMBL137635;CHEMBL305194;CHEMBL309625;CHEMBL332096;CHEMBL344652,BRICS,True
GEN_5B61C5EC,CN(CC/N=N/Nc1ccc2ncnc(C(=O)O)c2c1)Cc1cc(O)cc(O)c1,CHEMBL135592;CHEMBL136492;CHEMBL137364;CHEMBL137635;CHEMBL305194;CHEMBL332096;CHEMBL344652;CHEMBL76905,BRICS,True
GEN_5AB30CAE,CN(CC/N=N/Nc1ccc2ncnc(C(=O)O)c2c1)Cc1cc(O)ccc1O,CHEMBL135592;CHEMBL136492;CHEMBL137364;CHEMBL137635;CHEMBL305194;CHEMBL332096;CHEMBL344652;CHEMBL76642,BRICS,True
GEN_4D032313,CN(CC/N=N/Nc1ccc2ncnc(C(=O)O)c2c1)Cc1ccccc1,CHEMBL135592;CHEMBL136492;CHEMBL137364;CHEMBL137635;CHEMBL305194;CHEMBL332096;CHEMBL344652;CHEMBL67003;CHEMBL67057,BRICS,True
GEN_14704652,CN(CC/N=N/Nc1ccc2ncnc(C(=O)O)c2c1)Cc1ccc(O)c(O)c1,CHEMBL135592;CHEMBL136492;CHEMBL137364;CHEMBL137635;CHEMBL296407;CHEMBL305194;CHEMBL332096;CHEMBL344652;CHEMBL76904,BRICS,True
GEN_67BEB8A1,CN(CC/N=N/Nc1ccc2ncnc(C(=O)O)c2c1)Cc1ccc(O)cc1,CHEMBL135592;CHEMBL136492;CHEMBL137364;CHEMBL137635;CHEMBL305194;CHEMBL332096;CHEMBL344652;CHEMBL76589,BRICS,True
GEN_206327D6,CN(CC/N=N/Nc1ccc2ncnc(C(=O)O)c2c1)Cc1cc(O)c(O)c(O)c1,CHEMBL135592;CHEMBL136492;CHEMBL137364;CHEMBL137635;CHEMBL305194;CHEMBL309598;CHEMBL310798;CHEMBL332096;CHEMBL344652,BRICS,True
GEN_B38925F9,C/N=N/Nc1ccc2ncnc(CN(C)CC/N=N/Nc3ccc4ncnc(C(=O)O)c4c3)c2c1,CHEMBL133024;CHEMBL135592;CHEMBL136492;CHEMBL137364;CHEMBL137635;CHEMBL305194;CHEMBL332096;CHEMBL344652,BRICS,True
GEN_F2B18269,Cc1cc(C)c(CN(C)CC/N=N/Nc2ccc3ncnc(C(=O)O)c3c2)[nH]1,CHEMBL135592;CHEMBL136492;CHEMBL137364;CHEMBL137635;CHEMBL305194;CHEMBL332096;CHEMBL344652;CHEMBL68920,BRICS,True
GEN_66F58E0C,CN(CC/N=N/Nc1ccc2ncnc(C(=O)O)c2c1)Cc1ccccn1,CHEMBL135592;CHEMBL136492;CHEMBL137364;CHEMBL137635;CHEMBL138125;CHEMBL305194;CHEMBL332096;CHEMBL344652,BRICS,True
GEN_3E0954EE,CN(CC/N=N/Nc1ccc2ncnc(C(=O)O)c2c1)Cc1ncnc2ccc(N)cc12,CHEMBL135592;CHEMBL136492;CHEMBL137364;CHEMBL137635;CHEMBL305194;CHEMBL332096;CHEMBL336113;CHEMBL343352;CHEMBL344652;CHEMBL52765,BRICS,True
GEN_179EBD04,CN(CC/N=N/Nc1ccc2ncnc(C(=O)O)c2c1)Cc1ncnc2ccc(/N=N/N(C)C)cc12,CHEMBL135592;CHEMBL136491;CHEMBL136492;CHEMBL137364;CHEMBL137635;CHEMBL305194;CHEMBL332096;CHEMBL344652,BRICS,True
GEN_21D694E9,C/N=N/Nc1ccc2ncnc(C(=O)N(C)CC/N=N/Nc3ccc4ncnc(C(=O)O)c4c3)c2c1,CHEMBL133024;CHEMBL135592;CHEMBL136492;CHEMBL137364;CHEMBL137635;CHEMBL302552;CHEMBL304271;CHEMBL305194;CHEMBL344652;CHEMBL432903;CHEMBL443268;CHEMBL65848;CHEMBL66570;CHEMBL67003;CHEMBL67057;CHEMBL69629;CHEMBL69960;CHEMBL69964,BRICS,True
GEN_1A3C4373,Cc1cc(C)c(C(=O)N(C)CC/N=N/Nc2ccc3ncnc(C(=O)O)c3c2)[nH]1,CHEMBL135592;CHEMBL136492;CHEMBL137364;CHEMBL137635;CHEMBL302552;CHEMBL304271;CHEMBL305194;CHEMBL344652;CHEMBL432903;CHEMBL443268;CHEMBL65848;CHEMBL66570;CHEMBL67003;CHEMBL67057;CHEMBL68920;CHEMBL69629;CHEMBL69960;CHEMBL69964,BRICS,True
GEN_08435C8F,CN(CC/N=N/Nc1ccc2ncnc(C(=O)O)c2c1)C(=O)c1ccccn1,CHEMBL135592;CHEMBL136492;CHEMBL137364;CHEMBL137635;CHEMBL138125;CHEMBL302552;CHEMBL304271;CHEMBL305194;CHEMBL344652;CHEMBL432903;CHEMBL443268;CHEMBL65848;CHEMBL66570;CHEMBL67003;CHEMBL67057;CHEMBL69629;CHEMBL69960;CHEMBL69964,BRICS,True
GEN_AC99040C,CN(CC/N=N/Nc1ccc2ncnc(C(=O)O)c2c1)C(=O)c1ncnc2ccc(N)cc12,CHEMBL135592;CHEMBL136492;CHEMBL137364;CHEMBL137635;CHEMBL302552;CHEMBL304271;CHEMBL305194;CHEMBL332096;CHEMBL336113;CHEMBL343352;CHEMBL344652;CHEMBL432903;CHEMBL443268;CHEMBL52765;CHEMBL65848;CHEMBL66570;CHEMBL67003;CHEMBL67057;CHEMBL69629;CHEMBL69960;CHEMBL69964,BRICS,True
GEN_6CB2F6A0,CN(C)/N=N/c1ccc2ncnc(C(=O)N(C)CC/N=N/Nc3ccc4ncnc(C(=O)O)c4c3)c2c1,CHEMBL135592;CHEMBL136491;CHEMBL136492;CHEMBL137364;CHEMBL137635;CHEMBL302552;CHEMBL304271;CHEMBL305194;CHEMBL344652;CHEMBL432903;CHEMBL443268;CHEMBL65848;CHEMBL66570;CHEMBL67003;CHEMBL67057;CHEMBL69629;CHEMBL69960;CHEMBL69964,BRICS,True
GEN_ADFD4274,CN(CC/N=N/Nc1ccc2ncnc(C(=O)O)c2c1)C(=O)c1cc(O)ccc1[N+](=O)[O-],CHEMBL135592;CHEMBL136492;CHEMBL137364;CHEMBL137635;CHEMBL302552;CHEMBL304271;CHEMBL305194;CHEMBL344652;CHEMBL432903;CHEMBL443268;CHEMBL65848;CHEMBL66570;CHEMBL67003;CHEMBL67057;CHEMBL69629;CHEMBL69960;CHEMBL69964;CHEMBL77085,BRICS,True
GEN_7B50FE03,CN(CC/N=N/Nc1ccc2ncnc(C(=O)O)c2c1)C(=O)c1ccc(C=O)cc1,CHEMBL135592;CHEMBL136492;CHEMBL137364;CHEMBL137635;CHEMBL302552;CHEMBL304271;CHEMBL305194;CHEMBL311119;CHEMBL344652;CHEMBL432903;CHEMBL443268;CHEMBL65848;CHEMBL66570;CHEMBL67003;CHEMBL67057;CHEMBL69629;CHEMBL69960;CHEMBL69964;CHEMBL76985,BRICS,True
GEN_FE6D67ED,CN(CC/N=N/Nc1ccc2ncnc(C(=O)O)c2c1)C(=O)c1cccc(Br)c1,CHEMBL135592;CHEMBL136492;CHEMBL137364;CHEMBL137635;CHEMBL138125;CHEMBL302552;CHEMBL304271;CHEMBL305194;CHEMBL344652;CHEMBL432903;CHEMBL443268;CHEMBL52765;CHEMBL65848;CHEMBL66570;CHEMBL67003;CHEMBL67057;CHEMBL69629;CHEMBL69960;CHEMBL69964,BRICS,True
GEN_0C904B6D,CN(CC/N=N/Nc1ccc2ncnc(C(=O)O)c2c1)C(=O)c1cccc(Cl)c1,CHEMBL133024;CHEMBL135592;CHEMBL136491;CHEMBL136492;CHEMBL137364;CHEMBL137635;CHEMBL302552;CHEMBL304271;CHEMBL305194;CHEMBL343352;CHEMBL344652;CHEMBL432903;CHEMBL443268;CHEMBL65848;CHEMBL66570;CHEMBL67003;CHEMBL67057;CHEMBL69629;CHEMBL69960;CHEMBL69964,BRICS,True
GEN_1BAA690D,Cc1cccc(C(=O)N(C)CC/N=N/Nc2ccc3ncnc(C(=O)O)c3c2)c1,CHEMBL135592;CHEMBL136492;CHEMBL137364;CHEMBL137635;CHEMBL302552;CHEMBL304271;CHEMBL305194;CHEMBL336113;CHEMBL344652;CHEMBL432903;CHEMBL443268;CHEMBL65848;CHEMBL66570;CHEMBL67003;CHEMBL67057;CHEMBL69629;CHEMBL69960;CHEMBL69964,BRICS,True
GEN_9B9ABEC7,CN(CC/N=N/Nc1ccc2ncnc(C(=O)O)c2c1)C(=O)c1ccc(F)c(Cl)c1,CHEMBL135592;CHEMBL136492;CHEMBL137364;CHEMBL137635;CHEMBL302552;CHEMBL304271;CHEMBL305194;CHEMBL308645;CHEMBL344652;CHEMBL432903;CHEMBL443268;CHEMBL65848;CHEMBL66570;CHEMBL67003;CHEMBL67057;CHEMBL68920;CHEMBL69629;CHEMBL69960;CHEMBL69964,BRICS,True
GEN_51E343AB,CN(CC/N=N/Nc1ccc2ncnc(C(=O)O)c2c1)C(=O)c1ccc2c(c1)CCC2,CHEMBL135592;CHEMBL136492;CHEMBL137364;CHEMBL137635;CHEMBL302552;CHEMBL304271;CHEMBL305194;CHEMBL344652;CHEMBL432903;CHEMBL443268;CHEMBL65848;CHEMBL66570;CHEMBL67003;CHEMBL67057;CHEMBL69629;CHEMBL69960;CHEMBL69964,BRICS,True
GEN_F9E4B951,CN(CC/N=N/Nc1ccc2ncnc(C(=O)O)c2c1)C(=O)c1ccc(O)c([N+](=O)[O-])c1,CHEMBL135592;CHEMBL136492;CHEMBL137364;CHEMBL137635;CHEMBL302552;CHEMBL304271;CHEMBL305194;CHEMBL309625;CHEMBL344652;CHEMBL432903;CHEMBL443268;CHEMBL65848;CHEMBL66570;CHEMBL67003;CHEMBL67057;CHEMBL69629;CHEMBL69960;CHEMBL69964,BRICS,True
GEN_558FA4A4,CN(CC/N=N/Nc1ccc2ncnc(C(=O)O)c2c1)C(=O)c1cc(O)cc(O)c1,CHEMBL135592;CHEMBL136492;CHEMBL137364;CHEMBL137635;CHEMBL302552;CHEMBL304271;CHEMBL305194;CHEMBL344652;CHEMBL432903;CHEMBL443268;CHEMBL65848;CHEMBL66570;CHEMBL67003;CHEMBL67057;CHEMBL69629;CHEMBL69960;CHEMBL69964;CHEMBL76905,BRICS,True
GEN_9E029F5D,CN(CC/N=N/Nc1ccc2ncnc(C(=O)O)c2c1)C(=O)c1cc(O)ccc1O,CHEMBL135592;CHEMBL136492;CHEMBL137364;CHEMBL137635;CHEMBL302552;CHEMBL304271;CHEMBL305194;CHEMBL344652;CHEMBL432903;CHEMBL443268;CHEMBL65848;CHEMBL66570;CHEMBL67003;CHEMBL67057;CHEMBL69629;CHEMBL69960;CHEMBL69964;CHEMBL76642,BRICS,True
GEN_4D7FF972,CN(CC/N=N/Nc1ccc2ncnc(C(=O)O)c2c1)C(=O)c1ccccc1,CHEMBL135592;CHEMBL136492;CHEMBL137364;CHEMBL137635;CHEMBL302552;CHEMBL304271;CHEMBL305194;CHEMBL332096;CHEMBL344652;CHEMBL432903;CHEMBL443268;CHEMBL65848;CHEMBL66570;CHEMBL67003;CHEMBL67057;CHEMBL69629;CHEMBL69960;CHEMBL69964,BRICS,True
GEN_7EC22BA6,CN(CC/N=N/Nc1ccc2ncnc(C(=O)O)c2c1)C(=O)c1ccc(O)c(O)c1,CHEMBL135592;CHEMBL136492;CHEMBL137364;CHEMBL137635;CHEMBL296407;CHEMBL302552;CHEMBL304271;CHEMBL305194;CHEMBL344652;CHEMBL432903;CHEMBL443268;CHEMBL65848;CHEMBL66570;CHEMBL67003;CHEMBL67057;CHEMBL69629;CHEMBL69960;CHEMBL69964;CHEMBL76904,BRICS,True
GEN_22EEF856,CN(CC/N=N/Nc1ccc2ncnc(C(=O)O)c2c1)C(=O)c1ccc(O)cc1,CHEMBL135592;CHEMBL136492;CHEMBL137364;CHEMBL137635;CHEMBL302552;CHEMBL304271;CHEMBL305194;CHEMBL344652;CHEMBL432903;CHEMBL443268;CHEMBL65848;CHEMBL66570;CHEMBL67003;CHEMBL67057;CHEMBL69629;CHEMBL69960;CHEMBL69964;CHEMBL76589,BRICS,True
GEN_99248718,CN(CC/N=N/Nc1ccc2ncnc(C(=O)O)c2c1)C(=O)c1cc(O)c(O)c(O)c1,CHEMBL135592;CHEMBL136492;CHEMBL137364;CHEMBL137635;CHEMBL302552;CHEMBL304271;CHEMBL305194;CHEMBL309598;CHEMBL310798;CHEMBL344652;CHEMBL432903;CHEMBL443268;CHEMBL65848;CHEMBL66570;CHEMBL67003;CHEMBL67057;CHEMBL69629;CHEMBL69960;CHEMBL69964,BRICS,True
GEN_7E9E8E7F,CN(CC/N=N/Nc1ccc2ncnc(C(=O)O)c2c1)c1ncnc2ccc(N/N=N/Cc3cc(O)ccc3[N+](=O)[O-])cc12,CHEMBL135592;CHEMBL136492;CHEMBL137364;CHEMBL137635;CHEMBL138125;CHEMBL305194;CHEMBL344652;CHEMBL77085,BRICS,True
GEN_77A12000,CN(CC/N=N/Nc1ccc2ncnc(C(=O)O)c2c1)c1ncnc2ccc(N/N=N/Cc3ccc(C=O)cc3)cc12,CHEMBL135592;CHEMBL136492;CHEMBL137364;CHEMBL137635;CHEMBL138125;CHEMBL305194;CHEMBL311119;CHEMBL344652;CHEMBL76985,BRICS,True
GEN_45E02BAE,CN(CC/N=N/Nc1ccc2ncnc(C(=O)O)c2c1)c1ncnc2ccc(N/N=N/Cc3cccc(Br)c3)cc12,CHEMBL135592;CHEMBL136492;CHEMBL137364;CHEMBL137635;CHEMBL138125;CHEMBL305194;CHEMBL344652;CHEMBL52765,BRICS,True
GEN_B85E67DE,CN(CC/N=N/Nc1ccc2ncnc(C(=O)O)c2c1)c1ncnc2ccc(N/N=N/Cc3cccc(Cl)c3)cc12,CHEMBL133024;CHEMBL135592;CHEMBL136491;CHEMBL136492;CHEMBL137364;CHEMBL137635;CHEMBL138125;CHEMBL305194;CHEMBL343352;CHEMBL344652,BRICS,True
GEN_F9C7D10D,Cc1cccc(C/N=N/Nc2ccc3ncnc(N(C)CC/N=N/Nc4ccc5ncnc(C(=O)O)c5c4)c3c2)c1,CHEMBL135592;CHEMBL136492;CHEMBL137364;CHEMBL137635;CHEMBL138125;CHEMBL305194;CHEMBL336113;CHEMBL344652,BRICS,True
GEN_F4A0E9E6,CN(CC/N=N/Nc1ccc2ncnc(C(=O)O)c2c1)c1ncnc2ccc(N/N=N/Cc3ccc(F)c(Cl)c3)cc12,CHEMBL135592;CHEMBL136492;CHEMBL137364;CHEMBL137635;CHEMBL138125;CHEMBL302552;CHEMBL304271;CHEMBL305194;CHEMBL308645;CHEMBL344652;CHEMBL432903;CHEMBL443268;CHEMBL66570;CHEMBL68920;CHEMBL69629;CHEMBL69960;CHEMBL69964,BRICS,True
GEN_F4CCBF68,CN(CC/N=N/Nc1ccc2ncnc(C(=O)O)c2c1)c1ncnc2ccc(N/N=N/Cc3ccc4c(c3)CCC4)cc12,CHEMBL135592;CHEMBL136492;CHEMBL137364;CHEMBL137635;CHEMBL138125;CHEMBL305194;CHEMBL344652;CHEMBL65848,BRICS,True
GEN_73DA8C72,CN(CC/N=N/Nc1ccc2ncnc(C(=O)O)c2c1)c1ncnc2ccc(N/N=N/Cc3ccc(O)c([N+](=O)[O-])c3)cc12,CHEMBL135592;CHEMBL136492;CHEMBL137364;CHEMBL137635;CHEMBL138125;CHEMBL305194;CHEMBL309625;CHEMBL344652,BRICS,True
GEN_4D2565C0,CN(CC/N=N/Nc1ccc2ncnc(C(=O)O)c2c1)c1ncnc2ccc(N/N=N/Cc3cc(O)cc(O)c3)cc12,CHEMBL135592;CHEMBL136492;CHEMBL137364;CHEMBL137635;CHEMBL138125;CHEMBL305194;CHEMBL344652;CHEMBL76905,BRICS,True
GEN_045E0949,CN(CC/N=N/Nc1ccc2ncnc(C(=O)O)c2c1)c1ncnc2ccc(N/N=N/Cc3cc(O)ccc3O)cc12,CHEMBL135592;CHEMBL136492;CHEMBL137364;CHEMBL137635;CHEMBL138125;CHEMBL305194;CHEMBL344652;CHEMBL76642,BRICS,True
GEN_876557C8,CN(CC/N=N/Nc1ccc2ncnc(C(=O)O)c2c1)c1ncnc2ccc(N/N=N/Cc3ccccc3)cc12,CHEMBL135592;CHEMBL136492;CHEMBL137364;CHEMBL137635;CHEMBL138125;CHEMBL305194;CHEMBL332096;CHEMBL344652;CHEMBL67003;CHEMBL67057,BRICS,True
GEN_D035CB64,CN(CC/N=N/Nc1ccc2ncnc(C(=O)O)c2c1)c1ncnc2ccc(N/N=N/Cc3ccc(O)c(O)c3)cc12,CHEMBL135592;CHEMBL136492;CHEMBL137364;CHEMBL137635;CHEMBL138125;CHEMBL296407;CHEMBL305194;CHEMBL344652;CHEMBL76904,BRICS,True
GEN_FD68770B,CN(CC/N=N/Nc1ccc2ncnc(C(=O)O)c2c1)c1ncnc2ccc(N/N=N/Cc3ccc(O)cc3)cc12,CHEMBL135592;CHEMBL136492;CHEMBL137364;CHEMBL137635;CHEMBL138125;CHEMBL305194;CHEMBL344652;CHEMBL76589,BRICS,True
GEN_5D126959,CN(CC/N=N/Nc1ccc2ncnc(C(=O)O)c2c1)c1ncnc2ccc(N/N=N/Cc3cc(O)c(O)c(O)c3)cc12,CHEMBL135592;CHEMBL136492;CHEMBL137364;CHEMBL137635;CHEMBL138125;CHEMBL305194;CHEMBL309598;CHEMBL310798;CHEMBL344652,BRICS,True
GEN_A24FD33A,C/N=N/Nc1ccc2ncnc(C/N=N/Nc3ccc4ncnc(N(C)CC/N=N/Nc5ccc6ncnc(C(=O)O)c6c5)c4c3)c2c1,CHEMBL133024;CHEMBL135592;CHEMBL136492;CHEMBL137364;CHEMBL137635;CHEMBL138125;CHEMBL305194;CHEMBL344652,BRICS,True
GEN_FD145C1E,Cc1cc(C)c(C/N=N/Nc2ccc3ncnc(N(C)CC/N=N/Nc4ccc5ncnc(C(=O)O)c5c4)c3c2)[nH]1,CHEMBL135592;CHEMBL136492;CHEMBL137364;CHEMBL137635;CHEMBL138125;CHEMBL305194;CHEMBL344652;CHEMBL68920,BRICS,True
GEN_F47CCE54,CN(CC/N=N/Nc1ccc2ncnc(C(=O)O)c2c1)c1ncnc2ccc(N/N=N/Cc3ccccn3)cc12,CHEMBL135592;CHEMBL136492;CHEMBL137364;CHEMBL137635;CHEMBL138125;CHEMBL305194;CHEMBL344652,BRICS,True
GEN_E3EEBA88,CN(CC/N=N/Nc1ccc2ncnc(C(=O)O)c2c1)c1ncnc2ccc(N/N=N/Cc3ncnc4ccc(N)cc34)cc12,CHEMBL135592;CHEMBL136492;CHEMBL137364;CHEMBL137635;CHEMBL138125;CHEMBL305194;CHEMBL332096;CHEMBL336113;CHEMBL343352;CHEMBL344652;CHEMBL52765,BRICS,True
GEN_88BF3DC6,CN(C)/N=N/c1ccc2ncnc(C/N=N/Nc3ccc4ncnc(N(C)CC/N=N/Nc5ccc6ncnc(C(=O)O)c6c5)c4c3)c2c1,CHEMBL135592;CHEMBL136491;CHEMBL136492;CHEMBL137364;CHEMBL137635;CHEMBL138125;CHEMBL305194;CHEMBL344652,BRICS,True
GEN_B75E5919,Cc1cc(C(=O)O)[nH]c1N(C)CC/N=N/Nc1ccc2ncnc(C(=O)O)c2c1,CHEMBL135592;CHEMBL136492;CHEMBL137364;CHEMBL137635;CHEMBL304271;CHEMBL305194;CHEMBL308645;CHEMBL344652;CHEMBL443268;CHEMBL65848;CHEMBL66570;CHEMBL67003;CHEMBL67057;CHEMBL69629;CHEMBL69960;CHEMBL69964,BRICS,True
GEN_1256F843,Cc1cc(CCC(=O)O)[nH]c1N(C)CC/N=N/Nc1ccc2ncnc(C(=O)O)c2c1,CHEMBL135592;CHEMBL136492;CHEMBL137364;CHEMBL137635;CHEMBL304271;CHEMBL305194;CHEMBL308645;CHEMBL344652;CHEMBL443268;CHEMBL65848;CHEMBL66570;CHEMBL67003;CHEMBL67057;CHEMBL69629;CHEMBL69960;CHEMBL69964,BRICS,True
GEN_F8DCE7C9,Cc1cc(N2CCN(C)CC2)[nH]c1N(C)CC/N=N/Nc1ccc2ncnc(C(=O)O)c2c1,CHEMBL135592;CHEMBL136492;CHEMBL137364;CHEMBL137635;CHEMBL304271;CHEMBL305194;CHEMBL308645;CHEMBL344652;CHEMBL443268;CHEMBL65848;CHEMBL66570;CHEMBL67003;CHEMBL67057;CHEMBL69629;CHEMBL69960;CHEMBL69964,BRICS,True
GEN_B3A725B0,Cc1cc(N2CCOCC2)[nH]c1N(C)CC/N=N/Nc1ccc2ncnc(C(=O)O)c2c1,CHEMBL135592;CHEMBL136492;CHEMBL137364;CHEMBL137635;CHEMBL302552;CHEMBL304271;CHEMBL305194;CHEMBL308645;CHEMBL344652;CHEMBL443268;CHEMBL65848;CHEMBL66570;CHEMBL67003;CHEMBL67057;CHEMBL69629;CHEMBL69960;CHEMBL69964,BRICS,True
GEN_6AF7234E,C/N=N/Nc1ccc2ncnc(-c3cc(C)c(N(C)CC/N=N/Nc4ccc5ncnc(C(=O)O)c5c4)[nH]3)c2c1,CHEMBL133024;CHEMBL135592;CHEMBL136492;CHEMBL137364;CHEMBL137635;CHEMBL304271;CHEMBL305194;CHEMBL308645;CHEMBL344652;CHEMBL443268;CHEMBL65848;CHEMBL66570;CHEMBL67003;CHEMBL67057;CHEMBL69629;CHEMBL69960;CHEMBL69964,BRICS,True
GEN_208CFC2D,Cc1cc(C)c(-c2cc(C)c(N(C)CC/N=N/Nc3ccc4ncnc(C(=O)O)c4c3)[nH]2)[nH]1,CHEMBL135592;CHEMBL136492;CHEMBL137364;CHEMBL137635;CHEMBL304271;CHEMBL305194;CHEMBL308645;CHEMBL344652;CHEMBL443268;CHEMBL65848;CHEMBL66570;CHEMBL67003;CHEMBL67057;CHEMBL68920;CHEMBL69629;CHEMBL69960;CHEMBL69964,BRICS,True
GEN_C68D367A,Cc1cc(-c2ccccn2)[nH]c1N(C)CC/N=N/Nc1ccc2ncnc(C(=O)O)c2c1,CHEMBL135592;CHEMBL136492;CHEMBL137364;CHEMBL137635;CHEMBL138125;CHEMBL304271;CHEMBL305194;CHEMBL308645;CHEMBL344652;CHEMBL443268;CHEMBL65848;CHEMBL66570;CHEMBL67003;CHEMBL67057;CHEMBL69629;CHEMBL69960;CHEMBL69964,BRICS,True
GEN_BD48AC99,Cc1cc(-c2ncnc3ccc(N)cc23)[nH]c1N(C)CC/N=N/Nc1ccc2ncnc(C(=O)O)c2c1,CHEMBL135592;CHEMBL136492;CHEMBL137364;CHEMBL137635;CHEMBL304271;CHEMBL305194;CHEMBL308645;CHEMBL332096;CHEMBL336113;CHEMBL343352;CHEMBL344652;CHEMBL443268;CHEMBL52765;CHEMBL65848;CHEMBL66570;CHEMBL67003;CHEMBL67057;CHEMBL69629;CHEMBL69960;CHEMBL69964,BRICS,True
GEN_395965E7,Cc1cc(-c2ncnc3ccc(/N=N/N(C)C)cc23)[nH]c1N(C)CC/N=N/Nc1ccc2ncnc(C(=O)O)c2c1,CHEMBL135592;CHEMBL136491;CHEMBL136492;CHEMBL137364;CHEMBL137635;CHEMBL304271;CHEMBL305194;CHEMBL308645;CHEMBL344652;CHEMBL443268;CHEMBL65848;CHEMBL66570;CHEMBL67003;CHEMBL67057;CHEMBL69629;CHEMBL69960;CHEMBL69964,BRICS,True
GEN_ED018F12,COc1cc(C)c(N(C)CC/N=N/Nc2ccc3ncnc(C(=O)O)c3c2)[nH]1,CHEMBL135592;CHEMBL136492;CHEMBL137364;CHEMBL137635;CHEMBL304271;CHEMBL305194;CHEMBL308645;CHEMBL344652;CHEMBL443268;CHEMBL65848;CHEMBL66570;CHEMBL67003;CHEMBL67057;CHEMBL69629;CHEMBL69960;CHEMBL69964;CHEMBL80155,BRICS,True
GEN_C1312502,Cc1cc(-c2cc(O)ccc2[N+](=O)[O-])[nH]c1N(C)CC/N=N/Nc1ccc2ncnc(C(=O)O)c2c1,CHEMBL135592;CHEMBL136492;CHEMBL137364;CHEMBL137635;CHEMBL304271;CHEMBL305194;CHEMBL308645;CHEMBL344652;CHEMBL443268;CHEMBL65848;CHEMBL66570;CHEMBL67003;CHEMBL67057;CHEMBL69629;CHEMBL69960;CHEMBL69964;CHEMBL77085,BRICS,True
GEN_6013D9E0,Cc1cc(-c2ccc(C=O)cc2)[nH]c1N(C)CC/N=N/Nc1ccc2ncnc(C(=O)O)c2c1,CHEMBL135592;CHEMBL136492;CHEMBL137364;CHEMBL137635;CHEMBL304271;CHEMBL305194;CHEMBL308645;CHEMBL311119;CHEMBL344652;CHEMBL443268;CHEMBL65848;CHEMBL66570;CHEMBL67003;CHEMBL67057;CHEMBL69629;CHEMBL69960;CHEMBL69964;CHEMBL76985,BRICS,True
GEN_6E2239E6,Cc1cc(-c2cccc(Br)c2)[nH]c1N(C)CC/N=N/Nc1ccc2ncnc(C(=O)O)c2c1,CHEMBL135592;CHEMBL136492;CHEMBL137364;CHEMBL137635;CHEMBL138125;CHEMBL304271;CHEMBL305194;CHEMBL308645;CHEMBL344652;CHEMBL443268;CHEMBL52765;CHEMBL65848;CHEMBL66570;CHEMBL67003;CHEMBL67057;CHEMBL69629;CHEMBL69960;CHEMBL69964,BRICS,True
GEN_37209539,Cc1cc(-c2cccc(Cl)c2)[nH]c1N(C)CC/N=N/Nc1ccc2ncnc(C(=O)O)c2c1,CHEMBL133024;CHEMBL135592;CHEMBL136491;CHEMBL136492;CHEMBL137364;CHEMBL137635;CHEMBL304271;CHEMBL305194;CHEMBL308645;CHEMBL343352;CHEMBL344652;CHEMBL443268;CHEMBL65848;CHEMBL66570;CHEMBL67003;CHEMBL67057;CHEMBL69629;CHEMBL69960;CHEMBL69964,BRICS,True
GEN_9E12AFDC,Cc1cccc(-c2cc(C)c(N(C)CC/N=N/Nc3ccc4ncnc(C(=O)O)c4c3)[nH]2)c1,CHEMBL135592;CHEMBL136492;CHEMBL137364;CHEMBL137635;CHEMBL304271;CHEMBL305194;CHEMBL308645;CHEMBL336113;CHEMBL344652;CHEMBL443268;CHEMBL65848;CHEMBL66570;CHEMBL67003;CHEMBL67057;CHEMBL69629;CHEMBL69960;CHEMBL69964,BRICS,True
GEN_50A926B9,Cc1cc(-c2ccc(F)c(Cl)c2)[nH]c1N(C)CC/N=N/Nc1ccc2ncnc(C(=O)O)c2c1,CHEMBL135592;CHEMBL136492;CHEMBL137364;CHEMBL137635;CHEMBL302552;CHEMBL304271;CHEMBL305194;CHEMBL308645;CHEMBL344652;CHEMBL432903;CHEMBL443268;CHEMBL65848;CHEMBL66570;CHEMBL67003;CHEMBL67057;CHEMBL68920;CHEMBL69629;CHEMBL69960;CHEMBL69964,BRICS,True
GEN_E69250D6,Cc1cc(-c2ccc3c(c2)CCC3)[nH]c1N(C)CC/N=N/Nc1ccc2ncnc(C(=O)O)c2c1,CHEMBL135592;CHEMBL136492;CHEMBL137364;CHEMBL137635;CHEMBL304271;CHEMBL305194;CHEMBL308645;CHEMBL344652;CHEMBL443268;CHEMBL65848;CHEMBL66570;CHEMBL67003;CHEMBL67057;CHEMBL69629;CHEMBL69960;CHEMBL69964,BRICS,True
GEN_B4D51BDF,Cc1cc(-c2ccc(O)c([N+](=O)[O-])c2)[nH]c1N(C)CC/N=N/Nc1ccc2ncnc(C(=O)O)c2c1,CHEMBL135592;CHEMBL136492;CHEMBL137364;CHEMBL137635;CHEMBL304271;CHEMBL305194;CHEMBL308645;CHEMBL309625;CHEMBL344652;CHEMBL443268;CHEMBL65848;CHEMBL66570;CHEMBL67003;CHEMBL67057;CHEMBL69629;CHEMBL69960;CHEMBL69964,BRICS,True
GEN_822C7AE2,Cc1cc(-c2cc(O)cc(O)c2)[nH]c1N(C)CC/N=N/Nc1ccc2ncnc(C(=O)O)c2c1,CHEMBL135592;CHEMBL136492;CHEMBL137364;CHEMBL137635;CHEMBL304271;CHEMBL305194;CHEMBL308645;CHEMBL344652;CHEMBL443268;CHEMBL65848;CHEMBL66570;CHEMBL67003;CHEMBL67057;CHEMBL69629;CHEMBL69960;CHEMBL69964;CHEMBL76905,BRICS,True
GEN_1F995418,Cc1cc(-c2cc(O)ccc2O)[nH]c1N(C)CC/N=N/Nc1ccc2ncnc(C(=O)O)c2c1,CHEMBL135592;CHEMBL136492;CHEMBL137364;CHEMBL137635;CHEMBL304271;CHEMBL305194;CHEMBL308645;CHEMBL344652;CHEMBL443268;CHEMBL65848;CHEMBL66570;CHEMBL67003;CHEMBL67057;CHEMBL69629;CHEMBL69960;CHEMBL69964;CHEMBL76642,BRICS,True
GEN_41B77B79,Cc1cc(-c2ccccc2)[nH]c1N(C)CC/N=N/Nc1ccc2ncnc(C(=O)O)c2c1,CHEMBL135592;CHEMBL136492;CHEMBL137364;CHEMBL137635;CHEMBL304271;CHEMBL305194;CHEMBL308645;CHEMBL332096;CHEMBL344652;CHEMBL443268;CHEMBL65848;CHEMBL66570;CHEMBL67003;CHEMBL67057;CHEMBL69629;CHEMBL69960;CHEMBL69964,BRICS,True
GEN_212D9DD3,Cc1cc(-c2ccc(O)c(O)c2)[nH]c1N(C)CC/N=N/Nc1ccc2ncnc(C(=O)O)c2c1,CHEMBL135592;CHEMBL136492;CHEMBL137364;CHEMBL137635;CHEMBL296407;CHEMBL304271;CHEMBL305194;CHEMBL308645;CHEMBL344652;CHEMBL443268;CHEMBL65848;CHEMBL66570;CHEMBL67003;CHEMBL67057;CHEMBL69629;CHEMBL69960;CHEMBL69964;CHEMBL76904,BRICS,True
GEN_4951F42A,Cc1cc(-c2ccc(O)cc2)[nH]c1N(C)CC/N=N/Nc1ccc2ncnc(C(=O)O)c2c1,CHEMBL135592;CHEMBL136492;CHEMBL137364;CHEMBL137635;CHEMBL304271;CHEMBL305194;CHEMBL308645;CHEMBL344652;CHEMBL443268;CHEMBL65848;CHEMBL66570;CHEMBL67003;CHEMBL67057;CHEMBL69629;CHEMBL69960;CHEMBL69964;CHEMBL76589,BRICS,True
GEN_5D687B51,Cc1cc(-c2cc(O)c(O)c(O)c2)[nH]c1N(C)CC/N=N/Nc1ccc2ncnc(C(=O)O)c2c1,CHEMBL135592;CHEMBL136492;CHEMBL137364;CHEMBL137635;CHEMBL304271;CHEMBL305194;CHEMBL308645;CHEMBL309598;CHEMBL310798;CHEMBL344652;CHEMBL443268;CHEMBL65848;CHEMBL66570;CHEMBL67003;CHEMBL67057;CHEMBL69629;CHEMBL69960;CHEMBL69964,BRICS,True
GEN_C9BFDCB5,CN(CC/N=N/Nc1ccc2ncnc(C(=O)O)c2c1)c1ccc2c(cnn2CCC(=O)O)c1,CHEMBL135592;CHEMBL136492;CHEMBL137364;CHEMBL137635;CHEMBL305194;CHEMBL308645;CHEMBL344652;CHEMBL67003,BRICS,True
GEN_55D039E6,C/N=N/Nc1ccc2ncnc(-n3ncc4cc(N(C)CC/N=N/Nc5ccc6ncnc(C(=O)O)c6c5)ccc43)c2c1,CHEMBL133024;CHEMBL135592;CHEMBL136492;CHEMBL137364;CHEMBL137635;CHEMBL305194;CHEMBL344652;CHEMBL67003,BRICS,True
GEN_BED5FADA,Cc1cc(C)c(-n2ncc3cc(N(C)CC/N=N/Nc4ccc5ncnc(C(=O)O)c5c4)ccc32)[nH]1,CHEMBL135592;CHEMBL136492;CHEMBL137364;CHEMBL137635;CHEMBL305194;CHEMBL344652;CHEMBL67003;CHEMBL68920,BRICS,True
GEN_9525D993,CN(CC/N=N/Nc1ccc2ncnc(C(=O)O)c2c1)c1ccc2c(cnn2-c2ccccn2)c1,CHEMBL135592;CHEMBL136492;CHEMBL137364;CHEMBL137635;CHEMBL138125;CHEMBL305194;CHEMBL344652;CHEMBL67003,BRICS,True
GEN_4837A7F5,CN(CC/N=N/Nc1ccc2ncnc(C(=O)O)c2c1)c1ccc2c(cnn2-c2ncnc3ccc(N)cc23)c1,CHEMBL135592;CHEMBL136492;CHEMBL137364;CHEMBL137635;CHEMBL305194;CHEMBL332096;CHEMBL336113;CHEMBL343352;CHEMBL344652;CHEMBL52765;CHEMBL67003,BRICS,True
GEN_62F78725,CN(C)/N=N/c1ccc2ncnc(-n3ncc4cc(N(C)CC/N=N/Nc5ccc6ncnc(C(=O)O)c6c5)ccc43)c2c1,CHEMBL135592;CHEMBL136491;CHEMBL136492;CHEMBL137364;CHEMBL137635;CHEMBL305194;CHEMBL344652;CHEMBL67003,BRICS,True
GEN_45D10B45,CN(CC/N=N/Nc1ccc2ncnc(C(=O)O)c2c1)c1ccc2c(cnn2-c2cc(O)ccc2[N+](=O)[O-])c1,CHEMBL135592;CHEMBL136492;CHEMBL137364;CHEMBL137635;CHEMBL305194;CHEMBL344652;CHEMBL67003;CHEMBL77085,BRICS,True
GEN_9310A1C7,CN(CC/N=N/Nc1ccc2ncnc(C(=O)O)c2c1)c1ccc2c(cnn2-c2ccc(C=O)cc2)c1,CHEMBL135592;CHEMBL136492;CHEMBL137364;CHEMBL137635;CHEMBL305194;CHEMBL311119;CHEMBL344652;CHEMBL67003;CHEMBL76985,BRICS,True
GEN_7E9B53B5,CN(CC/N=N/Nc1ccc2ncnc(C(=O)O)c2c1)c1ccc2c(cnn2-c2cccc(Br)c2)c1,CHEMBL135592;CHEMBL136492;CHEMBL137364;CHEMBL137635;CHEMBL138125;CHEMBL305194;CHEMBL344652;CHEMBL52765;CHEMBL67003,BRICS,True
GEN_7E0CBCD7,CN(CC/N=N/Nc1ccc2ncnc(C(=O)O)c2c1)c1ccc2c(cnn2-c2cccc(Cl)c2)c1,CHEMBL133024;CHEMBL135592;CHEMBL136491;CHEMBL136492;CHEMBL137364;CHEMBL137635;CHEMBL305194;CHEMBL343352;CHEMBL344652;CHEMBL67003,BRICS,True
GEN_018D95AC,Cc1cccc(-n2ncc3cc(N(C)CC/N=N/Nc4ccc5ncnc(C(=O)O)c5c4)ccc32)c1,CHEMBL135592;CHEMBL136492;CHEMBL137364;CHEMBL137635;CHEMBL305194;CHEMBL336113;CHEMBL344652;CHEMBL67003,BRICS,True
GEN_214D1E74,CN(CC/N=N/Nc1ccc2ncnc(C(=O)O)c2c1)c1ccc2c(cnn2-c2ccc(F)c(Cl)c2)c1,CHEMBL135592;CHEMBL136492;CHEMBL137364;CHEMBL137635;CHEMBL302552;CHEMBL304271;CHEMBL305194;CHEMBL308645;CHEMBL344652;CHEMBL432903;CHEMBL443268;CHEMBL66570;CHEMBL67003;CHEMBL68920;CHEMBL69629;CHEMBL69960;CHEMBL69964,BRICS,True
GEN_039714A4,CN(CC/N=N/Nc1ccc2ncnc(C(=O)O)c2c1)c1ccc2c(cnn2-c2ccc3c(c2)CCC3)c1,CHEMBL135592;CHEMBL136492;CHEMBL137364;CHEMBL137635;CHEMBL305194;CHEMBL344652;CHEMBL65848;CHEMBL67003,BRICS,True
GEN_70F352A7,CN(CC/N=N/Nc1ccc2ncnc(C(=O)O)c2c1)c1ccc2c(cnn2-c2ccc(O)c([N+](=O)[O-])c2)c1,CHEMBL135592;CHEMBL136492;CHEMBL137364;CHEMBL137635;CHEMBL305194;CHEMBL309625;CHEMBL344652;CHEMBL67003,BRICS,True
GEN_238D140D,CN(CC/N=N/Nc1ccc2ncnc(C(=O)O)c2c1)c1ccc2c(cnn2-c2cc(O)cc(O)c2)c1,CHEMBL135592;CHEMBL136492;CHEMBL137364;CHEMBL137635;CHEMBL305194;CHEMBL344652;CHEMBL67003;CHEMBL76905,BRICS,True
GEN_BCDA5C31,CN(CC/N=N/Nc1ccc2ncnc(C(=O)O)c2c1)c1ccc2c(cnn2-c2cc(O)ccc2O)c1,CHEMBL135592;CHEMBL136492;CHEMBL137364;CHEMBL137635;CHEMBL305194;CHEMBL344652;CHEMBL67003;CHEMBL76642,BRICS,True
GEN_1877CC91,CN(CC/N=N/Nc1ccc2ncnc(C(=O)O)c2c1)c1ccc2c(cnn2-c2ccccc2)c1,CHEMBL135592;CHEMBL136492;CHEMBL137364;CHEMBL137635;CHEMBL305194;CHEMBL332096;CHEMBL344652;CHEMBL67003;CHEMBL67057,BRICS,True
GEN_566276FA,CN(CC/N=N/Nc1ccc2ncnc(C(=O)O)c2c1)c1ccc2c(cnn2-c2ccc(O)c(O)c2)c1,CHEMBL135592;CHEMBL136492;CHEMBL137364;CHEMBL137635;CHEMBL296407;CHEMBL305194;CHEMBL344652;CHEMBL67003;CHEMBL76904,BRICS,True
GEN_DCBC5054,CN(CC/N=N/Nc1ccc2ncnc(C(=O)O)c2c1)c1ccc2c(cnn2-c2ccc(O)cc2)c1,CHEMBL135592;CHEMBL136492;CHEMBL137364;CHEMBL137635;CHEMBL305194;CHEMBL344652;CHEMBL67003;CHEMBL76589,BRICS,True
GEN_A04ACE96,CN(CC/N=N/Nc1ccc2ncnc(C(=O)O)c2c1)c1ccc2c(cnn2-c2cc(O)c(O)c(O)c2)c1,CHEMBL135592;CHEMBL136492;CHEMBL137364;CHEMBL137635;CHEMBL305194;CHEMBL309598;CHEMBL310798;CHEMBL344652;CHEMBL67003,BRICS,True
GEN_D2F9135B,C/N=N/Nc1ccc2ncnc(N3CCN(CC/N=N/Nc4ccc5ncnc(C(=O)O)c5c4)CC3)c2c1,CHEMBL133024;CHEMBL135592;CHEMBL137364;CHEMBL305194;CHEMBL66570,BRICS,True
GEN_533D92F4,Cc1cc(C)c(N2CCN(CC/N=N/Nc3ccc4ncnc(C(=O)O)c4c3)CC2)[nH]1,CHEMBL137364;CHEMBL305194;CHEMBL66570;CHEMBL68920,BRICS,True
GEN_53F1EF52,O=C(O)c1ncnc2ccc(N/N=N/CCN3CCN(c4ccccn4)CC3)cc12,CHEMBL137364;CHEMBL137635;CHEMBL138125;CHEMBL305194;CHEMBL66570,BRICS,True
GEN_9FADB6FB,Nc1ccc2ncnc(N3CCN(CC/N=N/Nc4ccc5ncnc(C(=O)O)c5c4)CC3)c2c1,CHEMBL136492;CHEMBL137364;CHEMBL305194;CHEMBL332096;CHEMBL336113;CHEMBL343352;CHEMBL52765;CHEMBL66570,BRICS,True
GEN_988E9062,CN(C)/N=N/c1ccc2ncnc(N3CCN(CC/N=N/Nc4ccc5ncnc(C(=O)O)c5c4)CC3)c2c1,CHEMBL136491;CHEMBL137364;CHEMBL305194;CHEMBL344652;CHEMBL66570,BRICS,True
GEN_66286342,O=C(O)c1ncnc2ccc(N/N=N/CCN3CCN(c4cc(O)ccc4[N+](=O)[O-])CC3)cc12,CHEMBL137364;CHEMBL305194;CHEMBL66570;CHEMBL77085,BRICS,True
GEN_AD15D85F,O=Cc1ccc(N2CCN(CC/N=N/Nc3ccc4ncnc(C(=O)O)c4c3)CC2)cc1,CHEMBL137364;CHEMBL305194;CHEMBL311119;CHEMBL66570;CHEMBL76985,BRICS,True
GEN_DD6E6FBB,O=C(O)c1ncnc2ccc(N/N=N/CCN3CCN(c4cccc(Br)c4)CC3)cc12,CHEMBL137364;CHEMBL138125;CHEMBL305194;CHEMBL52765;CHEMBL66570,BRICS,True
GEN_4154361F,O=C(O)c1ncnc2ccc(N/N=N/CCN3CCN(c4cccc(Cl)c4)CC3)cc12,CHEMBL133024;CHEMBL136491;CHEMBL137364;CHEMBL305194;CHEMBL343352;CHEMBL66570,BRICS,True
GEN_5941DED5,Cc1cccc(N2CCN(CC/N=N/Nc3ccc4ncnc(C(=O)O)c4c3)CC2)c1,CHEMBL137364;CHEMBL305194;CHEMBL336113;CHEMBL66570,BRICS,True
GEN_4BA0F66B,O=C(O)c1ncnc2ccc(N/N=N/CCN3CCN(c4ccc(F)c(Cl)c4)CC3)cc12,CHEMBL137364;CHEMBL302552;CHEMBL304271;CHEMBL305194;CHEMBL308645;CHEMBL432903;CHEMBL443268;CHEMBL66570;CHEMBL68920;CHEMBL69629;CHEMBL69960;CHEMBL69964,BRICS,True
GEN_81BF0A31,O=C(O)c1ncnc2ccc(N/N=N/CCN3CCN(c4ccc5c(c4)CCC5)CC3)cc12,CHEMBL137364;CHEMBL305194;CHEMBL65848;CHEMBL66570,BRICS,True
GEN_7D332382,O=C(O)c1ncnc2ccc(N/N=N/CCN3CCN(c4ccc(O)c([N+](=O)[O-])c4)CC3)cc12,CHEMBL137364;CHEMBL305194;CHEMBL309625;CHEMBL66570,BRICS,True
GEN_630C2052,O=C(O)c1ncnc2ccc(N/N=N/CCN3CCN(c4cc(O)cc(O)c4)CC3)cc12,CHEMBL137364;CHEMBL305194;CHEMBL66570;CHEMBL76905,BRICS,True
GEN_89ACCBF1,O=C(O)c1ncnc2ccc(N/N=N/CCN3CCN(c4cc(O)ccc4O)CC3)cc12,CHEMBL137364;CHEMBL305194;CHEMBL66570;CHEMBL76642,BRICS,True
GEN_9FCB8A22,O=C(O)c1ncnc2ccc(N/N=N/CCN3CCN(c4ccccc4)CC3)cc12,CHEMBL135592;CHEMBL136492;CHEMBL137364;CHEMBL137635;CHEMBL305194;CHEMBL332096;CHEMBL344652;CHEMBL66570;CHEMBL67003;CHEMBL67057,BRICS,True
GEN_33A9529B,O=C(O)c1ncnc2ccc(N/N=N/CCN3CCN(c4ccc(O)c(O)c4)CC3)cc12,CHEMBL137364;CHEMBL296407;CHEMBL305194;CHEMBL66570;CHEMBL76904,BRICS,True
GEN_3BD9D01A,O=C(O)c1ncnc2ccc(N/N=N/CCN3CCN(c4ccc(O)cc4)CC3)cc12,CHEMBL137364;CHEMBL305194;CHEMBL66570;CHEMBL76589,BRICS,True
GEN_EF46DD09,O=C(O)c1ncnc2ccc(N/N=N/CCN3CCN(c4cc(O)c(O)c(O)c4)CC3)cc12,CHEMBL137364;CHEMBL305194;CHEMBL309598;CHEMBL310798;CHEMBL66570,BRICS,True
GEN_0B6D7E07,CCN1CCN(CC/N=N/Nc2ccc3ncnc(C(=O)O)c3c2)CC1,CHEMBL137364;CHEMBL304271;CHEMBL305194;CHEMBL432903;CHEMBL66570,BRICS,True
GEN_070730C0,Cc1cc(N2CCN(CC/N=N/Nc3ccc4ncnc(C(=O)O)c4c3)CC2)[nH]c1N1CCN(C)CC1,CHEMBL137364;CHEMBL304271;CHEMBL305194;CHEMBL308645;CHEMBL443268;CHEMBL65848;CHEMBL66570;CHEMBL67003;CHEMBL67057;CHEMBL69629;CHEMBL69960;CHEMBL69964,BRICS,True
GEN_0C478F6C,Cc1cc(N2CCN(CC/N=N/Nc3ccc4ncnc(C(=O)O)c4c3)CC2)[nH]c1N1CCOCC1,CHEMBL137364;CHEMBL302552;CHEMBL304271;CHEMBL305194;CHEMBL308645;CHEMBL443268;CHEMBL65848;CHEMBL66570;CHEMBL67003;CHEMBL67057;CHEMBL69629;CHEMBL69960;CHEMBL69964,BRICS,True
GEN_B2AAC461,COc1[nH]c(N2CCN(CC/N=N/Nc3ccc4ncnc(C(=O)O)c4c3)CC2)cc1C,CHEMBL137364;CHEMBL304271;CHEMBL305194;CHEMBL308645;CHEMBL443268;CHEMBL65848;CHEMBL66570;CHEMBL67003;CHEMBL67057;CHEMBL69629;CHEMBL69960;CHEMBL69964;CHEMBL80155,BRICS,True
GEN_9B1D831F,C/N=N/Nc1ccc2ncnc(-c3[nH]c(N4CCN(CC/N=N/Nc5ccc6ncnc(C(=O)O)c6c5)CC4)cc3C)c2c1,CHEMBL133024;CHEMBL135592;CHEMBL137364;CHEMBL304271;CHEMBL305194;CHEMBL308645;CHEMBL443268;CHEMBL65848;CHEMBL66570;CHEMBL67003;CHEMBL67057;CHEMBL69629;CHEMBL69960;CHEMBL69964,BRICS,True
GEN_B12BE20E,Cc1cc(C)c(-c2[nH]c(N3CCN(CC/N=N/Nc4ccc5ncnc(C(=O)O)c5c4)CC3)cc2C)[nH]1,CHEMBL137364;CHEMBL304271;CHEMBL305194;CHEMBL308645;CHEMBL443268;CHEMBL65848;CHEMBL66570;CHEMBL67003;CHEMBL67057;CHEMBL68920;CHEMBL69629;CHEMBL69960;CHEMBL69964,BRICS,True
GEN_B1B90764,Cc1cc(N2CCN(CC/N=N/Nc3ccc4ncnc(C(=O)O)c4c3)CC2)[nH]c1-c1ccccn1,CHEMBL137364;CHEMBL137635;CHEMBL138125;CHEMBL304271;CHEMBL305194;CHEMBL308645;CHEMBL443268;CHEMBL65848;CHEMBL66570;CHEMBL67003;CHEMBL67057;CHEMBL69629;CHEMBL69960;CHEMBL69964,BRICS,True
GEN_EEA273C7,Cc1cc(N2CCN(CC/N=N/Nc3ccc4ncnc(C(=O)O)c4c3)CC2)[nH]c1-c1ncnc2ccc(N)cc12,CHEMBL136492;CHEMBL137364;CHEMBL304271;CHEMBL305194;CHEMBL308645;CHEMBL332096;CHEMBL336113;CHEMBL343352;CHEMBL443268;CHEMBL52765;CHEMBL65848;CHEMBL66570;CHEMBL67003;CHEMBL67057;CHEMBL69629;CHEMBL69960;CHEMBL69964,BRICS,True
GEN_4E53969C,Cc1cc(N2CCN(CC/N=N/Nc3ccc4ncnc(C(=O)O)c4c3)CC2)[nH]c1-c1ncnc2ccc(/N=N/N(C)C)cc12,CHEMBL136491;CHEMBL137364;CHEMBL304271;CHEMBL305194;CHEMBL308645;CHEMBL344652;CHEMBL443268;CHEMBL65848;CHEMBL66570;CHEMBL67003;CHEMBL67057;CHEMBL69629;CHEMBL69960;CHEMBL69964,BRICS,True
GEN_34D74DEC,Cc1cc(N2CCN(CC/N=N/Nc3ccc4ncnc(C(=O)O)c4c3)CC2)[nH]c1CCC(=O)O,CHEMBL137364;CHEMBL304271;CHEMBL305194;CHEMBL308645;CHEMBL443268;CHEMBL65848;CHEMBL66570;CHEMBL67003;CHEMBL67057;CHEMBL69629;CHEMBL69960;CHEMBL69964,BRICS,True
GEN_78720B57,Cc1cc(N2CCN(CC/N=N/Nc3ccc4ncnc(C(=O)O)c4c3)CC2)[nH]c1-c1cc(O)ccc1[N+](=O)[O-],CHEMBL137364;CHEMBL304271;CHEMBL305194;CHEMBL308645;CHEMBL443268;CHEMBL65848;CHEMBL66570;CHEMBL67003;CHEMBL67057;CHEMBL69629;CHEMBL69960;CHEMBL69964;CHEMBL77085,BRICS,True
GEN_0EBF6063,Cc1cc(N2CCN(CC/N=N/Nc3ccc4ncnc(C(=O)O)c4c3)CC2)[nH]c1-c1ccc(C=O)cc1,CHEMBL137364;CHEMBL304271;CHEMBL305194;CHEMBL308645;CHEMBL311119;CHEMBL443268;CHEMBL65848;CHEMBL66570;CHEMBL67003;CHEMBL67057;CHEMBL69629;CHEMBL69960;CHEMBL69964;CHEMBL76985,BRICS,True
GEN_D3E26361,Cc1cc(N2CCN(CC/N=N/Nc3ccc4ncnc(C(=O)O)c4c3)CC2)[nH]c1-c1cccc(Br)c1,CHEMBL137364;CHEMBL138125;CHEMBL304271;CHEMBL305194;CHEMBL308645;CHEMBL443268;CHEMBL52765;CHEMBL65848;CHEMBL66570;CHEMBL67003;CHEMBL67057;CHEMBL69629;CHEMBL69960;CHEMBL69964,BRICS,True
GEN_9E454F16,Cc1cc(N2CCN(CC/N=N/Nc3ccc4ncnc(C(=O)O)c4c3)CC2)[nH]c1-c1cccc(Cl)c1,CHEMBL133024;CHEMBL136491;CHEMBL137364;CHEMBL304271;CHEMBL305194;CHEMBL308645;CHEMBL343352;CHEMBL443268;CHEMBL65848;CHEMBL66570;CHEMBL67003;CHEMBL67057;CHEMBL69629;CHEMBL69960;CHEMBL69964,BRICS,True
GEN_2E96E94F,Cc1cccc(-c2[nH]c(N3CCN(CC/N=N/Nc4ccc5ncnc(C(=O)O)c5c4)CC3)cc2C)c1,CHEMBL137364;CHEMBL304271;CHEMBL305194;CHEMBL308645;CHEMBL336113;CHEMBL443268;CHEMBL65848;CHEMBL66570;CHEMBL67003;CHEMBL67057;CHEMBL69629;CHEMBL69960;CHEMBL69964,BRICS,True
GEN_0C1D19F0,Cc1cc(N2CCN(CC/N=N/Nc3ccc4ncnc(C(=O)O)c4c3)CC2)[nH]c1-c1ccc(F)c(Cl)c1,CHEMBL137364;CHEMBL302552;CHEMBL304271;CHEMBL305194;CHEMBL308645;CHEMBL432903;CHEMBL443268;CHEMBL65848;CHEMBL66570;CHEMBL67003;CHEMBL67057;CHEMBL68920;CHEMBL69629;CHEMBL69960;CHEMBL69964,BRICS,True
GEN_5AC0878A,Cc1cc(N2CCN(CC/N=N/Nc3ccc4ncnc(C(=O)O)c4c3)CC2)[nH]c1-c1ccc2c(c1)CCC2,CHEMBL137364;CHEMBL304271;CHEMBL305194;CHEMBL308645;CHEMBL443268;CHEMBL65848;CHEMBL66570;CHEMBL67003;CHEMBL67057;CHEMBL69629;CHEMBL69960;CHEMBL69964,BRICS,True
GEN_9CD1198B,Cc1cc(N2CCN(CC/N=N/Nc3ccc4ncnc(C(=O)O)c4c3)CC2)[nH]c1-c1ccc(O)c([N+](=O)[O-])c1,CHEMBL137364;CHEMBL304271;CHEMBL305194;CHEMBL308645;CHEMBL309625;CHEMBL443268;CHEMBL65848;CHEMBL66570;CHEMBL67003;CHEMBL67057;CHEMBL69629;CHEMBL69960;CHEMBL69964,BRICS,True
GEN_50D72EFB,Cc1cc(N2CCN(CC/N=N/Nc3ccc4ncnc(C(=O)O)c4c3)CC2)[nH]c1-c1cc(O)cc(O)c1,CHEMBL137364;CHEMBL304271;CHEMBL305194;CHEMBL308645;CHEMBL443268;CHEMBL65848;CHEMBL66570;CHEMBL67003;CHEMBL67057;CHEMBL69629;CHEMBL69960;CHEMBL69964;CHEMBL76905,BRICS,True
GEN_E4B67ECC,Cc1cc(N2CCN(CC/N=N/Nc3ccc4ncnc(C(=O)O)c4c3)CC2)[nH]c1-c1cc(O)ccc1O,CHEMBL137364;CHEMBL304271;CHEMBL305194;CHEMBL308645;CHEMBL443268;CHEMBL65848;CHEMBL66570;CHEMBL67003;CHEMBL67057;CHEMBL69629;CHEMBL69960;CHEMBL69964;CHEMBL76642,BRICS,True
GEN_0A23B8F6,Cc1cc(N2CCN(CC/N=N/Nc3ccc4ncnc(C(=O)O)c4c3)CC2)[nH]c1-c1ccccc1,CHEMBL135592;CHEMBL136492;CHEMBL137364;CHEMBL137635;CHEMBL304271;CHEMBL305194;CHEMBL308645;CHEMBL332096;CHEMBL344652;CHEMBL443268;CHEMBL65848;CHEMBL66570;CHEMBL67003;CHEMBL67057;CHEMBL69629;CHEMBL69960;CHEMBL69964,BRICS,True
GEN_4172D23E,Cc1cc(N2CCN(CC/N=N/Nc3ccc4ncnc(C(=O)O)c4c3)CC2)[nH]c1-c1ccc(O)c(O)c1,CHEMBL137364;CHEMBL296407;CHEMBL304271;CHEMBL305194;CHEMBL308645;CHEMBL443268;CHEMBL65848;CHEMBL66570;CHEMBL67003;CHEMBL67057;CHEMBL69629;CHEMBL69960;CHEMBL69964;CHEMBL76904,BRICS,True
GEN_B1733BE3,Cc1cc(N2CCN(CC/N=N/Nc3ccc4ncnc(C(=O)O)c4c3)CC2)[nH]c1-c1ccc(O)cc1,CHEMBL137364;CHEMBL304271;CHEMBL305194;CHEMBL308645;CHEMBL443268;CHEMBL65848;CHEMBL66570;CHEMBL67003;CHEMBL67057;CHEMBL69629;CHEMBL69960;CHEMBL69964;CHEMBL76589,BRICS,True
GEN_CB0CD359,Cc1cc(N2CCN(CC/N=N/Nc3ccc4ncnc(C(=O)O)c4c3)CC2)[nH]c1-c1cc(O)c(O)c(O)c1,CHEMBL137364;CHEMBL304271;CHEMBL305194;CHEMBL308645;CHEMBL309598;CHEMBL310798;CHEMBL443268;CHEMBL65848;CHEMBL66570;CHEMBL67003;CHEMBL67057;CHEMBL69629;CHEMBL69960;CHEMBL69964,BRICS,True
GEN_25233A2C,Cc1cc(N2CCN(CC/N=N/Nc3ccc4ncnc(C(=O)O)c4c3)CC2)[nH]c1C(=O)O,CHEMBL137364;CHEMBL304271;CHEMBL305194;CHEMBL308645;CHEMBL443268;CHEMBL65848;CHEMBL66570;CHEMBL67003;CHEMBL67057;CHEMBL69629;CHEMBL69960;CHEMBL69964,BRICS,True
GEN_3EB2F4AD,CN1CCN(c2ccc(N3CCN(CC/N=N/Nc4ccc5ncnc(C(=O)O)c5c4)CC3)[nH]2)CC1,CHEMBL137364;CHEMBL302552;CHEMBL305194;CHEMBL66570;CHEMBL69964,BRICS,True
GEN_43134A79,O=C(O)c1ncnc2ccc(N/N=N/CCN3CCN(c4ccc(N5CCOCC5)[nH]4)CC3)cc12,CHEMBL137364;CHEMBL302552;CHEMBL305194;CHEMBL443268;CHEMBL65848;CHEMBL66570;CHEMBL67003;CHEMBL67057;CHEMBL69629;CHEMBL69960,BRICS,True
GEN_D59C5B9D,COc1ccc(N2CCN(CC/N=N/Nc3ccc4ncnc(C(=O)O)c4c3)CC2)[nH]1,CHEMBL137364;CHEMBL302552;CHEMBL305194;CHEMBL66570;CHEMBL80155,BRICS,True
GEN_82CAFD5F,C/N=N/Nc1ccc2ncnc(-c3ccc(N4CCN(CC/N=N/Nc5ccc6ncnc(C(=O)O)c6c5)CC4)[nH]3)c2c1,CHEMBL133024;CHEMBL135592;CHEMBL137364;CHEMBL302552;CHEMBL305194;CHEMBL66570,BRICS,True
GEN_5A8F2F9B,Cc1cc(C)c(-c2ccc(N3CCN(CC/N=N/Nc4ccc5ncnc(C(=O)O)c5c4)CC3)[nH]2)[nH]1,CHEMBL137364;CHEMBL302552;CHEMBL305194;CHEMBL66570;CHEMBL68920,BRICS,True
GEN_7CE59D0F,O=C(O)c1ncnc2ccc(N/N=N/CCN3CCN(c4ccc(-c5ccccn5)[nH]4)CC3)cc12,CHEMBL137364;CHEMBL137635;CHEMBL138125;CHEMBL302552;CHEMBL305194;CHEMBL66570,BRICS,True
GEN_AEA8F93A,Nc1ccc2ncnc(-c3ccc(N4CCN(CC/N=N/Nc5ccc6ncnc(C(=O)O)c6c5)CC4)[nH]3)c2c1,CHEMBL136492;CHEMBL137364;CHEMBL302552;CHEMBL305194;CHEMBL332096;CHEMBL336113;CHEMBL343352;CHEMBL52765;CHEMBL66570,BRICS,True
GEN_496562E0,CN(C)/N=N/c1ccc2ncnc(-c3ccc(N4CCN(CC/N=N/Nc5ccc6ncnc(C(=O)O)c6c5)CC4)[nH]3)c2c1,CHEMBL136491;CHEMBL137364;CHEMBL302552;CHEMBL305194;CHEMBL344652;CHEMBL66570,BRICS,True
GEN_8390DD43,O=C(O)CCc1ccc(N2CCN(CC/N=N/Nc3ccc4ncnc(C(=O)O)c4c3)CC2)[nH]1,CHEMBL137364;CHEMBL302552;CHEMBL305194;CHEMBL308645;CHEMBL66570,BRICS,True
GEN_7C55BBD5,O=C(O)c1ncnc2ccc(N/N=N/CCN3CCN(c4ccc(-c5cc(O)ccc5[N+](=O)[O-])[nH]4)CC3)cc12,CHEMBL137364;CHEMBL302552;CHEMBL305194;CHEMBL66570;CHEMBL77085,BRICS,True
GEN_5B0ED2BB,O=Cc1ccc(-c2ccc(N3CCN(CC/N=N/Nc4ccc5ncnc(C(=O)O)c5c4)CC3)[nH]2)cc1,CHEMBL137364;CHEMBL302552;CHEMBL305194;CHEMBL311119;CHEMBL66570;CHEMBL76985,BRICS,True
GEN_E6D16707,O=C(O)c1ncnc2ccc(N/N=N/CCN3CCN(c4ccc(-c5cccc(Br)c5)[nH]4)CC3)cc12,CHEMBL137364;CHEMBL138125;CHEMBL302552;CHEMBL305194;CHEMBL52765;CHEMBL66570,BRICS,True
GEN_309E2474,O=C(O)c1ncnc2ccc(N/N=N/CCN3CCN(c4ccc(-c5cccc(Cl)c5)[nH]4)CC3)cc12,CHEMBL133024;CHEMBL136491;CHEMBL137364;CHEMBL302552;CHEMBL305194;CHEMBL343352;CHEMBL66570,BRICS,True
GEN_930F0961,Cc1cccc(-c2ccc(N3CCN(CC/N=N/Nc4ccc5ncnc(C(=O)O)c5c4)CC3)[nH]2)c1,CHEMBL137364;CHEMBL302552;CHEMBL305194;CHEMBL336113;CHEMBL66570,BRICS,True
GEN_8DCDB59B,O=C(O)c1ncnc2ccc(N/N=N/CCN3CCN(c4ccc(-c5ccc(F)c(Cl)c5)[nH]4)CC3)cc12,CHEMBL137364;CHEMBL302552;CHEMBL304271;CHEMBL305194;CHEMBL308645;CHEMBL432903;CHEMBL443268;CHEMBL66570;CHEMBL68920;CHEMBL69629;CHEMBL69960;CHEMBL69964,BRICS,True
GEN_01D60BBE,O=C(O)c1ncnc2ccc(N/N=N/CCN3CCN(c4ccc(-c5ccc6c(c5)CCC6)[nH]4)CC3)cc12,CHEMBL137364;CHEMBL302552;CHEMBL305194;CHEMBL65848;CHEMBL66570,BRICS,True
GEN_015B7FC2,O=C(O)c1ncnc2ccc(N/N=N/CCN3CCN(c4ccc(-c5ccc(O)c([N+](=O)[O-])c5)[nH]4)CC3)cc12,CHEMBL137364;CHEMBL302552;CHEMBL305194;CHEMBL309625;CHEMBL66570,BRICS,True
GEN_09BCE299,O=C(O)c1ncnc2ccc(N/N=N/CCN3CCN(c4ccc(-c5cc(O)cc(O)c5)[nH]4)CC3)cc12,CHEMBL137364;CHEMBL302552;CHEMBL305194;CHEMBL66570;CHEMBL76905,BRICS,True
GEN_7BD169B1,O=C(O)c1ncnc2ccc(N/N=N/CCN3CCN(c4ccc(-c5cc(O)ccc5O)[nH]4)CC3)cc12,CHEMBL137364;CHEMBL302552;CHEMBL305194;CHEMBL66570;CHEMBL76642,BRICS,True
GEN_C054D7BF,O=C(O)c1ncnc2ccc(N/N=N/CCN3CCN(c4ccc(-c5ccccc5)[nH]4)CC3)cc12,CHEMBL135592;CHEMBL136492;CHEMBL137364;CHEMBL137635;CHEMBL302552;CHEMBL305194;CHEMBL332096;CHEMBL344652;CHEMBL66570;CHEMBL67003;CHEMBL67057,BRICS,True
GEN_AEF3EE8C,O=C(O)c1ncnc2ccc(N/N=N/CCN3CCN(c4ccc(-c5ccc(O)c(O)c5)[nH]4)CC3)cc12,CHEMBL137364;CHEMBL296407;CHEMBL302552;CHEMBL305194;CHEMBL66570;CHEMBL76904,BRICS,True
GEN_FA55A516,O=C(O)c1ncnc2ccc(N/N=N/CCN3CCN(c4ccc(-c5ccc(O)cc5)[nH]4)CC3)cc12,CHEMBL137364;CHEMBL302552;CHEMBL305194;CHEMBL66570;CHEMBL76589,BRICS,True
GEN_201B44C3,O=C(O)c1ncnc2ccc(N/N=N/CCN3CCN(c4ccc(-c5cc(O)c(O)c(O)c5)[nH]4)CC3)cc12,CHEMBL137364;CHEMBL302552;CHEMBL305194;CHEMBL309598;CHEMBL310798;CHEMBL66570,BRICS,True
GEN_EC85F21B,O=C(O)c1ccc(N2CCN(CC/N=N/Nc3ccc4ncnc(C(=O)O)c4c3)CC2)[nH]1,CHEMBL137364;CHEMBL302552;CHEMBL305194;CHEMBL66570,BRICS,True
GEN_98F346FB,CN1CCN(c2ncnc3ccc(N/N=N/CCN4CCN(CC/N=N/Nc5ccc6ncnc(C(=O)O)c6c5)CC4)cc23)CC1,CHEMBL137364;CHEMBL305194;CHEMBL66570;CHEMBL69964,BRICS,True
GEN_59482FF5,O=C(O)c1ncnc2ccc(N/N=N/CCN3CCN(CC/N=N/Nc4ccc5ncnc(N6CCOCC6)c5c4)CC3)cc12,CHEMBL137364;CHEMBL302552;CHEMBL305194;CHEMBL443268;CHEMBL65848;CHEMBL66570;CHEMBL67003;CHEMBL67057;CHEMBL69629;CHEMBL69960,BRICS,True
GEN_BD2DABFD,COc1ncnc2ccc(N/N=N/CCN3CCN(CC/N=N/Nc4ccc5ncnc(C(=O)O)c5c4)CC3)cc12,CHEMBL137364;CHEMBL305194;CHEMBL66570;CHEMBL80155,BRICS,True
GEN_BF2ACE90,C/N=N/Nc1ccc2ncnc(-c3ncnc4ccc(N/N=N/CCN5CCN(CC/N=N/Nc6ccc7ncnc(C(=O)O)c7c6)CC5)cc34)c2c1,CHEMBL133024;CHEMBL135592;CHEMBL137364;CHEMBL305194;CHEMBL66570,BRICS,True
GEN_D9781E20,Cc1cc(C)c(-c2ncnc3ccc(N/N=N/CCN4CCN(CC/N=N/Nc5ccc6ncnc(C(=O)O)c6c5)CC4)cc23)[nH]1,CHEMBL137364;CHEMBL305194;CHEMBL66570;CHEMBL68920,BRICS,True
GEN_B37A0F09,O=C(O)c1ncnc2ccc(N/N=N/CCN3CCN(CC/N=N/Nc4ccc5ncnc(-c6ccccn6)c5c4)CC3)cc12,CHEMBL137364;CHEMBL137635;CHEMBL138125;CHEMBL305194;CHEMBL66570,BRICS,True
GEN_4F3DA15F,Nc1ccc2ncnc(-c3ncnc4ccc(N/N=N/CCN5CCN(CC/N=N/Nc6ccc7ncnc(C(=O)O)c7c6)CC5)cc34)c2c1,CHEMBL136492;CHEMBL137364;CHEMBL305194;CHEMBL332096;CHEMBL336113;CHEMBL343352;CHEMBL52765;CHEMBL66570,BRICS,True
GEN_F13409FF,CN(C)/N=N/c1ccc2ncnc(-c3ncnc4ccc(N/N=N/CCN5CCN(CC/N=N/Nc6ccc7ncnc(C(=O)O)c7c6)CC5)cc34)c2c1,CHEMBL136491;CHEMBL137364;CHEMBL305194;CHEMBL344652;CHEMBL66570,BRICS,True
GEN_8137E482,O=C(O)CCc1ncnc2ccc(N/N=N/CCN3CCN(CC/N=N/Nc4ccc5ncnc(C(=O)O)c5c4)CC3)cc12,CHEMBL137364;CHEMBL305194;CHEMBL308645;CHEMBL66570,BRICS,True
GEN_B19A5C97,O=C(O)c1ncnc2ccc(N/N=N/CCN3CCN(CC/N=N/Nc4ccc5ncnc(-c6cc(O)ccc6[N+](=O)[O-])c5c4)CC3)cc12,CHEMBL137364;CHEMBL305194;CHEMBL66570;CHEMBL77085,BRICS,True
GEN_DDEF9D2E,O=Cc1ccc(-c2ncnc3ccc(N/N=N/CCN4CCN(CC/N=N/Nc5ccc6ncnc(C(=O)O)c6c5)CC4)cc23)cc1,CHEMBL137364;CHEMBL305194;CHEMBL311119;CHEMBL66570;CHEMBL76985,BRICS,True
GEN_5FF4316A,O=C(O)c1ncnc2ccc(N/N=N/CCN3CCN(CC/N=N/Nc4ccc5ncnc(-c6cccc(Br)c6)c5c4)CC3)cc12,CHEMBL137364;CHEMBL138125;CHEMBL305194;CHEMBL52765;CHEMBL66570,BRICS,True
GEN_043312E4,O=C(O)c1ncnc2ccc(N/N=N/CCN3CCN(CC/N=N/Nc4ccc5ncnc(-c6cccc(Cl)c6)c5c4)CC3)cc12,CHEMBL133024;CHEMBL136491;CHEMBL137364;CHEMBL305194;CHEMBL343352;CHEMBL66570,BRICS,True
GEN_95862D0E,Cc1cccc(-c2ncnc3ccc(N/N=N/CCN4CCN(CC/N=N/Nc5ccc6ncnc(C(=O)O)c6c5)CC4)cc23)c1,CHEMBL137364;CHEMBL305194;CHEMBL336113;CHEMBL66570,BRICS,True
GEN_E7841F84,O=C(O)c1ncnc2ccc(N/N=N/CCN3CCN(CC/N=N/Nc4ccc5ncnc(-c6ccc(F)c(Cl)c6)c5c4)CC3)cc12,CHEMBL137364;CHEMBL302552;CHEMBL304271;CHEMBL305194;CHEMBL308645;CHEMBL432903;CHEMBL443268;CHEMBL66570;CHEMBL68920;CHEMBL69629;CHEMBL69960;CHEMBL69964,BRICS,True
GEN_F0CFA64B,O=C(O)c1ncnc2ccc(N/N=N/CCN3CCN(CC/N=N/Nc4ccc5ncnc(-c6ccc7c(c6)CCC7)c5c4)CC3)cc12,CHEMBL137364;CHEMBL305194;CHEMBL65848;CHEMBL66570,BRICS,True
GEN_FB9962CF,O=C(O)c1ncnc2ccc(N/N=N/CCN3CCN(CC/N=N/Nc4ccc5ncnc(-c6ccc(O)c([N+](=O)[O-])c6)c5c4)CC3)cc12,CHEMBL137364;CHEMBL305194;CHEMBL309625;CHEMBL66570,BRICS,True
GEN_DB6996A2,O=C(O)c1ncnc2ccc(N/N=N/CCN3CCN(CC/N=N/Nc4ccc5ncnc(-c6cc(O)cc(O)c6)c5c4)CC3)cc12,CHEMBL137364;CHEMBL305194;CHEMBL66570;CHEMBL76905,BRICS,True
GEN_900B47BC,O=C(O)c1ncnc2ccc(N/N=N/CCN3CCN(CC/N=N/Nc4ccc5ncnc(-c6cc(O)ccc6O)c5c4)CC3)cc12,CHEMBL137364;CHEMBL305194;CHEMBL66570;CHEMBL76642,BRICS,True
GEN_F668542D,O=C(O)c1ncnc2ccc(N/N=N/CCN3CCN(CC/N=N/Nc4ccc5ncnc(-c6ccccc6)c5c4)CC3)cc12,CHEMBL135592;CHEMBL136492;CHEMBL137364;CHEMBL137635;CHEMBL305194;CHEMBL332096;CHEMBL344652;CHEMBL66570;CHEMBL67003;CHEMBL67057,BRICS,True
GEN_3C4B3D73,O=C(O)c1ncnc2ccc(N/N=N/CCN3CCN(CC/N=N/Nc4ccc5ncnc(-c6ccc(O)c(O)c6)c5c4)CC3)cc12,CHEMBL137364;CHEMBL296407;CHEMBL305194;CHEMBL66570;CHEMBL76904,BRICS,True
GEN_4BC14374,O=C(O)c1ncnc2ccc(N/N=N/CCN3CCN(CC/N=N/Nc4ccc5ncnc(-c6ccc(O)cc6)c5c4)CC3)cc12,CHEMBL137364;CHEMBL305194;CHEMBL66570;CHEMBL76589,BRICS,True
GEN_B9D5A0BB,O=C(O)c1ncnc2ccc(N/N=N/CCN3CCN(CC/N=N/Nc4ccc5ncnc(-c6cc(O)c(O)c(O)c6)c5c4)CC3)cc12,CHEMBL137364;CHEMBL305194;CHEMBL309598;CHEMBL310798;CHEMBL66570,BRICS,True
GEN_F0D3C0A9,O=C(O)c1ncnc2ccc(N/N=N/CCN3CCN(CC/N=N/Nc4ccc5ncnc(C(=O)O)c5c4)CC3)cc12,CHEMBL137364;CHEMBL305194;CHEMBL66570,BRICS,True
GEN_255B4057,CN1C(=O)C(=C(C#N)C#N)c2c(N3CCN(CC/N=N/Nc4ccc5ncnc(C(=O)O)c5c4)CC3)ncnc21,CHEMBL137364;CHEMBL305194;CHEMBL309598;CHEMBL309625;CHEMBL310798;CHEMBL311119;CHEMBL443268;CHEMBL66570;CHEMBL76589;CHEMBL76904;CHEMBL76905;CHEMBL77085;CHEMBL80155,BRICS,True
GEN_FFB61FC3,CN1C(=O)C(=C(C#N)C(N)=O)c2c(N3CCN(CC/N=N/Nc4ccc5ncnc(C(=O)O)c5c4)CC3)ncnc21,CHEMBL137364;CHEMBL296407;CHEMBL305194;CHEMBL443268;CHEMBL66570,BRICS,True
GEN_8016D7E7,CN1C(=O)C(=C(C#N)C(=O)O)c2c(N3CCN(CC/N=N/Nc4ccc5ncnc(C(=O)O)c5c4)CC3)ncnc21,CHEMBL137364;CHEMBL305194;CHEMBL443268;CHEMBL66570;CHEMBL76642;CHEMBL76985,BRICS,True
GEN_E0A772F4,COCC/N=N/Nc1ccc2ncnc(N3CCN(CC/N=N/Nc4ccc5ncnc(C(=O)O)c5c4)CC3)c2c1,CHEMBL137364;CHEMBL305194;CHEMBL66570;CHEMBL80155,BRICS,True
GEN_3007BFB6,CN1CCN(CC/N=N/Nc2ccc3ncnc(N4CCN(CC/N=N/Nc5ccc6ncnc(C(=O)O)c6c5)CC4)c3c2)CC1,CHEMBL137364;CHEMBL305194;CHEMBL66570;CHEMBL69964,BRICS,True
GEN_671DE869,O=C(O)c1ncnc2ccc(N/N=N/CCN3CCN(c4ncnc5ccc(N/N=N/CCN6CCOCC6)cc45)CC3)cc12,CHEMBL137364;CHEMBL302552;CHEMBL305194;CHEMBL443268;CHEMBL65848;CHEMBL66570;CHEMBL67003;CHEMBL67057;CHEMBL69629;CHEMBL69960,BRICS,True
GEN_24B5CDC2,O=C(O)c1ncnc2ccc(N/N=N/CCN3CCN(c4ccc5c(ccn5-c5cc(O)ccc5[N+](=O)[O-])c4)CC3)cc12,CHEMBL137364;CHEMBL305194;CHEMBL66570;CHEMBL67057;CHEMBL77085,BRICS,True
GEN_E9F09E76,O=Cc1ccc(-n2ccc3cc(N4CCN(CC/N=N/Nc5ccc6ncnc(C(=O)O)c6c5)CC4)ccc32)cc1,CHEMBL137364;CHEMBL305194;CHEMBL311119;CHEMBL66570;CHEMBL67057;CHEMBL76985,BRICS,True
GEN_4D606AD7,O=C(O)c1ncnc2ccc(N/N=N/CCN3CCN(c4ccc5c(ccn5-c5cccc(Br)c5)c4)CC3)cc12,CHEMBL137364;CHEMBL138125;CHEMBL305194;CHEMBL52765;CHEMBL66570;CHEMBL67057,BRICS,True
GEN_15D806B6,O=C(O)c1ncnc2ccc(N/N=N/CCN3CCN(c4ccc5c(ccn5-c5cccc(Cl)c5)c4)CC3)cc12,CHEMBL133024;CHEMBL136491;CHEMBL137364;CHEMBL305194;CHEMBL343352;CHEMBL66570;CHEMBL67057,BRICS,True
GEN_49A00F77,Cc1cccc(-n2ccc3cc(N4CCN(CC/N=N/Nc5ccc6ncnc(C(=O)O)c6c5)CC4)ccc32)c1,CHEMBL137364;CHEMBL305194;CHEMBL336113;CHEMBL66570;CHEMBL67057,BRICS,True
GEN_6FA46BCB,O=C(O)c1ncnc2ccc(N/N=N/CCN3CCN(c4ccc5c(ccn5-c5ccc(F)c(Cl)c5)c4)CC3)cc12,CHEMBL137364;CHEMBL302552;CHEMBL304271;CHEMBL305194;CHEMBL308645;CHEMBL432903;CHEMBL443268;CHEMBL66570;CHEMBL67057;CHEMBL68920;CHEMBL69629;CHEMBL69960;CHEMBL69964,BRICS,True
GEN_15866C56,O=C(O)c1ncnc2ccc(N/N=N/CCN3CCN(c4ccc5c(ccn5-c5ccc6c(c5)CCC6)c4)CC3)cc12,CHEMBL137364;CHEMBL305194;CHEMBL65848;CHEMBL66570;CHEMBL67057,BRICS,True
GEN_12587540,O=C(O)c1ncnc2ccc(N/N=N/CCN3CCN(c4ccc5c(ccn5-c5ccc(O)c([N+](=O)[O-])c5)c4)CC3)cc12,CHEMBL137364;CHEMBL305194;CHEMBL309625;CHEMBL66570;CHEMBL67057,BRICS,True
GEN_F23766B2,O=C(O)c1ncnc2ccc(N/N=N/CCN3CCN(c4ccc5c(ccn5-c5cc(O)cc(O)c5)c4)CC3)cc12,CHEMBL137364;CHEMBL305194;CHEMBL66570;CHEMBL67057;CHEMBL76905,BRICS,True
GEN_12F5FBDF,O=C(O)c1ncnc2ccc(N/N=N/CCN3CCN(c4ccc5c(ccn5-c5cc(O)ccc5O)c4)CC3)cc12,CHEMBL137364;CHEMBL305194;CHEMBL66570;CHEMBL67057;CHEMBL76642,BRICS,True
GEN_F356AB70,O=C(O)c1ncnc2ccc(N/N=N/CCN3CCN(c4ccc5c(ccn5-c5ccccc5)c4)CC3)cc12,CHEMBL135592;CHEMBL136492;CHEMBL137364;CHEMBL137635;CHEMBL305194;CHEMBL332096;CHEMBL344652;CHEMBL66570;CHEMBL67003;CHEMBL67057,BRICS,True
GEN_A16847DD,O=C(O)c1ncnc2ccc(N/N=N/CCN3CCN(c4ccc5c(ccn5-c5ccc(O)c(O)c5)c4)CC3)cc12,CHEMBL137364;CHEMBL296407;CHEMBL305194;CHEMBL66570;CHEMBL67057;CHEMBL76904,BRICS,True
GEN_FDE1EDDF,O=C(O)c1ncnc2ccc(N/N=N/CCN3CCN(c4ccc5c(ccn5-c5ccc(O)cc5)c4)CC3)cc12,CHEMBL137364;CHEMBL305194;CHEMBL66570;CHEMBL67057;CHEMBL76589,BRICS,True
GEN_A7801A21,O=C(O)c1ncnc2ccc(N/N=N/CCN3CCN(c4ccc5c(ccn5-c5cc(O)c(O)c(O)c5)c4)CC3)cc12,CHEMBL137364;CHEMBL305194;CHEMBL309598;CHEMBL310798;CHEMBL66570;CHEMBL67057,BRICS,True
GEN_48F76176,O=C(O)CCn1ccc2cc(N3CCN(CC/N=N/Nc4ccc5ncnc(C(=O)O)c5c4)CC3)ccc21,CHEMBL137364;CHEMBL305194;CHEMBL308645;CHEMBL66570;CHEMBL67057,BRICS,True
GEN_0AF2C3C7,C/N=N/Nc1ccc2ncnc(-n3ccc4cc(N5CCN(CC/N=N/Nc6ccc7ncnc(C(=O)O)c7c6)CC5)ccc43)c2c1,CHEMBL133024;CHEMBL135592;CHEMBL137364;CHEMBL305194;CHEMBL66570;CHEMBL67057,BRICS,True
GEN_E68C7D40,Cc1cc(C)c(-n2ccc3cc(N4CCN(CC/N=N/Nc5ccc6ncnc(C(=O)O)c6c5)CC4)ccc32)[nH]1,CHEMBL137364;CHEMBL305194;CHEMBL66570;CHEMBL67057;CHEMBL68920,BRICS,True
GEN_A81415BE,O=C(O)c1ncnc2ccc(N/N=N/CCN3CCN(c4ccc5c(ccn5-c5ccccn5)c4)CC3)cc12,CHEMBL137364;CHEMBL137635;CHEMBL138125;CHEMBL305194;CHEMBL66570;CHEMBL67057,BRICS,True
GEN_59E2A310,Nc1ccc2ncnc(-n3ccc4cc(N5CCN(CC/N=N/Nc6ccc7ncnc(C(=O)O)c7c6)CC5)ccc43)c2c1,CHEMBL136492;CHEMBL137364;CHEMBL305194;CHEMBL332096;CHEMBL336113;CHEMBL343352;CHEMBL52765;CHEMBL66570;CHEMBL67057,BRICS,True
GEN_A2205853,CN(C)/N=N/c1ccc2ncnc(-n3ccc4cc(N5CCN(CC/N=N/Nc6ccc7ncnc(C(=O)O)c7c6)CC5)ccc43)c2c1,CHEMBL136491;CHEMBL137364;CHEMBL305194;CHEMBL344652;CHEMBL66570;CHEMBL67057,BRICS,True
GEN_B45FB186,O=C(O)c1ncnc2ccc(N/N=N/CCN3CCN(C(=O)c4cc(O)ccc4[N+](=O)[O-])CC3)cc12,CHEMBL137364;CHEMBL302552;CHEMBL304271;CHEMBL305194;CHEMBL432903;CHEMBL443268;CHEMBL65848;CHEMBL66570;CHEMBL67003;CHEMBL67057;CHEMBL69629;CHEMBL69960;CHEMBL69964;CHEMBL77085,BRICS,True
GEN_F63ADEFB,O=Cc1ccc(C(=O)N2CCN(CC/N=N/Nc3ccc4ncnc(C(=O)O)c4c3)CC2)cc1,CHEMBL137364;CHEMBL302552;CHEMBL304271;CHEMBL305194;CHEMBL311119;CHEMBL432903;CHEMBL443268;CHEMBL65848;CHEMBL66570;CHEMBL67003;CHEMBL67057;CHEMBL69629;CHEMBL69960;CHEMBL69964;CHEMBL76985,BRICS,True
GEN_6A77CDD6,O=C(O)c1ncnc2ccc(N/N=N/CCN3CCN(C(=O)c4cccc(Br)c4)CC3)cc12,CHEMBL137364;CHEMBL138125;CHEMBL302552;CHEMBL304271;CHEMBL305194;CHEMBL432903;CHEMBL443268;CHEMBL52765;CHEMBL65848;CHEMBL66570;CHEMBL67003;CHEMBL67057;CHEMBL69629;CHEMBL69960;CHEMBL69964,BRICS,True
GEN_EBBCCCDF,O=C(O)c1ncnc2ccc(N/N=N/CCN3CCN(C(=O)c4cccc(Cl)c4)CC3)cc12,CHEMBL133024;CHEMBL136491;CHEMBL137364;CHEMBL302552;CHEMBL304271;CHEMBL305194;CHEMBL343352;CHEMBL432903;CHEMBL443268;CHEMBL65848;CHEMBL66570;CHEMBL67003;CHEMBL67057;CHEMBL69629;CHEMBL69960;CHEMBL69964,BRICS,True
GEN_D7970113,Cc1cccc(C(=O)N2CCN(CC/N=N/Nc3ccc4ncnc(C(=O)O)c4c3)CC2)c1,CHEMBL137364;CHEMBL302552;CHEMBL304271;CHEMBL305194;CHEMBL336113;CHEMBL432903;CHEMBL443268;CHEMBL65848;CHEMBL66570;CHEMBL67003;CHEMBL67057;CHEMBL69629;CHEMBL69960;CHEMBL69964,BRICS,True
GEN_6478E984,O=C(O)c1ncnc2ccc(N/N=N/CCN3CCN(C(=O)c4ccc(F)c(Cl)c4)CC3)cc12,CHEMBL137364;CHEMBL302552;CHEMBL304271;CHEMBL305194;CHEMBL308645;CHEMBL432903;CHEMBL443268;CHEMBL65848;CHEMBL66570;CHEMBL67003;CHEMBL67057;CHEMBL68920;CHEMBL69629;CHEMBL69960;CHEMBL69964,BRICS,True
GEN_A07A4959,O=C(O)c1ncnc2ccc(N/N=N/CCN3CCN(C(=O)c4ccc5c(c4)CCC5)CC3)cc12,CHEMBL137364;CHEMBL302552;CHEMBL304271;CHEMBL305194;CHEMBL432903;CHEMBL443268;CHEMBL65848;CHEMBL66570;CHEMBL67003;CHEMBL67057;CHEMBL69629;CHEMBL69960;CHEMBL69964,BRICS,True
GEN_ED5C4A38,O=C(O)c1ncnc2ccc(N/N=N/CCN3CCN(C(=O)c4ccc(O)c([N+](=O)[O-])c4)CC3)cc12,CHEMBL137364;CHEMBL302552;CHEMBL304271;CHEMBL305194;CHEMBL309625;CHEMBL432903;CHEMBL443268;CHEMBL65848;CHEMBL66570;CHEMBL67003;CHEMBL67057;CHEMBL69629;CHEMBL69960;CHEMBL69964,BRICS,True
GEN_4348FB19,O=C(O)c1ncnc2ccc(N/N=N/CCN3CCN(C(=O)c4cc(O)cc(O)c4)CC3)cc12,CHEMBL137364;CHEMBL302552;CHEMBL304271;CHEMBL305194;CHEMBL432903;CHEMBL443268;CHEMBL65848;CHEMBL66570;CHEMBL67003;CHEMBL67057;CHEMBL69629;CHEMBL69960;CHEMBL69964;CHEMBL76905,BRICS,True
GEN_064EA374,O=C(O)c1ncnc2ccc(N/N=N/CCN3CCN(C(=O)c4cc(O)ccc4O)CC3)cc12,CHEMBL137364;CHEMBL302552;CHEMBL304271;CHEMBL305194;CHEMBL432903;CHEMBL443268;CHEMBL65848;CHEMBL66570;CHEMBL67003;CHEMBL67057;CHEMBL69629;CHEMBL69960;CHEMBL69964;CHEMBL76642,BRICS,True
GEN_B7DE80E9,O=C(O)c1ncnc2ccc(N/N=N/CCN3CCN(C(=O)c4ccccc4)CC3)cc12,CHEMBL135592;CHEMBL136492;CHEMBL137364;CHEMBL137635;CHEMBL302552;CHEMBL304271;CHEMBL305194;CHEMBL332096;CHEMBL344652;CHEMBL432903;CHEMBL443268;CHEMBL65848;CHEMBL66570;CHEMBL67003;CHEMBL67057;CHEMBL69629;CHEMBL69960;CHEMBL69964,BRICS,True
GEN_E8E820CF,O=C(O)c1ncnc2ccc(N/N=N/CCN3CCN(C(=O)c4ccc(O)c(O)c4)CC3)cc12,CHEMBL137364;CHEMBL296407;CHEMBL302552;CHEMBL304271;CHEMBL305194;CHEMBL432903;CHEMBL443268;CHEMBL65848;CHEMBL66570;CHEMBL67003;CHEMBL67057;CHEMBL69629;CHEMBL69960;CHEMBL69964;CHEMBL76904,BRICS,True
GEN_A54609EE,O=C(O)c1ncnc2ccc(N/N=N/CCN3CCN(C(=O)c4ccc(O)cc4)CC3)cc12,CHEMBL137364;CHEMBL302552;CHEMBL304271;CHEMBL305194;CHEMBL432903;CHEMBL443268;CHEMBL65848;CHEMBL66570;CHEMBL67003;CHEMBL67057;CHEMBL69629;CHEMBL69960;CHEMBL69964;CHEMBL76589,BRICS,True
GEN_A11A1E54,O=C(O)c1ncnc2ccc(N/N=N/CCN3CCN(C(=O)c4cc(O)c(O)c(O)c4)CC3)cc12,CHEMBL137364;CHEMBL302552;CHEMBL304271;CHEMBL305194;CHEMBL309598;CHEMBL310798;CHEMBL432903;CHEMBL443268;CHEMBL65848;CHEMBL66570;CHEMBL67003;CHEMBL67057;CHEMBL69629;CHEMBL69960;CHEMBL69964,BRICS,True
GEN_A761B6A4,C/N=N/Nc1ccc2ncnc(C(=O)N3CCN(CC/N=N/Nc4ccc5ncnc(C(=O)O)c5c4)CC3)c2c1,CHEMBL133024;CHEMBL135592;CHEMBL137364;CHEMBL302552;CHEMBL304271;CHEMBL305194;CHEMBL432903;CHEMBL443268;CHEMBL65848;CHEMBL66570;CHEMBL67003;CHEMBL67057;CHEMBL69629;CHEMBL69960;CHEMBL69964,BRICS,True
GEN_08F371D2,Cc1cc(C)c(C(=O)N2CCN(CC/N=N/Nc3ccc4ncnc(C(=O)O)c4c3)CC2)[nH]1,CHEMBL137364;CHEMBL302552;CHEMBL304271;CHEMBL305194;CHEMBL432903;CHEMBL443268;CHEMBL65848;CHEMBL66570;CHEMBL67003;CHEMBL67057;CHEMBL68920;CHEMBL69629;CHEMBL69960;CHEMBL69964,BRICS,True
GEN_BE5DCC40,O=C(O)c1ncnc2ccc(N/N=N/CCN3CCN(C(=O)c4ccccn4)CC3)cc12,CHEMBL137364;CHEMBL137635;CHEMBL138125;CHEMBL302552;CHEMBL304271;CHEMBL305194;CHEMBL432903;CHEMBL443268;CHEMBL65848;CHEMBL66570;CHEMBL67003;CHEMBL67057;CHEMBL69629;CHEMBL69960;CHEMBL69964,BRICS,True
GEN_2FA65350,Nc1ccc2ncnc(C(=O)N3CCN(CC/N=N/Nc4ccc5ncnc(C(=O)O)c5c4)CC3)c2c1,CHEMBL136492;CHEMBL137364;CHEMBL302552;CHEMBL304271;CHEMBL305194;CHEMBL332096;CHEMBL336113;CHEMBL343352;CHEMBL432903;CHEMBL443268;CHEMBL52765;CHEMBL65848;CHEMBL66570;CHEMBL67003;CHEMBL67057;CHEMBL69629;CHEMBL69960;CHEMBL69964,BRICS,True
GEN_3748ECF5,CN(C)/N=N/c1ccc2ncnc(C(=O)N3CCN(CC/N=N/Nc4ccc5ncnc(C(=O)O)c5c4)CC3)c2c1,CHEMBL136491;CHEMBL137364;CHEMBL302552;CHEMBL304271;CHEMBL305194;CHEMBL344652;CHEMBL432903;CHEMBL443268;CHEMBL65848;CHEMBL66570;CHEMBL67003;CHEMBL67057;CHEMBL69629;CHEMBL69960;CHEMBL69964,BRICS,True
GEN_DADC52D4,C/N=N/Nc1ccc2ncnc(C/N=N/Nc3ccc4ncnc(N5CCN(CC/N=N/Nc6ccc7ncnc(C(=O)O)c7c6)CC5)c4c3)c2c1,CHEMBL133024;CHEMBL135592;CHEMBL137364;CHEMBL137635;CHEMBL138125;CHEMBL305194;CHEMBL66570,BRICS,True
GEN_93B631AA,Cc1cc(C)c(C/N=N/Nc2ccc3ncnc(N4CCN(CC/N=N/Nc5ccc6ncnc(C(=O)O)c6c5)CC4)c3c2)[nH]1,CHEMBL137364;CHEMBL137635;CHEMBL138125;CHEMBL305194;CHEMBL66570;CHEMBL68920,BRICS,True
GEN_7F28B36E,O=C(O)c1ncnc2ccc(N/N=N/CCN3CCN(c4ncnc5ccc(N/N=N/Cc6ccccn6)cc45)CC3)cc12,CHEMBL137364;CHEMBL137635;CHEMBL138125;CHEMBL305194;CHEMBL66570,BRICS,True
GEN_FC22E898,Nc1ccc2ncnc(C/N=N/Nc3ccc4ncnc(N5CCN(CC/N=N/Nc6ccc7ncnc(C(=O)O)c7c6)CC5)c4c3)c2c1,CHEMBL136492;CHEMBL137364;CHEMBL137635;CHEMBL138125;CHEMBL305194;CHEMBL332096;CHEMBL336113;CHEMBL343352;CHEMBL52765;CHEMBL66570,BRICS,True
GEN_454ACF31,CN(C)/N=N/c1ccc2ncnc(C/N=N/Nc3ccc4ncnc(N5CCN(CC/N=N/Nc6ccc7ncnc(C(=O)O)c7c6)CC5)c4c3)c2c1,CHEMBL136491;CHEMBL137364;CHEMBL137635;CHEMBL138125;CHEMBL305194;CHEMBL344652;CHEMBL66570,BRICS,True
GEN_177143D9,O=C(O)c1ncnc2ccc(N/N=N/CCN3CCN(c4ncnc5ccc(N/N=N/Cc6cc(O)ccc6[N+](=O)[O-])cc45)CC3)cc12,CHEMBL137364;CHEMBL137635;CHEMBL138125;CHEMBL305194;CHEMBL66570;CHEMBL77085,BRICS,True
GEN_79D6D865,O=Cc1ccc(C/N=N/Nc2ccc3ncnc(N4CCN(CC/N=N/Nc5ccc6ncnc(C(=O)O)c6c5)CC4)c3c2)cc1,CHEMBL137364;CHEMBL137635;CHEMBL138125;CHEMBL305194;CHEMBL311119;CHEMBL66570;CHEMBL76985,BRICS,True
GEN_456C3BBE,O=C(O)c1ncnc2ccc(N/N=N/CCN3CCN(c4ncnc5ccc(N/N=N/Cc6cccc(Br)c6)cc45)CC3)cc12,CHEMBL137364;CHEMBL137635;CHEMBL138125;CHEMBL305194;CHEMBL52765;CHEMBL66570,BRICS,True
GEN_A81BAFC6,O=C(O)c1ncnc2ccc(N/N=N/CCN3CCN(c4ncnc5ccc(N/N=N/Cc6cccc(Cl)c6)cc45)CC3)cc12,CHEMBL133024;CHEMBL136491;CHEMBL137364;CHEMBL137635;CHEMBL138125;CHEMBL305194;CHEMBL343352;CHEMBL66570,BRICS,True
GEN_1CFB3025,Cc1cccc(C/N=N/Nc2ccc3ncnc(N4CCN(CC/N=N/Nc5ccc6ncnc(C(=O)O)c6c5)CC4)c3c2)c1,CHEMBL137364;CHEMBL137635;CHEMBL138125;CHEMBL305194;CHEMBL336113;CHEMBL66570,BRICS,True
GEN_3A1FE2F8,O=C(O)c1ncnc2ccc(N/N=N/CCN3CCN(c4ncnc5ccc(N/N=N/Cc6ccc(F)c(Cl)c6)cc45)CC3)cc12,CHEMBL137364;CHEMBL137635;CHEMBL138125;CHEMBL302552;CHEMBL304271;CHEMBL305194;CHEMBL308645;CHEMBL432903;CHEMBL443268;CHEMBL66570;CHEMBL68920;CHEMBL69629;CHEMBL69960;CHEMBL69964,BRICS,True
GEN_0BF6C059,O=C(O)c1ncnc2ccc(N/N=N/CCN3CCN(c4ncnc5ccc(N/N=N/Cc6ccc7c(c6)CCC7)cc45)CC3)cc12,CHEMBL137364;CHEMBL137635;CHEMBL138125;CHEMBL305194;CHEMBL65848;CHEMBL66570,BRICS,True
GEN_CFA77ECE,O=C(O)c1ncnc2ccc(N/N=N/CCN3CCN(c4ncnc5ccc(N/N=N/Cc6ccc(O)c([N+](=O)[O-])c6)cc45)CC3)cc12,CHEMBL137364;CHEMBL137635;CHEMBL138125;CHEMBL305194;CHEMBL309625;CHEMBL66570,BRICS,True
GEN_7FA90A9C,O=C(O)c1ncnc2ccc(N/N=N/CCN3CCN(c4ncnc5ccc(N/N=N/Cc6cc(O)cc(O)c6)cc45)CC3)cc12,CHEMBL137364;CHEMBL137635;CHEMBL138125;CHEMBL305194;CHEMBL66570;CHEMBL76905,BRICS,True
GEN_67D65870,O=C(O)c1ncnc2ccc(N/N=N/CCN3CCN(c4ncnc5ccc(N/N=N/Cc6cc(O)ccc6O)cc45)CC3)cc12,CHEMBL137364;CHEMBL137635;CHEMBL138125;CHEMBL305194;CHEMBL66570;CHEMBL76642,BRICS,True
GEN_38A7E967,O=C(O)c1ncnc2ccc(N/N=N/CCN3CCN(c4ncnc5ccc(N/N=N/Cc6ccccc6)cc45)CC3)cc12,CHEMBL135592;CHEMBL136492;CHEMBL137364;CHEMBL137635;CHEMBL138125;CHEMBL305194;CHEMBL332096;CHEMBL344652;CHEMBL66570;CHEMBL67003;CHEMBL67057,BRICS,True
GEN_F215538B,O=C(O)c1ncnc2ccc(N/N=N/CCN3CCN(c4ncnc5ccc(N/N=N/Cc6ccc(O)c(O)c6)cc45)CC3)cc12,CHEMBL137364;CHEMBL137635;CHEMBL138125;CHEMBL296407;CHEMBL305194;CHEMBL66570;CHEMBL76904,BRICS,True
GEN_E38CF32E,O=C(O)c1ncnc2ccc(N/N=N/CCN3CCN(c4ncnc5ccc(N/N=N/Cc6ccc(O)cc6)cc45)CC3)cc12,CHEMBL137364;CHEMBL137635;CHEMBL138125;CHEMBL305194;CHEMBL66570;CHEMBL76589,BRICS,True
GEN_4705028F,O=C(O)c1ncnc2ccc(N/N=N/CCN3CCN(c4ncnc5ccc(N/N=N/Cc6cc(O)c(O)c(O)c6)cc45)CC3)cc12,CHEMBL137364;CHEMBL137635;CHEMBL138125;CHEMBL305194;CHEMBL309598;CHEMBL310798;CHEMBL66570,BRICS,True
GEN_97E64BC9,N#CC(C#N)=C1C(=O)Nc2ncnc(N3CCN(CC/N=N/Nc4ccc5ncnc(C(=O)O)c5c4)CC3)c21,CHEMBL137364;CHEMBL302552;CHEMBL304271;CHEMBL305194;CHEMBL308645;CHEMBL309598;CHEMBL309625;CHEMBL310798;CHEMBL311119;CHEMBL432903;CHEMBL65848;CHEMBL66570;CHEMBL67003;CHEMBL67057;CHEMBL68920;CHEMBL69629;CHEMBL69960;CHEMBL69964;CHEMBL76589;CHEMBL76904;CHEMBL76905;CHEMBL77085;CHEMBL80155,BRICS,True
GEN_7C030B26,N#CC(C(N)=O)=C1C(=O)Nc2ncnc(N3CCN(CC/N=N/Nc4ccc5ncnc(C(=O)O)c5c4)CC3)c21,CHEMBL137364;CHEMBL296407;CHEMBL302552;CHEMBL304271;CHEMBL305194;CHEMBL308645;CHEMBL432903;CHEMBL65848;CHEMBL66570;CHEMBL67003;CHEMBL67057;CHEMBL68920;CHEMBL69629;CHEMBL69960;CHEMBL69964,BRICS,True
GEN_2B40C8A5,N#CC(C(=O)O)=C1C(=O)Nc2ncnc(N3CCN(CC/N=N/Nc4ccc5ncnc(C(=O)O)c5c4)CC3)c21,CHEMBL137364;CHEMBL302552;CHEMBL304271;CHEMBL305194;CHEMBL308645;CHEMBL432903;CHEMBL65848;CHEMBL66570;CHEMBL67003;CHEMBL67057;CHEMBL68920;CHEMBL69629;CHEMBL69960;CHEMBL69964;CHEMBL76642;CHEMBL76985,BRICS,True
GEN_F7C76E5E,O=C(O)c1cc(O)c(O)c(N2CCN(CC/N=N/Nc3ccc4ncnc(C(=O)O)c4c3)CC2)c1,CHEMBL137364;CHEMBL305194;CHEMBL66570;CHEMBL80155,BRICS,True
GEN_1780B7D4,O=C(O)c1ncnc2ccc(N/N=N/CCN3CCN(c4cc(-c5cc(O)ccc5[N+](=O)[O-])cc(O)c4O)CC3)cc12,CHEMBL137364;CHEMBL305194;CHEMBL66570;CHEMBL77085;CHEMBL80155,BRICS,True
GEN_0B831935,O=Cc1ccc(-c2cc(O)c(O)c(N3CCN(CC/N=N/Nc4ccc5ncnc(C(=O)O)c5c4)CC3)c2)cc1,CHEMBL137364;CHEMBL305194;CHEMBL311119;CHEMBL66570;CHEMBL76985;CHEMBL80155,BRICS,True
GEN_A930DB49,O=C(O)c1ncnc2ccc(N/N=N/CCN3CCN(c4cc(-c5cccc(Br)c5)cc(O)c4O)CC3)cc12,CHEMBL137364;CHEMBL138125;CHEMBL305194;CHEMBL52765;CHEMBL66570;CHEMBL80155,BRICS,True
GEN_756BBB89,O=C(O)c1ncnc2ccc(N/N=N/CCN3CCN(c4cc(-c5cccc(Cl)c5)cc(O)c4O)CC3)cc12,CHEMBL133024;CHEMBL136491;CHEMBL137364;CHEMBL305194;CHEMBL343352;CHEMBL66570;CHEMBL80155,BRICS,True
GEN_013CA290,Cc1cccc(-c2cc(O)c(O)c(N3CCN(CC/N=N/Nc4ccc5ncnc(C(=O)O)c5c4)CC3)c2)c1,CHEMBL137364;CHEMBL305194;CHEMBL336113;CHEMBL66570;CHEMBL80155,BRICS,True
GEN_76CC32D3,O=C(O)c1ncnc2ccc(N/N=N/CCN3CCN(c4cc(-c5ccc(F)c(Cl)c5)cc(O)c4O)CC3)cc12,CHEMBL137364;CHEMBL302552;CHEMBL304271;CHEMBL305194;CHEMBL308645;CHEMBL432903;CHEMBL443268;CHEMBL66570;CHEMBL68920;CHEMBL69629;CHEMBL69960;CHEMBL69964;CHEMBL80155,BRICS,True
GEN_2BF1A44C,O=C(O)c1ncnc2ccc(N/N=N/CCN3CCN(c4cc(-c5ccc6c(c5)CCC6)cc(O)c4O)CC3)cc12,CHEMBL137364;CHEMBL305194;CHEMBL65848;CHEMBL66570;CHEMBL80155,BRICS,True
GEN_B6FA2CC6,O=C(O)c1ncnc2ccc(N/N=N/CCN3CCN(c4cc(-c5ccc(O)c([N+](=O)[O-])c5)cc(O)c4O)CC3)cc12,CHEMBL137364;CHEMBL305194;CHEMBL309625;CHEMBL66570;CHEMBL80155,BRICS,True
GEN_39373021,O=C(O)c1ncnc2ccc(N/N=N/CCN3CCN(c4cc(-c5cc(O)cc(O)c5)cc(O)c4O)CC3)cc12,CHEMBL137364;CHEMBL305194;CHEMBL66570;CHEMBL76905;CHEMBL80155,BRICS,True
GEN_2A812BE7,O=C(O)c1ncnc2ccc(N/N=N/CCN3CCN(c4cc(-c5cc(O)ccc5O)cc(O)c4O)CC3)cc12,CHEMBL137364;CHEMBL305194;CHEMBL66570;CHEMBL76642;CHEMBL80155,BRICS,True
GEN_423841A2,O=C(O)c1ncnc2ccc(N/N=N/CCN3CCN(c4cc(-c5ccccc5)cc(O)c4O)CC3)cc12,CHEMBL135592;CHEMBL136492;CHEMBL137364;CHEMBL137635;CHEMBL305194;CHEMBL332096;CHEMBL344652;CHEMBL66570;CHEMBL67003;CHEMBL67057;CHEMBL80155,BRICS,True
GEN_49B495FE,O=C(O)c1ncnc2ccc(N/N=N/CCN3CCN(c4cc(-c5ccc(O)c(O)c5)cc(O)c4O)CC3)cc12,CHEMBL137364;CHEMBL296407;CHEMBL305194;CHEMBL66570;CHEMBL76904;CHEMBL80155,BRICS,True
GEN_AF4FE3EE,O=C(O)c1ncnc2ccc(N/N=N/CCN3CCN(c4cc(-c5ccc(O)cc5)cc(O)c4O)CC3)cc12,CHEMBL137364;CHEMBL305194;CHEMBL66570;CHEMBL76589;CHEMBL80155,BRICS,True
GEN_B4B50057,O=C(O)c1ncnc2ccc(N/N=N/CCN3CCN(c4cc(-c5cc(O)c(O)c(O)c5)cc(O)c4O)CC3)cc12,CHEMBL137364;CHEMBL305194;CHEMBL309598;CHEMBL310798;CHEMBL66570;CHEMBL80155,BRICS,True
GEN_D5A37503,COc1cc(O)c(O)c(N2CCN(CC/N=N/Nc3ccc4ncnc(C(=O)O)c4c3)CC2)c1,CHEMBL137364;CHEMBL305194;CHEMBL66570;CHEMBL80155,BRICS,True
GEN_59D1854B,CN1CCN(c2cc(O)c(O)c(N3CCN(CC/N=N/Nc4ccc5ncnc(C(=O)O)c5c4)CC3)c2)CC1,CHEMBL137364;CHEMBL305194;CHEMBL66570;CHEMBL69964;CHEMBL80155,BRICS,True
GEN_09A515E0,O=C(O)c1ncnc2ccc(N/N=N/CCN3CCN(c4cc(N5CCOCC5)cc(O)c4O)CC3)cc12,CHEMBL137364;CHEMBL302552;CHEMBL305194;CHEMBL443268;CHEMBL65848;CHEMBL66570;CHEMBL67003;CHEMBL67057;CHEMBL69629;CHEMBL69960;CHEMBL80155,BRICS,True
GEN_9C399FA0,C/N=N/Nc1ccc2ncnc(-c3cc(O)c(O)c(N4CCN(CC/N=N/Nc5ccc6ncnc(C(=O)O)c6c5)CC4)c3)c2c1,CHEMBL133024;CHEMBL135592;CHEMBL137364;CHEMBL305194;CHEMBL66570;CHEMBL80155,BRICS,True
GEN_FD806892,Cc1cc(C)c(-c2cc(O)c(O)c(N3CCN(CC/N=N/Nc4ccc5ncnc(C(=O)O)c5c4)CC3)c2)[nH]1,CHEMBL137364;CHEMBL305194;CHEMBL66570;CHEMBL68920;CHEMBL80155,BRICS,True
GEN_F82BFF35,O=C(O)c1ncnc2ccc(N/N=N/CCN3CCN(c4cc(-c5ccccn5)cc(O)c4O)CC3)cc12,CHEMBL137364;CHEMBL137635;CHEMBL138125;CHEMBL305194;CHEMBL66570;CHEMBL80155,BRICS,True
GEN_B5878D36,Nc1ccc2ncnc(-c3cc(O)c(O)c(N4CCN(CC/N=N/Nc5ccc6ncnc(C(=O)O)c6c5)CC4)c3)c2c1,CHEMBL136492;CHEMBL137364;CHEMBL305194;CHEMBL332096;CHEMBL336113;CHEMBL343352;CHEMBL52765;CHEMBL66570;CHEMBL80155,BRICS,True
GEN_B849AB52,CN(C)/N=N/c1ccc2ncnc(-c3cc(O)c(O)c(N4CCN(CC/N=N/Nc5ccc6ncnc(C(=O)O)c6c5)CC4)c3)c2c1,CHEMBL136491;CHEMBL137364;CHEMBL305194;CHEMBL344652;CHEMBL66570;CHEMBL80155,BRICS,True
GEN_0B6582FC,O=C(O)CCc1cc(O)c(O)c(N2CCN(CC/N=N/Nc3ccc4ncnc(C(=O)O)c4c3)CC2)c1,CHEMBL137364;CHEMBL305194;CHEMBL308645;CHEMBL66570;CHEMBL80155,BRICS,True
GEN_23B0C240,Cc1[nH]c(N2CCN(C)CC2)c(C)c1N1CCN(CC/N=N/Nc2ccc3ncnc(C(=O)O)c3c2)CC1,CHEMBL137364;CHEMBL305194;CHEMBL432903;CHEMBL66570;CHEMBL69964,BRICS,True
GEN_A748422D,Cc1[nH]c(N2CCOCC2)c(C)c1N1CCN(CC/N=N/Nc2ccc3ncnc(C(=O)O)c3c2)CC1,CHEMBL137364;CHEMBL302552;CHEMBL305194;CHEMBL432903;CHEMBL443268;CHEMBL65848;CHEMBL66570;CHEMBL67003;CHEMBL67057;CHEMBL69629;CHEMBL69960,BRICS,True
GEN_EDD51D31,COc1[nH]c(C)c(N2CCN(CC/N=N/Nc3ccc4ncnc(C(=O)O)c4c3)CC2)c1C,CHEMBL137364;CHEMBL305194;CHEMBL432903;CHEMBL66570;CHEMBL80155,BRICS,True
GEN_9E8A2A6D,C/N=N/Nc1ccc2ncnc(-c3[nH]c(C)c(N4CCN(CC/N=N/Nc5ccc6ncnc(C(=O)O)c6c5)CC4)c3C)c2c1,CHEMBL133024;CHEMBL135592;CHEMBL137364;CHEMBL305194;CHEMBL432903;CHEMBL66570,BRICS,True
GEN_CB4340CF,Cc1cc(C)c(-c2[nH]c(C)c(N3CCN(CC/N=N/Nc4ccc5ncnc(C(=O)O)c5c4)CC3)c2C)[nH]1,CHEMBL137364;CHEMBL305194;CHEMBL432903;CHEMBL66570;CHEMBL68920,BRICS,True
GEN_CB47F8BA,Cc1[nH]c(-c2ccccn2)c(C)c1N1CCN(CC/N=N/Nc2ccc3ncnc(C(=O)O)c3c2)CC1,CHEMBL137364;CHEMBL137635;CHEMBL138125;CHEMBL305194;CHEMBL432903;CHEMBL66570,BRICS,True
GEN_49D8C0A0,Cc1[nH]c(-c2ncnc3ccc(N)cc23)c(C)c1N1CCN(CC/N=N/Nc2ccc3ncnc(C(=O)O)c3c2)CC1,CHEMBL136492;CHEMBL137364;CHEMBL305194;CHEMBL332096;CHEMBL336113;CHEMBL343352;CHEMBL432903;CHEMBL52765;CHEMBL66570,BRICS,True
GEN_BBAF1766,Cc1[nH]c(-c2ncnc3ccc(/N=N/N(C)C)cc23)c(C)c1N1CCN(CC/N=N/Nc2ccc3ncnc(C(=O)O)c3c2)CC1,CHEMBL136491;CHEMBL137364;CHEMBL305194;CHEMBL344652;CHEMBL432903;CHEMBL66570,BRICS,True
GEN_3882BBF6,Cc1[nH]c(CCC(=O)O)c(C)c1N1CCN(CC/N=N/Nc2ccc3ncnc(C(=O)O)c3c2)CC1,CHEMBL137364;CHEMBL305194;CHEMBL308645;CHEMBL432903;CHEMBL66570,BRICS,True
GEN_166CE5FF,Cc1[nH]c(-c2cc(O)ccc2[N+](=O)[O-])c(C)c1N1CCN(CC/N=N/Nc2ccc3ncnc(C(=O)O)c3c2)CC1,CHEMBL137364;CHEMBL305194;CHEMBL432903;CHEMBL66570;CHEMBL77085,BRICS,True
GEN_18688EAB,Cc1[nH]c(-c2ccc(C=O)cc2)c(C)c1N1CCN(CC/N=N/Nc2ccc3ncnc(C(=O)O)c3c2)CC1,CHEMBL137364;CHEMBL305194;CHEMBL311119;CHEMBL432903;CHEMBL66570;CHEMBL76985,BRICS,True
GEN_F5FA2F27,Cc1[nH]c(-c2cccc(Br)c2)c(C)c1N1CCN(CC/N=N/Nc2ccc3ncnc(C(=O)O)c3c2)CC1,CHEMBL137364;CHEMBL138125;CHEMBL305194;CHEMBL432903;CHEMBL52765;CHEMBL66570,BRICS,True
GEN_252C07AF,Cc1[nH]c(-c2cccc(Cl)c2)c(C)c1N1CCN(CC/N=N/Nc2ccc3ncnc(C(=O)O)c3c2)CC1,CHEMBL133024;CHEMBL136491;CHEMBL137364;CHEMBL305194;CHEMBL343352;CHEMBL432903;CHEMBL66570,BRICS,True
GEN_7693DEF8,Cc1cccc(-c2[nH]c(C)c(N3CCN(CC/N=N/Nc4ccc5ncnc(C(=O)O)c5c4)CC3)c2C)c1,CHEMBL137364;CHEMBL305194;CHEMBL336113;CHEMBL432903;CHEMBL66570,BRICS,True
GEN_27437289,Cc1[nH]c(-c2ccc(F)c(Cl)c2)c(C)c1N1CCN(CC/N=N/Nc2ccc3ncnc(C(=O)O)c3c2)CC1,CHEMBL137364;CHEMBL302552;CHEMBL304271;CHEMBL305194;CHEMBL308645;CHEMBL432903;CHEMBL443268;CHEMBL66570;CHEMBL68920;CHEMBL69629;CHEMBL69960;CHEMBL69964,BRICS,True
GEN_D323CE9E,Cc1[nH]c(-c2ccc3c(c2)CCC3)c(C)c1N1CCN(CC/N=N/Nc2ccc3ncnc(C(=O)O)c3c2)CC1,CHEMBL137364;CHEMBL305194;CHEMBL432903;CHEMBL65848;CHEMBL66570,BRICS,True
GEN_6ED6D46A,Cc1[nH]c(-c2ccc(O)c([N+](=O)[O-])c2)c(C)c1N1CCN(CC/N=N/Nc2ccc3ncnc(C(=O)O)c3c2)CC1,CHEMBL137364;CHEMBL305194;CHEMBL309625;CHEMBL432903;CHEMBL66570,BRICS,True
GEN_08D22F4A,Cc1[nH]c(-c2cc(O)cc(O)c2)c(C)c1N1CCN(CC/N=N/Nc2ccc3ncnc(C(=O)O)c3c2)CC1,CHEMBL137364;CHEMBL305194;CHEMBL432903;CHEMBL66570;CHEMBL76905,BRICS,True
GEN_D3C6F751,Cc1[nH]c(-c2cc(O)ccc2O)c(C)c1N1CCN(CC/N=N/Nc2ccc3ncnc(C(=O)O)c3c2)CC1,CHEMBL137364;CHEMBL305194;CHEMBL432903;CHEMBL66570;CHEMBL76642,BRICS,True
GEN_6810650D,Cc1[nH]c(-c2ccccc2)c(C)c1N1CCN(CC/N=N/Nc2ccc3ncnc(C(=O)O)c3c2)CC1,CHEMBL135592;CHEMBL136492;CHEMBL137364;CHEMBL137635;CHEMBL305194;CHEMBL332096;CHEMBL344652;CHEMBL432903;CHEMBL66570;CHEMBL67003;CHEMBL67057,BRICS,True
GEN_0E2ED01E,Cc1[nH]c(-c2ccc(O)c(O)c2)c(C)c1N1CCN(CC/N=N/Nc2ccc3ncnc(C(=O)O)c3c2)CC1,CHEMBL137364;CHEMBL296407;CHEMBL305194;CHEMBL432903;CHEMBL66570;CHEMBL76904,BRICS,True
GEN_3AA4DAF9,Cc1[nH]c(-c2ccc(O)cc2)c(C)c1N1CCN(CC/N=N/Nc2ccc3ncnc(C(=O)O)c3c2)CC1,CHEMBL137364;CHEMBL305194;CHEMBL432903;CHEMBL66570;CHEMBL76589,BRICS,True
GEN_6FF5BECA,Cc1[nH]c(-c2cc(O)c(O)c(O)c2)c(C)c1N1CCN(CC/N=N/Nc2ccc3ncnc(C(=O)O)c3c2)CC1,CHEMBL137364;CHEMBL305194;CHEMBL309598;CHEMBL310798;CHEMBL432903;CHEMBL66570,BRICS,True
GEN_9A185BC4,Cc1[nH]c(C(=O)O)c(C)c1N1CCN(CC/N=N/Nc2ccc3ncnc(C(=O)O)c3c2)CC1,CHEMBL137364;CHEMBL305194;CHEMBL432903;CHEMBL66570,BRICS,True
GEN_D5119009,O=C(O)c1ncnc2ccc(N/N=N/CCN3CCN(c4ccc5c(cnn5-c5cc(O)ccc5[N+](=O)[O-])c4)CC3)cc12,CHEMBL137364;CHEMBL305194;CHEMBL66570;CHEMBL67003;CHEMBL77085,BRICS,True
GEN_3E1919C8,O=Cc1ccc(-n2ncc3cc(N4CCN(CC/N=N/Nc5ccc6ncnc(C(=O)O)c6c5)CC4)ccc32)cc1,CHEMBL137364;CHEMBL305194;CHEMBL311119;CHEMBL66570;CHEMBL67003;CHEMBL76985,BRICS,True
GEN_12CE20A6,O=C(O)c1ncnc2ccc(N/N=N/CCN3CCN(c4ccc5c(cnn5-c5cccc(Br)c5)c4)CC3)cc12,CHEMBL137364;CHEMBL138125;CHEMBL305194;CHEMBL52765;CHEMBL66570;CHEMBL67003,BRICS,True
GEN_025BEE23,O=C(O)c1ncnc2ccc(N/N=N/CCN3CCN(c4ccc5c(cnn5-c5cccc(Cl)c5)c4)CC3)cc12,CHEMBL133024;CHEMBL136491;CHEMBL137364;CHEMBL305194;CHEMBL343352;CHEMBL66570;CHEMBL67003,BRICS,True
GEN_55681A51,Cc1cccc(-n2ncc3cc(N4CCN(CC/N=N/Nc5ccc6ncnc(C(=O)O)c6c5)CC4)ccc32)c1,CHEMBL137364;CHEMBL305194;CHEMBL336113;CHEMBL66570;CHEMBL67003,BRICS,True
GEN_713CF995,O=C(O)c1ncnc2ccc(N/N=N/CCN3CCN(c4ccc5c(cnn5-c5ccc(F)c(Cl)c5)c4)CC3)cc12,CHEMBL137364;CHEMBL302552;CHEMBL304271;CHEMBL305194;CHEMBL308645;CHEMBL432903;CHEMBL443268;CHEMBL66570;CHEMBL67003;CHEMBL68920;CHEMBL69629;CHEMBL69960;CHEMBL69964,BRICS,True
GEN_EBABA959,O=C(O)c1ncnc2ccc(N/N=N/CCN3CCN(c4ccc5c(cnn5-c5ccc6c(c5)CCC6)c4)CC3)cc12,CHEMBL137364;CHEMBL305194;CHEMBL65848;CHEMBL66570;CHEMBL67003,BRICS,True
GEN_57224F55,O=C(O)c1ncnc2ccc(N/N=N/CCN3CCN(c4ccc5c(cnn5-c5ccc(O)c([N+](=O)[O-])c5)c4)CC3)cc12,CHEMBL137364;CHEMBL305194;CHEMBL309625;CHEMBL66570;CHEMBL67003,BRICS,True
GEN_C1E6A2CE,O=C(O)c1ncnc2ccc(N/N=N/CCN3CCN(c4ccc5c(cnn5-c5cc(O)cc(O)c5)c4)CC3)cc12,CHEMBL137364;CHEMBL305194;CHEMBL66570;CHEMBL67003;CHEMBL76905,BRICS,True
GEN_6DF447CD,O=C(O)c1ncnc2ccc(N/N=N/CCN3CCN(c4ccc5c(cnn5-c5cc(O)ccc5O)c4)CC3)cc12,CHEMBL137364;CHEMBL305194;CHEMBL66570;CHEMBL67003;CHEMBL76642,BRICS,True
GEN_2C13F576,O=C(O)c1ncnc2ccc(N/N=N/CCN3CCN(c4ccc5c(cnn5-c5ccccc5)c4)CC3)cc12,CHEMBL135592;CHEMBL136492;CHEMBL137364;CHEMBL137635;CHEMBL305194;CHEMBL332096;CHEMBL344652;CHEMBL66570;CHEMBL67003;CHEMBL67057,BRICS,True
GEN_C1D9318D,O=C(O)c1ncnc2ccc(N/N=N/CCN3CCN(c4ccc5c(cnn5-c5ccc(O)c(O)c5)c4)CC3)cc12,CHEMBL137364;CHEMBL296407;CHEMBL305194;CHEMBL66570;CHEMBL67003;CHEMBL76904,BRICS,True
GEN_0BA85D5A,O=C(O)c1ncnc2ccc(N/N=N/CCN3CCN(c4ccc5c(cnn5-c5ccc(O)cc5)c4)CC3)cc12,CHEMBL137364;CHEMBL305194;CHEMBL66570;CHEMBL67003;CHEMBL76589,BRICS,True
GEN_52D64608,O=C(O)c1ncnc2ccc(N/N=N/CCN3CCN(c4ccc5c(cnn5-c5cc(O)c(O)c(O)c5)c4)CC3)cc12,CHEMBL137364;CHEMBL305194;CHEMBL309598;CHEMBL310798;CHEMBL66570;CHEMBL67003,BRICS,True
GEN_5D5BCA2C,O=C(O)CCn1ncc2cc(N3CCN(CC/N=N/Nc4ccc5ncnc(C(=O)O)c5c4)CC3)ccc21,CHEMBL137364;CHEMBL305194;CHEMBL308645;CHEMBL66570;CHEMBL67003,BRICS,True
GEN_E991D3EB,C/N=N/Nc1ccc2ncnc(-n3ncc4cc(N5CCN(CC/N=N/Nc6ccc7ncnc(C(=O)O)c7c6)CC5)ccc43)c2c1,CHEMBL133024;CHEMBL135592;CHEMBL137364;CHEMBL305194;CHEMBL66570;CHEMBL67003,BRICS,True
GEN_93EC59D8,Cc1cc(C)c(-n2ncc3cc(N4CCN(CC/N=N/Nc5ccc6ncnc(C(=O)O)c6c5)CC4)ccc32)[nH]1,CHEMBL137364;CHEMBL305194;CHEMBL66570;CHEMBL67003;CHEMBL68920,BRICS,True
GEN_31962E01,O=C(O)c1ncnc2ccc(N/N=N/CCN3CCN(c4ccc5c(cnn5-c5ccccn5)c4)CC3)cc12,CHEMBL137364;CHEMBL137635;CHEMBL138125;CHEMBL305194;CHEMBL66570;CHEMBL67003,BRICS,True
GEN_CD7CB81A,Nc1ccc2ncnc(-n3ncc4cc(N5CCN(CC/N=N/Nc6ccc7ncnc(C(=O)O)c7c6)CC5)ccc43)c2c1,CHEMBL136492;CHEMBL137364;CHEMBL305194;CHEMBL332096;CHEMBL336113;CHEMBL343352;CHEMBL52765;CHEMBL66570;CHEMBL67003,BRICS,True
GEN_7BC17216,CN(C)/N=N/c1ccc2ncnc(-n3ncc4cc(N5CCN(CC/N=N/Nc6ccc7ncnc(C(=O)O)c7c6)CC5)ccc43)c2c1,CHEMBL136491;CHEMBL137364;CHEMBL305194;CHEMBL344652;CHEMBL66570;CHEMBL67003,BRICS,True
GEN_E5632E67,C/N=N/Nc1ccc2ncnc(CN3CCN(CC/N=N/Nc4ccc5ncnc(C(=O)O)c5c4)CC3)c2c1,CHEMBL133024;CHEMBL135592;CHEMBL137364;CHEMBL305194;CHEMBL332096;CHEMBL66570,BRICS,True
GEN_0A124B97,Cc1cc(C)c(CN2CCN(CC/N=N/Nc3ccc4ncnc(C(=O)O)c4c3)CC2)[nH]1,CHEMBL137364;CHEMBL305194;CHEMBL332096;CHEMBL66570;CHEMBL68920,BRICS,True
GEN_A70D6175,O=C(O)c1ncnc2ccc(N/N=N/CCN3CCN(Cc4ccccn4)CC3)cc12,CHEMBL137364;CHEMBL137635;CHEMBL138125;CHEMBL305194;CHEMBL332096;CHEMBL66570,BRICS,True
GEN_3CD81A2E,Nc1ccc2ncnc(CN3CCN(CC/N=N/Nc4ccc5ncnc(C(=O)O)c5c4)CC3)c2c1,CHEMBL136492;CHEMBL137364;CHEMBL305194;CHEMBL332096;CHEMBL336113;CHEMBL343352;CHEMBL52765;CHEMBL66570,BRICS,True
GEN_49C07093,CN(C)/N=N/c1ccc2ncnc(CN3CCN(CC/N=N/Nc4ccc5ncnc(C(=O)O)c5c4)CC3)c2c1,CHEMBL136491;CHEMBL137364;CHEMBL305194;CHEMBL332096;CHEMBL344652;CHEMBL66570,BRICS,True
GEN_E336DF85,O=C(O)c1ncnc2ccc(N/N=N/CCN3CCN(Cc4cc(O)ccc4[N+](=O)[O-])CC3)cc12,CHEMBL137364;CHEMBL305194;CHEMBL332096;CHEMBL66570;CHEMBL77085,BRICS,True
GEN_91D2228E,O=Cc1ccc(CN2CCN(CC/N=N/Nc3ccc4ncnc(C(=O)O)c4c3)CC2)cc1,CHEMBL137364;CHEMBL305194;CHEMBL311119;CHEMBL332096;CHEMBL66570;CHEMBL76985,BRICS,True
GEN_82B5AF12,O=C(O)c1ncnc2ccc(N/N=N/CCN3CCN(Cc4cccc(Br)c4)CC3)cc12,CHEMBL137364;CHEMBL138125;CHEMBL305194;CHEMBL332096;CHEMBL52765;CHEMBL66570,BRICS,True
GEN_1B281F43,O=C(O)c1ncnc2ccc(N/N=N/CCN3CCN(Cc4cccc(Cl)c4)CC3)cc12,CHEMBL133024;CHEMBL136491;CHEMBL137364;CHEMBL305194;CHEMBL332096;CHEMBL343352;CHEMBL66570,BRICS,True
GEN_B1B19198,Cc1cccc(CN2CCN(CC/N=N/Nc3ccc4ncnc(C(=O)O)c4c3)CC2)c1,CHEMBL137364;CHEMBL305194;CHEMBL332096;CHEMBL336113;CHEMBL66570,BRICS,True
GEN_E0A6C417,O=C(O)c1ncnc2ccc(N/N=N/CCN3CCN(Cc4ccc(F)c(Cl)c4)CC3)cc12,CHEMBL137364;CHEMBL302552;CHEMBL304271;CHEMBL305194;CHEMBL308645;CHEMBL332096;CHEMBL432903;CHEMBL443268;CHEMBL66570;CHEMBL68920;CHEMBL69629;CHEMBL69960;CHEMBL69964,BRICS,True
GEN_2AE25729,O=C(O)c1ncnc2ccc(N/N=N/CCN3CCN(Cc4ccc5c(c4)CCC5)CC3)cc12,CHEMBL137364;CHEMBL305194;CHEMBL332096;CHEMBL65848;CHEMBL66570,BRICS,True
GEN_EFA9FC9C,O=C(O)c1ncnc2ccc(N/N=N/CCN3CCN(Cc4ccc(O)c([N+](=O)[O-])c4)CC3)cc12,CHEMBL137364;CHEMBL305194;CHEMBL309625;CHEMBL332096;CHEMBL66570,BRICS,True
GEN_6489CB61,O=C(O)c1ncnc2ccc(N/N=N/CCN3CCN(Cc4cc(O)cc(O)c4)CC3)cc12,CHEMBL137364;CHEMBL305194;CHEMBL332096;CHEMBL66570;CHEMBL76905,BRICS,True
GEN_63DF32D3,O=C(O)c1ncnc2ccc(N/N=N/CCN3CCN(Cc4cc(O)ccc4O)CC3)cc12,CHEMBL137364;CHEMBL305194;CHEMBL332096;CHEMBL66570;CHEMBL76642,BRICS,True
GEN_C1B86159,O=C(O)c1ncnc2ccc(N/N=N/CCN3CCN(Cc4ccccc4)CC3)cc12,CHEMBL135592;CHEMBL136492;CHEMBL137364;CHEMBL137635;CHEMBL305194;CHEMBL332096;CHEMBL344652;CHEMBL66570;CHEMBL67003;CHEMBL67057,BRICS,True
GEN_22AB0EF2,O=C(O)c1ncnc2ccc(N/N=N/CCN3CCN(Cc4ccc(O)c(O)c4)CC3)cc12,CHEMBL137364;CHEMBL296407;CHEMBL305194;CHEMBL332096;CHEMBL66570;CHEMBL76904,BRICS,True
GEN_CC9BEA92,O=C(O)c1ncnc2ccc(N/N=N/CCN3CCN(Cc4ccc(O)cc4)CC3)cc12,CHEMBL137364;CHEMBL305194;CHEMBL332096;CHEMBL66570;CHEMBL76589,BRICS,True
GEN_C6BE07EE,O=C(O)c1ncnc2ccc(N/N=N/CCN3CCN(Cc4cc(O)c(O)c(O)c4)CC3)cc12,CHEMBL137364;CHEMBL305194;CHEMBL309598;CHEMBL310798;CHEMBL332096;CHEMBL66570,BRICS,True
GEN_48481B23,O=C(O)c1cc(N2CCN(CC/N=N/Nc3ccc4ncnc(C(=O)O)c4c3)CC2)cc(O)c1O,CHEMBL137364;CHEMBL305194;CHEMBL66570;CHEMBL80155,BRICS,True
GEN_FC8CE6A0,O=C(O)c1ncnc2ccc(N/N=N/CCN3CCN(c4cc(O)c(O)c(-c5cc(O)ccc5[N+](=O)[O-])c4)CC3)cc12,CHEMBL137364;CHEMBL305194;CHEMBL66570;CHEMBL77085;CHEMBL80155,BRICS,True
GEN_D69A9350,O=Cc1ccc(-c2cc(N3CCN(CC/N=N/Nc4ccc5ncnc(C(=O)O)c5c4)CC3)cc(O)c2O)cc1,CHEMBL137364;CHEMBL305194;CHEMBL311119;CHEMBL66570;CHEMBL76985;CHEMBL80155,BRICS,True
GEN_2ABBA7AE,O=C(O)c1ncnc2ccc(N/N=N/CCN3CCN(c4cc(O)c(O)c(-c5cccc(Br)c5)c4)CC3)cc12,CHEMBL137364;CHEMBL138125;CHEMBL305194;CHEMBL52765;CHEMBL66570;CHEMBL80155,BRICS,True
GEN_708AD305,O=C(O)c1ncnc2ccc(N/N=N/CCN3CCN(c4cc(O)c(O)c(-c5cccc(Cl)c5)c4)CC3)cc12,CHEMBL133024;CHEMBL136491;CHEMBL137364;CHEMBL305194;CHEMBL343352;CHEMBL66570;CHEMBL80155,BRICS,True
GEN_C8DCEBAE,Cc1cccc(-c2cc(N3CCN(CC/N=N/Nc4ccc5ncnc(C(=O)O)c5c4)CC3)cc(O)c2O)c1,CHEMBL137364;CHEMBL305194;CHEMBL336113;CHEMBL66570;CHEMBL80155,BRICS,True
GEN_A016AD29,O=C(O)c1ncnc2ccc(N/N=N/CCN3CCN(c4cc(O)c(O)c(-c5ccc(F)c(Cl)c5)c4)CC3)cc12,CHEMBL137364;CHEMBL302552;CHEMBL304271;CHEMBL305194;CHEMBL308645;CHEMBL432903;CHEMBL443268;CHEMBL66570;CHEMBL68920;CHEMBL69629;CHEMBL69960;CHEMBL69964;CHEMBL80155,BRICS,True
GEN_7DC68E25,O=C(O)c1ncnc2ccc(N/N=N/CCN3CCN(c4cc(O)c(O)c(-c5ccc6c(c5)CCC6)c4)CC3)cc12,CHEMBL137364;CHEMBL305194;CHEMBL65848;CHEMBL66570;CHEMBL80155,BRICS,True
GEN_318685A8,O=C(O)c1ncnc2ccc(N/N=N/CCN3CCN(c4cc(O)c(O)c(-c5ccc(O)c([N+](=O)[O-])c5)c4)CC3)cc12,CHEMBL137364;CHEMBL305194;CHEMBL309625;CHEMBL66570;CHEMBL80155,BRICS,True
GEN_FB8D8E58,O=C(O)c1ncnc2ccc(N/N=N/CCN3CCN(c4cc(O)c(O)c(-c5cc(O)cc(O)c5)c4)CC3)cc12,CHEMBL137364;CHEMBL305194;CHEMBL66570;CHEMBL76905;CHEMBL80155,BRICS,True
GEN_BF79726D,O=C(O)c1ncnc2ccc(N/N=N/CCN3CCN(c4cc(O)c(O)c(-c5cc(O)ccc5O)c4)CC3)cc12,CHEMBL137364;CHEMBL305194;CHEMBL66570;CHEMBL76642;CHEMBL80155,BRICS,True
GEN_742D8D3F,O=C(O)c1ncnc2ccc(N/N=N/CCN3CCN(c4cc(O)c(O)c(-c5ccccc5)c4)CC3)cc12,CHEMBL135592;CHEMBL136492;CHEMBL137364;CHEMBL137635;CHEMBL305194;CHEMBL332096;CHEMBL344652;CHEMBL66570;CHEMBL67003;CHEMBL67057;CHEMBL80155,BRICS,True
GEN_E9E14917,O=C(O)c1ncnc2ccc(N/N=N/CCN3CCN(c4cc(O)c(O)c(-c5ccc(O)c(O)c5)c4)CC3)cc12,CHEMBL137364;CHEMBL296407;CHEMBL305194;CHEMBL66570;CHEMBL76904;CHEMBL80155,BRICS,True
GEN_3C137B2E,O=C(O)c1ncnc2ccc(N/N=N/CCN3CCN(c4cc(O)c(O)c(-c5ccc(O)cc5)c4)CC3)cc12,CHEMBL137364;CHEMBL305194;CHEMBL66570;CHEMBL76589;CHEMBL80155,BRICS,True
GEN_68284724,O=C(O)c1ncnc2ccc(N/N=N/CCN3CCN(c4cc(O)c(O)c(-c5cc(O)c(O)c(O)c5)c4)CC3)cc12,CHEMBL137364;CHEMBL305194;CHEMBL309598;CHEMBL310798;CHEMBL66570;CHEMBL80155,BRICS,True
GEN_DA4D060E,COc1cc(N2CCN(CC/N=N/Nc3ccc4ncnc(C(=O)O)c4c3)CC2)cc(O)c1O,CHEMBL137364;CHEMBL305194;CHEMBL66570;CHEMBL80155,BRICS,True
GEN_C0412314,CN1CCN(c2cc(N3CCN(CC/N=N/Nc4ccc5ncnc(C(=O)O)c5c4)CC3)cc(O)c2O)CC1,CHEMBL137364;CHEMBL305194;CHEMBL66570;CHEMBL69964;CHEMBL80155,BRICS,True
GEN_9C5E9ABD,O=C(O)c1ncnc2ccc(N/N=N/CCN3CCN(c4cc(O)c(O)c(N5CCOCC5)c4)CC3)cc12,CHEMBL137364;CHEMBL302552;CHEMBL305194;CHEMBL443268;CHEMBL65848;CHEMBL66570;CHEMBL67003;CHEMBL67057;CHEMBL69629;CHEMBL69960;CHEMBL80155,BRICS,True
GEN_23471EE8,C/N=N/Nc1ccc2ncnc(-c3cc(N4CCN(CC/N=N/Nc5ccc6ncnc(C(=O)O)c6c5)CC4)cc(O)c3O)c2c1,CHEMBL133024;CHEMBL135592;CHEMBL137364;CHEMBL305194;CHEMBL66570;CHEMBL80155,BRICS,True
GEN_718EF5CA,Cc1cc(C)c(-c2cc(N3CCN(CC/N=N/Nc4ccc5ncnc(C(=O)O)c5c4)CC3)cc(O)c2O)[nH]1,CHEMBL137364;CHEMBL305194;CHEMBL66570;CHEMBL68920;CHEMBL80155,BRICS,True
GEN_54F9AC00,O=C(O)c1ncnc2ccc(N/N=N/CCN3CCN(c4cc(O)c(O)c(-c5ccccn5)c4)CC3)cc12,CHEMBL137364;CHEMBL137635;CHEMBL138125;CHEMBL305194;CHEMBL66570;CHEMBL80155,BRICS,True
GEN_43571313,Nc1ccc2ncnc(-c3cc(N4CCN(CC/N=N/Nc5ccc6ncnc(C(=O)O)c6c5)CC4)cc(O)c3O)c2c1,CHEMBL136492;CHEMBL137364;CHEMBL305194;CHEMBL332096;CHEMBL336113;CHEMBL343352;CHEMBL52765;CHEMBL66570;CHEMBL80155,BRICS,True
GEN_555C9F8A,CN(C)/N=N/c1ccc2ncnc(-c3cc(N4CCN(CC/N=N/Nc5ccc6ncnc(C(=O)O)c6c5)CC4)cc(O)c3O)c2c1,CHEMBL136491;CHEMBL137364;CHEMBL305194;CHEMBL344652;CHEMBL66570;CHEMBL80155,BRICS,True
GEN_3B908796,O=C(O)CCc1cc(N2CCN(CC/N=N/Nc3ccc4ncnc(C(=O)O)c4c3)CC2)cc(O)c1O,CHEMBL137364;CHEMBL305194;CHEMBL308645;CHEMBL66570;CHEMBL80155,BRICS,True
GEN_D77EFBEE,Cc1cc(N2CCN(C)CC2)[nH]c1N1CCN(CC/N=N/Nc2ccc3ncnc(C(=O)O)c3c2)CC1,CHEMBL137364;CHEMBL304271;CHEMBL305194;CHEMBL308645;CHEMBL443268;CHEMBL65848;CHEMBL66570;CHEMBL67003;CHEMBL67057;CHEMBL69629;CHEMBL69960;CHEMBL69964,BRICS,True
GEN_579CFBA2,Cc1cc(N2CCOCC2)[nH]c1N1CCN(CC/N=N/Nc2ccc3ncnc(C(=O)O)c3c2)CC1,CHEMBL137364;CHEMBL302552;CHEMBL304271;CHEMBL305194;CHEMBL308645;CHEMBL443268;CHEMBL65848;CHEMBL66570;CHEMBL67003;CHEMBL67057;CHEMBL69629;CHEMBL69960;CHEMBL69964,BRICS,True
GEN_91E84C17,COc1cc(C)c(N2CCN(CC/N=N/Nc3ccc4ncnc(C(=O)O)c4c3)CC2)[nH]1,CHEMBL137364;CHEMBL304271;CHEMBL305194;CHEMBL308645;CHEMBL443268;CHEMBL65848;CHEMBL66570;CHEMBL67003;CHEMBL67057;CHEMBL69629;CHEMBL69960;CHEMBL69964;CHEMBL80155,BRICS,True
GEN_D9A496F6,C/N=N/Nc1ccc2ncnc(-c3cc(C)c(N4CCN(CC/N=N/Nc5ccc6ncnc(C(=O)O)c6c5)CC4)[nH]3)c2c1,CHEMBL133024;CHEMBL135592;CHEMBL137364;CHEMBL304271;CHEMBL305194;CHEMBL308645;CHEMBL443268;CHEMBL65848;CHEMBL66570;CHEMBL67003;CHEMBL67057;CHEMBL69629;CHEMBL69960;CHEMBL69964,BRICS,True
GEN_5FCAD50D,Cc1cc(C)c(-c2cc(C)c(N3CCN(CC/N=N/Nc4ccc5ncnc(C(=O)O)c5c4)CC3)[nH]2)[nH]1,CHEMBL137364;CHEMBL304271;CHEMBL305194;CHEMBL308645;CHEMBL443268;CHEMBL65848;CHEMBL66570;CHEMBL67003;CHEMBL67057;CHEMBL68920;CHEMBL69629;CHEMBL69960;CHEMBL69964,BRICS,True
GEN_3CEEE5A4,Cc1cc(-c2ccccn2)[nH]c1N1CCN(CC/N=N/Nc2ccc3ncnc(C(=O)O)c3c2)CC1,CHEMBL137364;CHEMBL137635;CHEMBL138125;CHEMBL304271;CHEMBL305194;CHEMBL308645;CHEMBL443268;CHEMBL65848;CHEMBL66570;CHEMBL67003;CHEMBL67057;CHEMBL69629;CHEMBL69960;CHEMBL69964,BRICS,True
GEN_C8535037,Cc1cc(-c2ncnc3ccc(N)cc23)[nH]c1N1CCN(CC/N=N/Nc2ccc3ncnc(C(=O)O)c3c2)CC1,CHEMBL136492;CHEMBL137364;CHEMBL304271;CHEMBL305194;CHEMBL308645;CHEMBL332096;CHEMBL336113;CHEMBL343352;CHEMBL443268;CHEMBL52765;CHEMBL65848;CHEMBL66570;CHEMBL67003;CHEMBL67057;CHEMBL69629;CHEMBL69960;CHEMBL69964,BRICS,True
GEN_578BC1EB,Cc1cc(-c2ncnc3ccc(/N=N/N(C)C)cc23)[nH]c1N1CCN(CC/N=N/Nc2ccc3ncnc(C(=O)O)c3c2)CC1,CHEMBL136491;CHEMBL137364;CHEMBL304271;CHEMBL305194;CHEMBL308645;CHEMBL344652;CHEMBL443268;CHEMBL65848;CHEMBL66570;CHEMBL67003;CHEMBL67057;CHEMBL69629;CHEMBL69960;CHEMBL69964,BRICS,True
GEN_34684336,Cc1cc(CCC(=O)O)[nH]c1N1CCN(CC/N=N/Nc2ccc3ncnc(C(=O)O)c3c2)CC1,CHEMBL137364;CHEMBL304271;CHEMBL305194;CHEMBL308645;CHEMBL443268;CHEMBL65848;CHEMBL66570;CHEMBL67003;CHEMBL67057;CHEMBL69629;CHEMBL69960;CHEMBL69964,BRICS,True
GEN_04F6DAD0,Cc1cc(-c2cc(O)ccc2[N+](=O)[O-])[nH]c1N1CCN(CC/N=N/Nc2ccc3ncnc(C(=O)O)c3c2)CC1,CHEMBL137364;CHEMBL304271;CHEMBL305194;CHEMBL308645;CHEMBL443268;CHEMBL65848;CHEMBL66570;CHEMBL67003;CHEMBL67057;CHEMBL69629;CHEMBL69960;CHEMBL69964;CHEMBL77085,BRICS,True
GEN_EA94063F,Cc1cc(-c2ccc(C=O)cc2)[nH]c1N1CCN(CC/N=N/Nc2ccc3ncnc(C(=O)O)c3c2)CC1,CHEMBL137364;CHEMBL304271;CHEMBL305194;CHEMBL308645;CHEMBL311119;CHEMBL443268;CHEMBL65848;CHEMBL66570;CHEMBL67003;CHEMBL67057;CHEMBL69629;CHEMBL69960;CHEMBL69964;CHEMBL76985,BRICS,True
GEN_D6805ABF,Cc1cc(-c2cccc(Br)c2)[nH]c1N1CCN(CC/N=N/Nc2ccc3ncnc(C(=O)O)c3c2)CC1,CHEMBL137364;CHEMBL138125;CHEMBL304271;CHEMBL305194;CHEMBL308645;CHEMBL443268;CHEMBL52765;CHEMBL65848;CHEMBL66570;CHEMBL67003;CHEMBL67057;CHEMBL69629;CHEMBL69960;CHEMBL69964,BRICS,True
GEN_D66D673D,Cc1cc(-c2cccc(Cl)c2)[nH]c1N1CCN(CC/N=N/Nc2ccc3ncnc(C(=O)O)c3c2)CC1,CHEMBL133024;CHEMBL136491;CHEMBL137364;CHEMBL304271;CHEMBL305194;CHEMBL308645;CHEMBL343352;CHEMBL443268;CHEMBL65848;CHEMBL66570;CHEMBL67003;CHEMBL67057;CHEMBL69629;CHEMBL69960;CHEMBL69964,BRICS,True
GEN_EBD81E78,Cc1cccc(-c2cc(C)c(N3CCN(CC/N=N/Nc4ccc5ncnc(C(=O)O)c5c4)CC3)[nH]2)c1,CHEMBL137364;CHEMBL304271;CHEMBL305194;CHEMBL308645;CHEMBL336113;CHEMBL443268;CHEMBL65848;CHEMBL66570;CHEMBL67003;CHEMBL67057;CHEMBL69629;CHEMBL69960;CHEMBL69964,BRICS,True
GEN_974181F7,Cc1cc(-c2ccc(F)c(Cl)c2)[nH]c1N1CCN(CC/N=N/Nc2ccc3ncnc(C(=O)O)c3c2)CC1,CHEMBL137364;CHEMBL302552;CHEMBL304271;CHEMBL305194;CHEMBL308645;CHEMBL432903;CHEMBL443268;CHEMBL65848;CHEMBL66570;CHEMBL67003;CHEMBL67057;CHEMBL68920;CHEMBL69629;CHEMBL69960;CHEMBL69964,BRICS,True
GEN_E62A7EB8,Cc1cc(-c2ccc3c(c2)CCC3)[nH]c1N1CCN(CC/N=N/Nc2ccc3ncnc(C(=O)O)c3c2)CC1,CHEMBL137364;CHEMBL304271;CHEMBL305194;CHEMBL308645;CHEMBL443268;CHEMBL65848;CHEMBL66570;CHEMBL67003;CHEMBL67057;CHEMBL69629;CHEMBL69960;CHEMBL69964,BRICS,True
GEN_0ECACD3D,Cc1cc(-c2ccc(O)c([N+](=O)[O-])c2)[nH]c1N1CCN(CC/N=N/Nc2ccc3ncnc(C(=O)O)c3c2)CC1,CHEMBL137364;CHEMBL304271;CHEMBL305194;CHEMBL308645;CHEMBL309625;CHEMBL443268;CHEMBL65848;CHEMBL66570;CHEMBL67003;CHEMBL67057;CHEMBL69629;CHEMBL69960;CHEMBL69964,BRICS,True
GEN_03C38E87,Cc1cc(-c2cc(O)cc(O)c2)[nH]c1N1CCN(CC/N=N/Nc2ccc3ncnc(C(=O)O)c3c2)CC1,CHEMBL137364;CHEMBL304271;CHEMBL305194;CHEMBL308645;CHEMBL443268;CHEMBL65848;CHEMBL66570;CHEMBL67003;CHEMBL67057;CHEMBL69629;CHEMBL69960;CHEMBL69964;CHEMBL76905,BRICS,True
GEN_81179C12,Cc1cc(-c2cc(O)ccc2O)[nH]c1N1CCN(CC/N=N/Nc2ccc3ncnc(C(=O)O)c3c2)CC1,CHEMBL137364;CHEMBL304271;CHEMBL305194;CHEMBL308645;CHEMBL443268;CHEMBL65848;CHEMBL66570;CHEMBL67003;CHEMBL67057;CHEMBL69629;CHEMBL69960;CHEMBL69964;CHEMBL76642,BRICS,True
GEN_6DC5B3CF,Cc1cc(-c2ccccc2)[nH]c1N1CCN(CC/N=N/Nc2ccc3ncnc(C(=O)O)c3c2)CC1,CHEMBL135592;CHEMBL136492;CHEMBL137364;CHEMBL137635;CHEMBL304271;CHEMBL305194;CHEMBL308645;CHEMBL332096;CHEMBL344652;CHEMBL443268;CHEMBL65848;CHEMBL66570;CHEMBL67003;CHEMBL67057;CHEMBL69629;CHEMBL69960;CHEMBL69964,BRICS,True
GEN_A3E10745,Cc1cc(-c2ccc(O)c(O)c2)[nH]c1N1CCN(CC/N=N/Nc2ccc3ncnc(C(=O)O)c3c2)CC1,CHEMBL137364;CHEMBL296407;CHEMBL304271;CHEMBL305194;CHEMBL308645;CHEMBL443268;CHEMBL65848;CHEMBL66570;CHEMBL67003;CHEMBL67057;CHEMBL69629;CHEMBL69960;CHEMBL69964;CHEMBL76904,BRICS,True
GEN_F3298204,Cc1cc(-c2ccc(O)cc2)[nH]c1N1CCN(CC/N=N/Nc2ccc3ncnc(C(=O)O)c3c2)CC1,CHEMBL137364;CHEMBL304271;CHEMBL305194;CHEMBL308645;CHEMBL443268;CHEMBL65848;CHEMBL66570;CHEMBL67003;CHEMBL67057;CHEMBL69629;CHEMBL69960;CHEMBL69964;CHEMBL76589,BRICS,True
GEN_03EBE532,Cc1cc(-c2cc(O)c(O)c(O)c2)[nH]c1N1CCN(CC/N=N/Nc2ccc3ncnc(C(=O)O)c3c2)CC1,CHEMBL137364;CHEMBL304271;CHEMBL305194;CHEMBL308645;CHEMBL309598;CHEMBL310798;CHEMBL443268;CHEMBL65848;CHEMBL66570;CHEMBL67003;CHEMBL67057;CHEMBL69629;CHEMBL69960;CHEMBL69964,BRICS,True
GEN_7CF4AAA0,Cc1cc(C(=O)O)[nH]c1N1CCN(CC/N=N/Nc2ccc3ncnc(C(=O)O)c3c2)CC1,CHEMBL137364;CHEMBL304271;CHEMBL305194;CHEMBL308645;CHEMBL443268;CHEMBL65848;CHEMBL66570;CHEMBL67003;CHEMBL67057;CHEMBL69629;CHEMBL69960;CHEMBL69964,BRICS,True
GEN_6AF4741D,COCCN1CCN(CC/N=N/Nc2ccc3ncnc(C(=O)O)c3c2)CC1,CHEMBL137364;CHEMBL302552;CHEMBL305194;CHEMBL432903;CHEMBL443268;CHEMBL66570;CHEMBL69629;CHEMBL80155,BRICS,True
GEN_84C13EB8,CN1CCN(CCN2CCN(CC/N=N/Nc3ccc4ncnc(C(=O)O)c4c3)CC2)CC1,CHEMBL137364;CHEMBL302552;CHEMBL305194;CHEMBL432903;CHEMBL443268;CHEMBL66570;CHEMBL69629;CHEMBL69964,BRICS,True
GEN_B9E5A243,O=C(O)c1ncnc2ccc(N/N=N/CCN3CCN(CCN4CCOCC4)CC3)cc12,CHEMBL137364;CHEMBL302552;CHEMBL305194;CHEMBL432903;CHEMBL443268;CHEMBL65848;CHEMBL66570;CHEMBL67003;CHEMBL67057;CHEMBL69629;CHEMBL69960,BRICS,True
GEN_358E143F,COCC(O)CN1CCN(CC/N=N/Nc2ccc3ncnc(C(=O)O)c3c2)CC1,CHEMBL137364;CHEMBL304271;CHEMBL305194;CHEMBL66570;CHEMBL80155,BRICS,True
GEN_8E4F2419,CN1CCN(CC(O)CN2CCN(CC/N=N/Nc3ccc4ncnc(C(=O)O)c4c3)CC2)CC1,CHEMBL137364;CHEMBL304271;CHEMBL305194;CHEMBL66570;CHEMBL69964,BRICS,True
GEN_34F9CA3D,O=C(O)c1ncnc2ccc(N/N=N/CCN3CCN(CC(O)CN4CCOCC4)CC3)cc12,CHEMBL137364;CHEMBL302552;CHEMBL304271;CHEMBL305194;CHEMBL443268;CHEMBL65848;CHEMBL66570;CHEMBL67003;CHEMBL67057;CHEMBL69629;CHEMBL69960,BRICS,True
GEN_5AAD3A3B,Cc1[nH]c(N2CCN(CC/N=N/Nc3ccc4ncnc(C(=O)O)c4c3)CC2)c(C)c1C(=O)O,CHEMBL137364;CHEMBL305194;CHEMBL432903;CHEMBL66570,BRICS,True
GEN_AFD46E62,Cc1[nH]c(N2CCN(CC/N=N/Nc3ccc4ncnc(C(=O)O)c4c3)CC2)c(C)c1-c1cc(O)ccc1[N+](=O)[O-],CHEMBL137364;CHEMBL305194;CHEMBL432903;CHEMBL66570;CHEMBL77085,BRICS,True
GEN_F81958B2,Cc1[nH]c(N2CCN(CC/N=N/Nc3ccc4ncnc(C(=O)O)c4c3)CC2)c(C)c1-c1ccc(C=O)cc1,CHEMBL137364;CHEMBL305194;CHEMBL311119;CHEMBL432903;CHEMBL66570;CHEMBL76985,BRICS,True
GEN_C1E796D7,Cc1[nH]c(N2CCN(CC/N=N/Nc3ccc4ncnc(C(=O)O)c4c3)CC2)c(C)c1-c1cccc(Br)c1,CHEMBL137364;CHEMBL138125;CHEMBL305194;CHEMBL432903;CHEMBL52765;CHEMBL66570,BRICS,True
GEN_1815DD23,Cc1[nH]c(N2CCN(CC/N=N/Nc3ccc4ncnc(C(=O)O)c4c3)CC2)c(C)c1-c1cccc(Cl)c1,CHEMBL133024;CHEMBL136491;CHEMBL137364;CHEMBL305194;CHEMBL343352;CHEMBL432903;CHEMBL66570,BRICS,True
GEN_1FF3C498,Cc1cccc(-c2c(C)[nH]c(N3CCN(CC/N=N/Nc4ccc5ncnc(C(=O)O)c5c4)CC3)c2C)c1,CHEMBL137364;CHEMBL305194;CHEMBL336113;CHEMBL432903;CHEMBL66570,BRICS,True
GEN_F50A1338,Cc1[nH]c(N2CCN(CC/N=N/Nc3ccc4ncnc(C(=O)O)c4c3)CC2)c(C)c1-c1ccc(F)c(Cl)c1,CHEMBL137364;CHEMBL302552;CHEMBL304271;CHEMBL305194;CHEMBL308645;CHEMBL432903;CHEMBL443268;CHEMBL66570;CHEMBL68920;CHEMBL69629;CHEMBL69960;CHEMBL69964,BRICS,True
GEN_6EF52DBD,Cc1[nH]c(N2CCN(CC/N=N/Nc3ccc4ncnc(C(=O)O)c4c3)CC2)c(C)c1-c1ccc2c(c1)CCC2,CHEMBL137364;CHEMBL305194;CHEMBL432903;CHEMBL65848;CHEMBL66570,BRICS,True
GEN_0B769E62,Cc1[nH]c(N2CCN(CC/N=N/Nc3ccc4ncnc(C(=O)O)c4c3)CC2)c(C)c1-c1ccc(O)c([N+](=O)[O-])c1,CHEMBL137364;CHEMBL305194;CHEMBL309625;CHEMBL432903;CHEMBL66570,BRICS,True
GEN_BC933A57,Cc1[nH]c(N2CCN(CC/N=N/Nc3ccc4ncnc(C(=O)O)c4c3)CC2)c(C)c1-c1cc(O)cc(O)c1,CHEMBL137364;CHEMBL305194;CHEMBL432903;CHEMBL66570;CHEMBL76905,BRICS,True
GEN_7ABAC8F8,Cc1[nH]c(N2CCN(CC/N=N/Nc3ccc4ncnc(C(=O)O)c4c3)CC2)c(C)c1-c1cc(O)ccc1O,CHEMBL137364;CHEMBL305194;CHEMBL432903;CHEMBL66570;CHEMBL76642,BRICS,True
GEN_7A023234,Cc1[nH]c(N2CCN(CC/N=N/Nc3ccc4ncnc(C(=O)O)c4c3)CC2)c(C)c1-c1ccccc1,CHEMBL135592;CHEMBL136492;CHEMBL137364;CHEMBL137635;CHEMBL305194;CHEMBL332096;CHEMBL344652;CHEMBL432903;CHEMBL66570;CHEMBL67003;CHEMBL67057,BRICS,True
GEN_25F6D983,Cc1[nH]c(N2CCN(CC/N=N/Nc3ccc4ncnc(C(=O)O)c4c3)CC2)c(C)c1-c1ccc(O)c(O)c1,CHEMBL137364;CHEMBL296407;CHEMBL305194;CHEMBL432903;CHEMBL66570;CHEMBL76904,BRICS,True
GEN_17F6F33B,Cc1[nH]c(N2CCN(CC/N=N/Nc3ccc4ncnc(C(=O)O)c4c3)CC2)c(C)c1-c1ccc(O)cc1,CHEMBL137364;CHEMBL305194;CHEMBL432903;CHEMBL66570;CHEMBL76589,BRICS,True
GEN_9B36F627,Cc1[nH]c(N2CCN(CC/N=N/Nc3ccc4ncnc(C(=O)O)c4c3)CC2)c(C)c1-c1cc(O)c(O)c(O)c1,CHEMBL137364;CHEMBL305194;CHEMBL309598;CHEMBL310798;CHEMBL432903;CHEMBL66570,BRICS,True
GEN_543842EF,COc1c(C)[nH]c(N2CCN(CC/N=N/Nc3ccc4ncnc(C(=O)O)c4c3)CC2)c1C,CHEMBL137364;CHEMBL305194;CHEMBL432903;CHEMBL66570;CHEMBL80155,BRICS,True
GEN_81E643B0,Cc1[nH]c(N2CCN(CC/N=N/Nc3ccc4ncnc(C(=O)O)c4c3)CC2)c(C)c1N1CCN(C)CC1,CHEMBL137364;CHEMBL305194;CHEMBL432903;CHEMBL66570;CHEMBL69964,BRICS,True
GEN_71B878F1,Cc1[nH]c(N2CCN(CC/N=N/Nc3ccc4ncnc(C(=O)O)c4c3)CC2)c(C)c1N1CCOCC1,CHEMBL137364;CHEMBL302552;CHEMBL305194;CHEMBL432903;CHEMBL443268;CHEMBL65848;CHEMBL66570;CHEMBL67003;CHEMBL67057;CHEMBL69629;CHEMBL69960,BRICS,True
GEN_153C9D25,C/N=N/Nc1ccc2ncnc(-c3c(C)[nH]c(N4CCN(CC/N=N/Nc5ccc6ncnc(C(=O)O)c6c5)CC4)c3C)c2c1,CHEMBL133024;CHEMBL135592;CHEMBL137364;CHEMBL305194;CHEMBL432903;CHEMBL66570,BRICS,True
GEN_BE663C62,Cc1cc(C)c(-c2c(C)[nH]c(N3CCN(CC/N=N/Nc4ccc5ncnc(C(=O)O)c5c4)CC3)c2C)[nH]1,CHEMBL137364;CHEMBL305194;CHEMBL432903;CHEMBL66570;CHEMBL68920,BRICS,True
GEN_A0AA251F,Cc1[nH]c(N2CCN(CC/N=N/Nc3ccc4ncnc(C(=O)O)c4c3)CC2)c(C)c1-c1ccccn1,CHEMBL137364;CHEMBL137635;CHEMBL138125;CHEMBL305194;CHEMBL432903;CHEMBL66570,BRICS,True
GEN_9E7E978B,Cc1[nH]c(N2CCN(CC/N=N/Nc3ccc4ncnc(C(=O)O)c4c3)CC2)c(C)c1-c1ncnc2ccc(N)cc12,CHEMBL136492;CHEMBL137364;CHEMBL305194;CHEMBL332096;CHEMBL336113;CHEMBL343352;CHEMBL432903;CHEMBL52765;CHEMBL66570,BRICS,True
GEN_7614CF2D,Cc1[nH]c(N2CCN(CC/N=N/Nc3ccc4ncnc(C(=O)O)c4c3)CC2)c(C)c1-c1ncnc2ccc(/N=N/N(C)C)cc12,CHEMBL136491;CHEMBL137364;CHEMBL305194;CHEMBL344652;CHEMBL432903;CHEMBL66570,BRICS,True
GEN_6052501C,Cc1[nH]c(N2CCN(CC/N=N/Nc3ccc4ncnc(C(=O)O)c4c3)CC2)c(C)c1CCC(=O)O,CHEMBL137364;CHEMBL305194;CHEMBL308645;CHEMBL432903;CHEMBL66570,BRICS,True
GEN_E8145065,C/N=N/Nc1ccc2ncnc(NCC/N=N/Nc3ccc4ncnc(C(=O)O)c4c3)c2c1,CHEMBL133024;CHEMBL135592;CHEMBL136491;CHEMBL137364;CHEMBL138125;CHEMBL302552;CHEMBL304271;CHEMBL305194;CHEMBL308645;CHEMBL332096;CHEMBL336113;CHEMBL343352;CHEMBL432903;CHEMBL443268;CHEMBL52765;CHEMBL65848;CHEMBL66570;CHEMBL67003;CHEMBL67057;CHEMBL68920;CHEMBL69629;CHEMBL69960;CHEMBL69964,BRICS,True
GEN_E2A2DB0C,Cc1cc(C)c(NCC/N=N/Nc2ccc3ncnc(C(=O)O)c3c2)[nH]1,CHEMBL133024;CHEMBL136491;CHEMBL137364;CHEMBL138125;CHEMBL302552;CHEMBL304271;CHEMBL305194;CHEMBL308645;CHEMBL332096;CHEMBL336113;CHEMBL343352;CHEMBL432903;CHEMBL443268;CHEMBL52765;CHEMBL65848;CHEMBL66570;CHEMBL67003;CHEMBL67057;CHEMBL68920;CHEMBL69629;CHEMBL69960;CHEMBL69964,BRICS,True
GEN_F6187321,O=C(O)c1ncnc2ccc(N/N=N/CCNc3ccccn3)cc12,CHEMBL133024;CHEMBL136491;CHEMBL137364;CHEMBL137635;CHEMBL138125;CHEMBL302552;CHEMBL304271;CHEMBL305194;CHEMBL308645;CHEMBL332096;CHEMBL336113;CHEMBL343352;CHEMBL432903;CHEMBL443268;CHEMBL52765;CHEMBL65848;CHEMBL66570;CHEMBL67003;CHEMBL67057;CHEMBL68920;CHEMBL69629;CHEMBL69960;CHEMBL69964,BRICS,True
GEN_33904895,Nc1ccc2ncnc(NCC/N=N/Nc3ccc4ncnc(C(=O)O)c4c3)c2c1,CHEMBL133024;CHEMBL136491;CHEMBL136492;CHEMBL137364;CHEMBL138125;CHEMBL302552;CHEMBL304271;CHEMBL305194;CHEMBL308645;CHEMBL332096;CHEMBL336113;CHEMBL343352;CHEMBL432903;CHEMBL443268;CHEMBL52765;CHEMBL65848;CHEMBL66570;CHEMBL67003;CHEMBL67057;CHEMBL68920;CHEMBL69629;CHEMBL69960;CHEMBL69964,BRICS,True
GEN_2EE968D0,CN(C)/N=N/c1ccc2ncnc(NCC/N=N/Nc3ccc4ncnc(C(=O)O)c4c3)c2c1,CHEMBL133024;CHEMBL136491;CHEMBL137364;CHEMBL138125;CHEMBL302552;CHEMBL304271;CHEMBL305194;CHEMBL308645;CHEMBL332096;CHEMBL336113;CHEMBL343352;CHEMBL344652;CHEMBL432903;CHEMBL443268;CHEMBL52765;CHEMBL65848;CHEMBL66570;CHEMBL67003;CHEMBL67057;CHEMBL68920;CHEMBL69629;CHEMBL69960;CHEMBL69964,BRICS,True
GEN_42C6CFA6,O=C(O)c1ncnc2ccc(N/N=N/CCNc3cc(O)ccc3[N+](=O)[O-])cc12,CHEMBL133024;CHEMBL136491;CHEMBL137364;CHEMBL138125;CHEMBL302552;CHEMBL304271;CHEMBL305194;CHEMBL308645;CHEMBL332096;CHEMBL336113;CHEMBL343352;CHEMBL432903;CHEMBL443268;CHEMBL52765;CHEMBL65848;CHEMBL66570;CHEMBL67003;CHEMBL67057;CHEMBL68920;CHEMBL69629;CHEMBL69960;CHEMBL69964;CHEMBL77085,BRICS,True
GEN_2CAD3D67,O=Cc1ccc(NCC/N=N/Nc2ccc3ncnc(C(=O)O)c3c2)cc1,CHEMBL133024;CHEMBL136491;CHEMBL137364;CHEMBL138125;CHEMBL302552;CHEMBL304271;CHEMBL305194;CHEMBL308645;CHEMBL311119;CHEMBL332096;CHEMBL336113;CHEMBL343352;CHEMBL432903;CHEMBL443268;CHEMBL52765;CHEMBL65848;CHEMBL66570;CHEMBL67003;CHEMBL67057;CHEMBL68920;CHEMBL69629;CHEMBL69960;CHEMBL69964;CHEMBL76985,BRICS,True
GEN_D140F452,O=C(O)c1ncnc2ccc(N/N=N/CCNc3cccc(Br)c3)cc12,CHEMBL133024;CHEMBL136491;CHEMBL137364;CHEMBL138125;CHEMBL302552;CHEMBL304271;CHEMBL305194;CHEMBL308645;CHEMBL332096;CHEMBL336113;CHEMBL343352;CHEMBL432903;CHEMBL443268;CHEMBL52765;CHEMBL65848;CHEMBL66570;CHEMBL67003;CHEMBL67057;CHEMBL68920;CHEMBL69629;CHEMBL69960;CHEMBL69964,BRICS,True
GEN_466B56DF,O=C(O)c1ncnc2ccc(N/N=N/CCNc3cccc(Cl)c3)cc12,CHEMBL133024;CHEMBL136491;CHEMBL137364;CHEMBL138125;CHEMBL302552;CHEMBL304271;CHEMBL305194;CHEMBL308645;CHEMBL332096;CHEMBL336113;CHEMBL343352;CHEMBL432903;CHEMBL443268;CHEMBL52765;CHEMBL65848;CHEMBL66570;CHEMBL67003;CHEMBL67057;CHEMBL68920;CHEMBL69629;CHEMBL69960;CHEMBL69964,BRICS,True
GEN_C6FC49AA,Cc1cccc(NCC/N=N/Nc2ccc3ncnc(C(=O)O)c3c2)c1,CHEMBL133024;CHEMBL136491;CHEMBL137364;CHEMBL138125;CHEMBL302552;CHEMBL304271;CHEMBL305194;CHEMBL308645;CHEMBL332096;CHEMBL336113;CHEMBL343352;CHEMBL432903;CHEMBL443268;CHEMBL52765;CHEMBL65848;CHEMBL66570;CHEMBL67003;CHEMBL67057;CHEMBL68920;CHEMBL69629;CHEMBL69960;CHEMBL69964,BRICS,True
GEN_DC88AF6C,O=C(O)c1ncnc2ccc(N/N=N/CCNc3ccc(F)c(Cl)c3)cc12,CHEMBL133024;CHEMBL136491;CHEMBL137364;CHEMBL138125;CHEMBL302552;CHEMBL304271;CHEMBL305194;CHEMBL308645;CHEMBL332096;CHEMBL336113;CHEMBL343352;CHEMBL432903;CHEMBL443268;CHEMBL52765;CHEMBL65848;CHEMBL66570;CHEMBL67003;CHEMBL67057;CHEMBL68920;CHEMBL69629;CHEMBL69960;CHEMBL69964,BRICS,True
GEN_D2CE4DFF,O=C(O)c1ncnc2ccc(N/N=N/CCNc3ccc4c(c3)CCC4)cc12,CHEMBL133024;CHEMBL136491;CHEMBL137364;CHEMBL138125;CHEMBL302552;CHEMBL304271;CHEMBL305194;CHEMBL308645;CHEMBL332096;CHEMBL336113;CHEMBL343352;CHEMBL432903;CHEMBL443268;CHEMBL52765;CHEMBL65848;CHEMBL66570;CHEMBL67003;CHEMBL67057;CHEMBL68920;CHEMBL69629;CHEMBL69960;CHEMBL69964,BRICS,True
GEN_0D37216F,O=C(O)c1ncnc2ccc(N/N=N/CCNc3ccc(O)c([N+](=O)[O-])c3)cc12,CHEMBL133024;CHEMBL136491;CHEMBL137364;CHEMBL138125;CHEMBL302552;CHEMBL304271;CHEMBL305194;CHEMBL308645;CHEMBL309625;CHEMBL332096;CHEMBL336113;CHEMBL343352;CHEMBL432903;CHEMBL443268;CHEMBL52765;CHEMBL65848;CHEMBL66570;CHEMBL67003;CHEMBL67057;CHEMBL68920;CHEMBL69629;CHEMBL69960;CHEMBL69964,BRICS,True
GEN_CD2DF757,O=C(O)c1ncnc2ccc(N/N=N/CCNc3cc(O)cc(O)c3)cc12,CHEMBL133024;CHEMBL136491;CHEMBL137364;CHEMBL138125;CHEMBL302552;CHEMBL304271;CHEMBL305194;CHEMBL308645;CHEMBL332096;CHEMBL336113;CHEMBL343352;CHEMBL432903;CHEMBL443268;CHEMBL52765;CHEMBL65848;CHEMBL66570;CHEMBL67003;CHEMBL67057;CHEMBL68920;CHEMBL69629;CHEMBL69960;CHEMBL69964;CHEMBL76905,BRICS,True
GEN_81029EAD,O=C(O)c1ncnc2ccc(N/N=N/CCNc3cc(O)ccc3O)cc12,CHEMBL133024;CHEMBL136491;CHEMBL137364;CHEMBL138125;CHEMBL302552;CHEMBL304271;CHEMBL305194;CHEMBL308645;CHEMBL332096;CHEMBL336113;CHEMBL343352;CHEMBL432903;CHEMBL443268;CHEMBL52765;CHEMBL65848;CHEMBL66570;CHEMBL67003;CHEMBL67057;CHEMBL68920;CHEMBL69629;CHEMBL69960;CHEMBL69964;CHEMBL76642,BRICS,True
GEN_D272CD05,O=C(O)c1ncnc2ccc(N/N=N/CCNc3ccccc3)cc12,CHEMBL133024;CHEMBL135592;CHEMBL136491;CHEMBL136492;CHEMBL137364;CHEMBL137635;CHEMBL138125;CHEMBL302552;CHEMBL304271;CHEMBL305194;CHEMBL308645;CHEMBL332096;CHEMBL336113;CHEMBL343352;CHEMBL344652;CHEMBL432903;CHEMBL443268;CHEMBL52765;CHEMBL65848;CHEMBL66570;CHEMBL67003;CHEMBL67057;CHEMBL68920;CHEMBL69629;CHEMBL69960;CHEMBL69964,BRICS,True
GEN_6709D89B,O=C(O)c1ncnc2ccc(N/N=N/CCNc3ccc(O)c(O)c3)cc12,CHEMBL133024;CHEMBL136491;CHEMBL137364;CHEMBL138125;CHEMBL296407;CHEMBL302552;CHEMBL304271;CHEMBL305194;CHEMBL308645;CHEMBL332096;CHEMBL336113;CHEMBL343352;CHEMBL432903;CHEMBL443268;CHEMBL52765;CHEMBL65848;CHEMBL66570;CHEMBL67003;CHEMBL67057;CHEMBL68920;CHEMBL69629;CHEMBL69960;CHEMBL69964;CHEMBL76904,BRICS,True
GEN_4C6DC611,O=C(O)c1ncnc2ccc(N/N=N/CCNc3ccc(O)cc3)cc12,CHEMBL133024;CHEMBL136491;CHEMBL137364;CHEMBL138125;CHEMBL302552;CHEMBL304271;CHEMBL305194;CHEMBL308645;CHEMBL332096;CHEMBL336113;CHEMBL343352;CHEMBL432903;CHEMBL443268;CHEMBL52765;CHEMBL65848;CHEMBL66570;CHEMBL67003;CHEMBL67057;CHEMBL68920;CHEMBL69629;CHEMBL69960;CHEMBL69964;CHEMBL76589,BRICS,True
GEN_77246757,O=C(O)c1ncnc2ccc(N/N=N/CCNc3cc(O)c(O)c(O)c3)cc12,CHEMBL133024;CHEMBL136491;CHEMBL137364;CHEMBL138125;CHEMBL302552;CHEMBL304271;CHEMBL305194;CHEMBL308645;CHEMBL309598;CHEMBL310798;CHEMBL332096;CHEMBL336113;CHEMBL343352;CHEMBL432903;CHEMBL443268;CHEMBL52765;CHEMBL65848;CHEMBL66570;CHEMBL67003;CHEMBL67057;CHEMBL68920;CHEMBL69629;CHEMBL69960;CHEMBL69964,BRICS,True
GEN_ACD4E3EB,CCNCC/N=N/Nc1ccc2ncnc(C(=O)O)c2c1,CHEMBL133024;CHEMBL136491;CHEMBL137364;CHEMBL138125;CHEMBL302552;CHEMBL304271;CHEMBL305194;CHEMBL308645;CHEMBL332096;CHEMBL336113;CHEMBL343352;CHEMBL432903;CHEMBL443268;CHEMBL52765;CHEMBL65848;CHEMBL66570;CHEMBL67003;CHEMBL67057;CHEMBL68920;CHEMBL69629;CHEMBL69960;CHEMBL69964,BRICS,True
GEN_B64D91E0,COCCNCC/N=N/Nc1ccc2ncnc(C(=O)O)c2c1,CHEMBL133024;CHEMBL136491;CHEMBL137364;CHEMBL138125;CHEMBL302552;CHEMBL304271;CHEMBL305194;CHEMBL308645;CHEMBL332096;CHEMBL336113;CHEMBL343352;CHEMBL432903;CHEMBL443268;CHEMBL52765;CHEMBL65848;CHEMBL66570;CHEMBL67003;CHEMBL67057;CHEMBL68920;CHEMBL69629;CHEMBL69960;CHEMBL69964;CHEMBL80155,BRICS,True
GEN_C5206917,CN1CCN(CCNCC/N=N/Nc2ccc3ncnc(C(=O)O)c3c2)CC1,CHEMBL133024;CHEMBL136491;CHEMBL137364;CHEMBL138125;CHEMBL302552;CHEMBL304271;CHEMBL305194;CHEMBL308645;CHEMBL332096;CHEMBL336113;CHEMBL343352;CHEMBL432903;CHEMBL443268;CHEMBL52765;CHEMBL65848;CHEMBL66570;CHEMBL67003;CHEMBL67057;CHEMBL68920;CHEMBL69629;CHEMBL69960;CHEMBL69964,BRICS,True
GEN_DE012456,O=C(O)c1ncnc2ccc(N/N=N/CCNCCN3CCOCC3)cc12,CHEMBL133024;CHEMBL136491;CHEMBL137364;CHEMBL138125;CHEMBL302552;CHEMBL304271;CHEMBL305194;CHEMBL308645;CHEMBL332096;CHEMBL336113;CHEMBL343352;CHEMBL432903;CHEMBL443268;CHEMBL52765;CHEMBL65848;CHEMBL66570;CHEMBL67003;CHEMBL67057;CHEMBL68920;CHEMBL69629;CHEMBL69960;CHEMBL69964,BRICS,True
GEN_99CF2167,COc1cc(C)c(NCC/N=N/Nc2ccc3ncnc(C(=O)O)c3c2)[nH]1,CHEMBL133024;CHEMBL136491;CHEMBL137364;CHEMBL138125;CHEMBL302552;CHEMBL304271;CHEMBL305194;CHEMBL308645;CHEMBL332096;CHEMBL336113;CHEMBL343352;CHEMBL432903;CHEMBL443268;CHEMBL52765;CHEMBL65848;CHEMBL66570;CHEMBL67003;CHEMBL67057;CHEMBL68920;CHEMBL69629;CHEMBL69960;CHEMBL69964;CHEMBL80155,BRICS,True
GEN_F82920D5,Cc1cc(CCC(=O)O)[nH]c1NCC/N=N/Nc1ccc2ncnc(C(=O)O)c2c1,CHEMBL133024;CHEMBL136491;CHEMBL137364;CHEMBL138125;CHEMBL302552;CHEMBL304271;CHEMBL305194;CHEMBL308645;CHEMBL332096;CHEMBL336113;CHEMBL343352;CHEMBL432903;CHEMBL443268;CHEMBL52765;CHEMBL65848;CHEMBL66570;CHEMBL67003;CHEMBL67057;CHEMBL68920;CHEMBL69629;CHEMBL69960;CHEMBL69964,BRICS,True
GEN_52E68B86,C/N=N/Nc1ccc2ncnc(-c3cc(C)c(NCC/N=N/Nc4ccc5ncnc(C(=O)O)c5c4)[nH]3)c2c1,CHEMBL133024;CHEMBL135592;CHEMBL136491;CHEMBL137364;CHEMBL138125;CHEMBL302552;CHEMBL304271;CHEMBL305194;CHEMBL308645;CHEMBL332096;CHEMBL336113;CHEMBL343352;CHEMBL432903;CHEMBL443268;CHEMBL52765;CHEMBL65848;CHEMBL66570;CHEMBL67003;CHEMBL67057;CHEMBL68920;CHEMBL69629;CHEMBL69960;CHEMBL69964,BRICS,True
GEN_7FFB4AAE,Cc1cc(C)c(-c2cc(C)c(NCC/N=N/Nc3ccc4ncnc(C(=O)O)c4c3)[nH]2)[nH]1,CHEMBL133024;CHEMBL136491;CHEMBL137364;CHEMBL138125;CHEMBL302552;CHEMBL304271;CHEMBL305194;CHEMBL308645;CHEMBL332096;CHEMBL336113;CHEMBL343352;CHEMBL432903;CHEMBL443268;CHEMBL52765;CHEMBL65848;CHEMBL66570;CHEMBL67003;CHEMBL67057;CHEMBL68920;CHEMBL69629;CHEMBL69960;CHEMBL69964,BRICS,True
GEN_18B92AA6,Cc1cc(-c2ccccn2)[nH]c1NCC/N=N/Nc1ccc2ncnc(C(=O)O)c2c1,CHEMBL133024;CHEMBL136491;CHEMBL137364;CHEMBL137635;CHEMBL138125;CHEMBL302552;CHEMBL304271;CHEMBL305194;CHEMBL308645;CHEMBL332096;CHEMBL336113;CHEMBL343352;CHEMBL432903;CHEMBL443268;CHEMBL52765;CHEMBL65848;CHEMBL66570;CHEMBL67003;CHEMBL67057;CHEMBL68920;CHEMBL69629;CHEMBL69960;CHEMBL69964,BRICS,True
GEN_5E68107B,Cc1cc(-c2ncnc3ccc(N)cc23)[nH]c1NCC/N=N/Nc1ccc2ncnc(C(=O)O)c2c1,CHEMBL133024;CHEMBL136491;CHEMBL136492;CHEMBL137364;CHEMBL138125;CHEMBL302552;CHEMBL304271;CHEMBL305194;CHEMBL308645;CHEMBL332096;CHEMBL336113;CHEMBL343352;CHEMBL432903;CHEMBL443268;CHEMBL52765;CHEMBL65848;CHEMBL66570;CHEMBL67003;CHEMBL67057;CHEMBL68920;CHEMBL69629;CHEMBL69960;CHEMBL69964,BRICS,True
GEN_8C0284B7,Cc1cc(-c2ncnc3ccc(/N=N/N(C)C)cc23)[nH]c1NCC/N=N/Nc1ccc2ncnc(C(=O)O)c2c1,CHEMBL133024;CHEMBL136491;CHEMBL137364;CHEMBL138125;CHEMBL302552;CHEMBL304271;CHEMBL305194;CHEMBL308645;CHEMBL332096;CHEMBL336113;CHEMBL343352;CHEMBL344652;CHEMBL432903;CHEMBL443268;CHEMBL52765;CHEMBL65848;CHEMBL66570;CHEMBL67003;CHEMBL67057;CHEMBL68920;CHEMBL69629;CHEMBL69960;CHEMBL69964,BRICS,True
GEN_6ACFAA6D,Cc1cc(-c2cc(O)ccc2[N+](=O)[O-])[nH]c1NCC/N=N/Nc1ccc2ncnc(C(=O)O)c2c1,CHEMBL133024;CHEMBL136491;CHEMBL137364;CHEMBL138125;CHEMBL302552;CHEMBL304271;CHEMBL305194;CHEMBL308645;CHEMBL332096;CHEMBL336113;CHEMBL343352;CHEMBL432903;CHEMBL443268;CHEMBL52765;CHEMBL65848;CHEMBL66570;CHEMBL67003;CHEMBL67057;CHEMBL68920;CHEMBL69629;CHEMBL69960;CHEMBL69964;CHEMBL77085,BRICS,True
GEN_0462F30B,Cc1cc(-c2ccc(C=O)cc2)[nH]c1NCC/N=N/Nc1ccc2ncnc(C(=O)O)c2c1,CHEMBL133024;CHEMBL136491;CHEMBL137364;CHEMBL138125;CHEMBL302552;CHEMBL304271;CHEMBL305194;CHEMBL308645;CHEMBL311119;CHEMBL332096;CHEMBL336113;CHEMBL343352;CHEMBL432903;CHEMBL443268;CHEMBL52765;CHEMBL65848;CHEMBL66570;CHEMBL67003;CHEMBL67057;CHEMBL68920;CHEMBL69629;CHEMBL69960;CHEMBL69964;CHEMBL76985,BRICS,True
GEN_09987F4A,Cc1cc(-c2cccc(Br)c2)[nH]c1NCC/N=N/Nc1ccc2ncnc(C(=O)O)c2c1,CHEMBL133024;CHEMBL136491;CHEMBL137364;CHEMBL138125;CHEMBL302552;CHEMBL304271;CHEMBL305194;CHEMBL308645;CHEMBL332096;CHEMBL336113;CHEMBL343352;CHEMBL432903;CHEMBL443268;CHEMBL52765;CHEMBL65848;CHEMBL66570;CHEMBL67003;CHEMBL67057;CHEMBL68920;CHEMBL69629;CHEMBL69960;CHEMBL69964,BRICS,True
GEN_DF0C7FB5,Cc1cc(-c2cccc(Cl)c2)[nH]c1NCC/N=N/Nc1ccc2ncnc(C(=O)O)c2c1,CHEMBL133024;CHEMBL136491;CHEMBL137364;CHEMBL138125;CHEMBL302552;CHEMBL304271;CHEMBL305194;CHEMBL308645;CHEMBL332096;CHEMBL336113;CHEMBL343352;CHEMBL432903;CHEMBL443268;CHEMBL52765;CHEMBL65848;CHEMBL66570;CHEMBL67003;CHEMBL67057;CHEMBL68920;CHEMBL69629;CHEMBL69960;CHEMBL69964,BRICS,True
GEN_552A85B6,Cc1cccc(-c2cc(C)c(NCC/N=N/Nc3ccc4ncnc(C(=O)O)c4c3)[nH]2)c1,CHEMBL133024;CHEMBL136491;CHEMBL137364;CHEMBL138125;CHEMBL302552;CHEMBL304271;CHEMBL305194;CHEMBL308645;CHEMBL332096;CHEMBL336113;CHEMBL343352;CHEMBL432903;CHEMBL443268;CHEMBL52765;CHEMBL65848;CHEMBL66570;CHEMBL67003;CHEMBL67057;CHEMBL68920;CHEMBL69629;CHEMBL69960;CHEMBL69964,BRICS,True
GEN_60709BAF,Cc1cc(-c2ccc(F)c(Cl)c2)[nH]c1NCC/N=N/Nc1ccc2ncnc(C(=O)O)c2c1,CHEMBL133024;CHEMBL136491;CHEMBL137364;CHEMBL138125;CHEMBL302552;CHEMBL304271;CHEMBL305194;CHEMBL308645;CHEMBL332096;CHEMBL336113;CHEMBL343352;CHEMBL432903;CHEMBL443268;CHEMBL52765;CHEMBL65848;CHEMBL66570;CHEMBL67003;CHEMBL67057;CHEMBL68920;CHEMBL69629;CHEMBL69960;CHEMBL69964,BRICS,True
GEN_14539095,Cc1cc(-c2ccc3c(c2)CCC3)[nH]c1NCC/N=N/Nc1ccc2ncnc(C(=O)O)c2c1,CHEMBL133024;CHEMBL136491;CHEMBL137364;CHEMBL138125;CHEMBL302552;CHEMBL304271;CHEMBL305194;CHEMBL308645;CHEMBL332096;CHEMBL336113;CHEMBL343352;CHEMBL432903;CHEMBL443268;CHEMBL52765;CHEMBL65848;CHEMBL66570;CHEMBL67003;CHEMBL67057;CHEMBL68920;CHEMBL69629;CHEMBL69960;CHEMBL69964,BRICS,True
GEN_5799D02A,Cc1cc(-c2ccc(O)c([N+](=O)[O-])c2)[nH]c1NCC/N=N/Nc1ccc2ncnc(C(=O)O)c2c1,CHEMBL133024;CHEMBL136491;CHEMBL137364;CHEMBL138125;CHEMBL302552;CHEMBL304271;CHEMBL305194;CHEMBL308645;CHEMBL309625;CHEMBL332096;CHEMBL336113;CHEMBL343352;CHEMBL432903;CHEMBL443268;CHEMBL52765;CHEMBL65848;CHEMBL66570;CHEMBL67003;CHEMBL67057;CHEMBL68920;CHEMBL69629;CHEMBL69960;CHEMBL69964,BRICS,True
GEN_5AAE3FBC,Cc1cc(-c2cc(O)cc(O)c2)[nH]c1NCC/N=N/Nc1ccc2ncnc(C(=O)O)c2c1,CHEMBL133024;CHEMBL136491;CHEMBL137364;CHEMBL138125;CHEMBL302552;CHEMBL304271;CHEMBL305194;CHEMBL308645;CHEMBL332096;CHEMBL336113;CHEMBL343352;CHEMBL432903;CHEMBL443268;CHEMBL52765;CHEMBL65848;CHEMBL66570;CHEMBL67003;CHEMBL67057;CHEMBL68920;CHEMBL69629;CHEMBL69960;CHEMBL69964;CHEMBL76905,BRICS,True
GEN_811CCD9C,Cc1cc(-c2cc(O)ccc2O)[nH]c1NCC/N=N/Nc1ccc2ncnc(C(=O)O)c2c1,CHEMBL133024;CHEMBL136491;CHEMBL137364;CHEMBL138125;CHEMBL302552;CHEMBL304271;CHEMBL305194;CHEMBL308645;CHEMBL332096;CHEMBL336113;CHEMBL343352;CHEMBL432903;CHEMBL443268;CHEMBL52765;CHEMBL65848;CHEMBL66570;CHEMBL67003;CHEMBL67057;CHEMBL68920;CHEMBL69629;CHEMBL69960;CHEMBL69964;CHEMBL76642,BRICS,True
GEN_06C754EE,Cc1cc(-c2ccccc2)[nH]c1NCC/N=N/Nc1ccc2ncnc(C(=O)O)c2c1,CHEMBL133024;CHEMBL135592;CHEMBL136491;CHEMBL136492;CHEMBL137364;CHEMBL137635;CHEMBL138125;CHEMBL302552;CHEMBL304271;CHEMBL305194;CHEMBL308645;CHEMBL332096;CHEMBL336113;CHEMBL343352;CHEMBL344652;CHEMBL432903;CHEMBL443268;CHEMBL52765;CHEMBL65848;CHEMBL66570;CHEMBL67003;CHEMBL67057;CHEMBL68920;CHEMBL69629;CHEMBL69960;CHEMBL69964,BRICS,True
GEN_0AD8D324,Cc1cc(-c2ccc(O)c(O)c2)[nH]c1NCC/N=N/Nc1ccc2ncnc(C(=O)O)c2c1,CHEMBL133024;CHEMBL136491;CHEMBL137364;CHEMBL138125;CHEMBL296407;CHEMBL302552;CHEMBL304271;CHEMBL305194;CHEMBL308645;CHEMBL332096;CHEMBL336113;CHEMBL343352;CHEMBL432903;CHEMBL443268;CHEMBL52765;CHEMBL65848;CHEMBL66570;CHEMBL67003;CHEMBL67057;CHEMBL68920;CHEMBL69629;CHEMBL69960;CHEMBL69964;CHEMBL76904,BRICS,True
GEN_806491C6,Cc1cc(-c2ccc(O)cc2)[nH]c1NCC/N=N/Nc1ccc2ncnc(C(=O)O)c2c1,CHEMBL133024;CHEMBL136491;CHEMBL137364;CHEMBL138125;CHEMBL302552;CHEMBL304271;CHEMBL305194;CHEMBL308645;CHEMBL332096;CHEMBL336113;CHEMBL343352;CHEMBL432903;CHEMBL443268;CHEMBL52765;CHEMBL65848;CHEMBL66570;CHEMBL67003;CHEMBL67057;CHEMBL68920;CHEMBL69629;CHEMBL69960;CHEMBL69964;CHEMBL76589,BRICS,True
GEN_F4A0444A,Cc1cc(-c2cc(O)c(O)c(O)c2)[nH]c1NCC/N=N/Nc1ccc2ncnc(C(=O)O)c2c1,CHEMBL133024;CHEMBL136491;CHEMBL137364;CHEMBL138125;CHEMBL302552;CHEMBL304271;CHEMBL305194;CHEMBL308645;CHEMBL309598;CHEMBL310798;CHEMBL332096;CHEMBL336113;CHEMBL343352;CHEMBL432903;CHEMBL443268;CHEMBL52765;CHEMBL65848;CHEMBL66570;CHEMBL67003;CHEMBL67057;CHEMBL68920;CHEMBL69629;CHEMBL69960;CHEMBL69964,BRICS,True
GEN_29B10C8C,Cc1cc(N2CCN(C)CC2)[nH]c1NCC/N=N/Nc1ccc2ncnc(C(=O)O)c2c1,CHEMBL133024;CHEMBL136491;CHEMBL137364;CHEMBL138125;CHEMBL302552;CHEMBL304271;CHEMBL305194;CHEMBL308645;CHEMBL332096;CHEMBL336113;CHEMBL343352;CHEMBL432903;CHEMBL443268;CHEMBL52765;CHEMBL65848;CHEMBL66570;CHEMBL67003;CHEMBL67057;CHEMBL68920;CHEMBL69629;CHEMBL69960;CHEMBL69964,BRICS,True
GEN_F2C8CAE7,Cc1cc(N2CCOCC2)[nH]c1NCC/N=N/Nc1ccc2ncnc(C(=O)O)c2c1,CHEMBL133024;CHEMBL136491;CHEMBL137364;CHEMBL138125;CHEMBL302552;CHEMBL304271;CHEMBL305194;CHEMBL308645;CHEMBL332096;CHEMBL336113;CHEMBL343352;CHEMBL432903;CHEMBL443268;CHEMBL52765;CHEMBL65848;CHEMBL66570;CHEMBL67003;CHEMBL67057;CHEMBL68920;CHEMBL69629;CHEMBL69960;CHEMBL69964,BRICS,True
GEN_D085621C,Cc1cc(C(=O)O)[nH]c1NCC/N=N/Nc1ccc2ncnc(C(=O)O)c2c1,CHEMBL133024;CHEMBL136491;CHEMBL137364;CHEMBL138125;CHEMBL302552;CHEMBL304271;CHEMBL305194;CHEMBL308645;CHEMBL332096;CHEMBL336113;CHEMBL343352;CHEMBL432903;CHEMBL443268;CHEMBL52765;CHEMBL65848;CHEMBL66570;CHEMBL67003;CHEMBL67057;CHEMBL68920;CHEMBL69629;CHEMBL69960;CHEMBL69964,BRICS,True
GEN_9DF8819E,COCC/N=N/Nc1ccc2ncnc(NCC/N=N/Nc3ccc4ncnc(C(=O)O)c4c3)c2c1,CHEMBL133024;CHEMBL136491;CHEMBL137364;CHEMBL138125;CHEMBL302552;CHEMBL304271;CHEMBL305194;CHEMBL308645;CHEMBL332096;CHEMBL336113;CHEMBL343352;CHEMBL432903;CHEMBL443268;CHEMBL52765;CHEMBL65848;CHEMBL66570;CHEMBL67003;CHEMBL67057;CHEMBL68920;CHEMBL69629;CHEMBL69960;CHEMBL69964;CHEMBL80155,BRICS,True
GEN_AC7CAA98,CN1CCN(CC/N=N/Nc2ccc3ncnc(NCC/N=N/Nc4ccc5ncnc(C(=O)O)c5c4)c3c2)CC1,CHEMBL133024;CHEMBL136491;CHEMBL137364;CHEMBL138125;CHEMBL302552;CHEMBL304271;CHEMBL305194;CHEMBL308645;CHEMBL332096;CHEMBL336113;CHEMBL343352;CHEMBL432903;CHEMBL443268;CHEMBL52765;CHEMBL65848;CHEMBL66570;CHEMBL67003;CHEMBL67057;CHEMBL68920;CHEMBL69629;CHEMBL69960;CHEMBL69964,BRICS,True
GEN_C9A7C214,O=C(O)c1ncnc2ccc(N/N=N/CCNc3ncnc4ccc(N/N=N/CCN5CCOCC5)cc34)cc12,CHEMBL133024;CHEMBL136491;CHEMBL137364;CHEMBL138125;CHEMBL302552;CHEMBL304271;CHEMBL305194;CHEMBL308645;CHEMBL332096;CHEMBL336113;CHEMBL343352;CHEMBL432903;CHEMBL443268;CHEMBL52765;CHEMBL65848;CHEMBL66570;CHEMBL67003;CHEMBL67057;CHEMBL68920;CHEMBL69629;CHEMBL69960;CHEMBL69964,BRICS,True
GEN_0ACD3F8D,C/N=N/Nc1ccc2ncnc(C/N=N/Nc3ccc4ncnc(NCC/N=N/Nc5ccc6ncnc(C(=O)O)c6c5)c4c3)c2c1,CHEMBL133024;CHEMBL135592;CHEMBL136491;CHEMBL137364;CHEMBL137635;CHEMBL138125;CHEMBL302552;CHEMBL304271;CHEMBL305194;CHEMBL308645;CHEMBL332096;CHEMBL336113;CHEMBL343352;CHEMBL432903;CHEMBL443268;CHEMBL52765;CHEMBL65848;CHEMBL66570;CHEMBL67003;CHEMBL67057;CHEMBL68920;CHEMBL69629;CHEMBL69960;CHEMBL69964,BRICS,True
GEN_59336D55,Cc1cc(C)c(C/N=N/Nc2ccc3ncnc(NCC/N=N/Nc4ccc5ncnc(C(=O)O)c5c4)c3c2)[nH]1,CHEMBL133024;CHEMBL136491;CHEMBL137364;CHEMBL137635;CHEMBL138125;CHEMBL302552;CHEMBL304271;CHEMBL305194;CHEMBL308645;CHEMBL332096;CHEMBL336113;CHEMBL343352;CHEMBL432903;CHEMBL443268;CHEMBL52765;CHEMBL65848;CHEMBL66570;CHEMBL67003;CHEMBL67057;CHEMBL68920;CHEMBL69629;CHEMBL69960;CHEMBL69964,BRICS,True
GEN_8743D30C,O=C(O)c1ncnc2ccc(N/N=N/CCNc3ncnc4ccc(N/N=N/Cc5ccccn5)cc34)cc12,CHEMBL133024;CHEMBL136491;CHEMBL137364;CHEMBL137635;CHEMBL138125;CHEMBL302552;CHEMBL304271;CHEMBL305194;CHEMBL308645;CHEMBL332096;CHEMBL336113;CHEMBL343352;CHEMBL432903;CHEMBL443268;CHEMBL52765;CHEMBL65848;CHEMBL66570;CHEMBL67003;CHEMBL67057;CHEMBL68920;CHEMBL69629;CHEMBL69960;CHEMBL69964,BRICS,True
GEN_26FD51FA,Nc1ccc2ncnc(C/N=N/Nc3ccc4ncnc(NCC/N=N/Nc5ccc6ncnc(C(=O)O)c6c5)c4c3)c2c1,CHEMBL133024;CHEMBL136491;CHEMBL136492;CHEMBL137364;CHEMBL137635;CHEMBL138125;CHEMBL302552;CHEMBL304271;CHEMBL305194;CHEMBL308645;CHEMBL332096;CHEMBL336113;CHEMBL343352;CHEMBL432903;CHEMBL443268;CHEMBL52765;CHEMBL65848;CHEMBL66570;CHEMBL67003;CHEMBL67057;CHEMBL68920;CHEMBL69629;CHEMBL69960;CHEMBL69964,BRICS,True
GEN_3CD33CF2,CN(C)/N=N/c1ccc2ncnc(C/N=N/Nc3ccc4ncnc(NCC/N=N/Nc5ccc6ncnc(C(=O)O)c6c5)c4c3)c2c1,CHEMBL133024;CHEMBL136491;CHEMBL137364;CHEMBL137635;CHEMBL138125;CHEMBL302552;CHEMBL304271;CHEMBL305194;CHEMBL308645;CHEMBL332096;CHEMBL336113;CHEMBL343352;CHEMBL344652;CHEMBL432903;CHEMBL443268;CHEMBL52765;CHEMBL65848;CHEMBL66570;CHEMBL67003;CHEMBL67057;CHEMBL68920;CHEMBL69629;CHEMBL69960;CHEMBL69964,BRICS,True
GEN_BB9568EB,O=C(O)c1ncnc2ccc(N/N=N/CCNc3ncnc4ccc(N/N=N/Cc5cc(O)ccc5[N+](=O)[O-])cc34)cc12,CHEMBL133024;CHEMBL136491;CHEMBL137364;CHEMBL137635;CHEMBL138125;CHEMBL302552;CHEMBL304271;CHEMBL305194;CHEMBL308645;CHEMBL332096;CHEMBL336113;CHEMBL343352;CHEMBL432903;CHEMBL443268;CHEMBL52765;CHEMBL65848;CHEMBL66570;CHEMBL67003;CHEMBL67057;CHEMBL68920;CHEMBL69629;CHEMBL69960;CHEMBL69964;CHEMBL77085,BRICS,True
GEN_D70DF7A4,O=Cc1ccc(C/N=N/Nc2ccc3ncnc(NCC/N=N/Nc4ccc5ncnc(C(=O)O)c5c4)c3c2)cc1,CHEMBL133024;CHEMBL136491;CHEMBL137364;CHEMBL137635;CHEMBL138125;CHEMBL302552;CHEMBL304271;CHEMBL305194;CHEMBL308645;CHEMBL311119;CHEMBL332096;CHEMBL336113;CHEMBL343352;CHEMBL432903;CHEMBL443268;CHEMBL52765;CHEMBL65848;CHEMBL66570;CHEMBL67003;CHEMBL67057;CHEMBL68920;CHEMBL69629;CHEMBL69960;CHEMBL69964;CHEMBL76985,BRICS,True
GEN_2E0660B5,O=C(O)c1ncnc2ccc(N/N=N/CCNc3ncnc4ccc(N/N=N/Cc5cccc(Br)c5)cc34)cc12,CHEMBL133024;CHEMBL136491;CHEMBL137364;CHEMBL137635;CHEMBL138125;CHEMBL302552;CHEMBL304271;CHEMBL305194;CHEMBL308645;CHEMBL332096;CHEMBL336113;CHEMBL343352;CHEMBL432903;CHEMBL443268;CHEMBL52765;CHEMBL65848;CHEMBL66570;CHEMBL67003;CHEMBL67057;CHEMBL68920;CHEMBL69629;CHEMBL69960;CHEMBL69964,BRICS,True
GEN_C3ABDB1E,O=C(O)c1ncnc2ccc(N/N=N/CCNc3ncnc4ccc(N/N=N/Cc5cccc(Cl)c5)cc34)cc12,CHEMBL133024;CHEMBL136491;CHEMBL137364;CHEMBL137635;CHEMBL138125;CHEMBL302552;CHEMBL304271;CHEMBL305194;CHEMBL308645;CHEMBL332096;CHEMBL336113;CHEMBL343352;CHEMBL432903;CHEMBL443268;CHEMBL52765;CHEMBL65848;CHEMBL66570;CHEMBL67003;CHEMBL67057;CHEMBL68920;CHEMBL69629;CHEMBL69960;CHEMBL69964,BRICS,True
GEN_6251A7EB,Cc1cccc(C/N=N/Nc2ccc3ncnc(NCC/N=N/Nc4ccc5ncnc(C(=O)O)c5c4)c3c2)c1,CHEMBL133024;CHEMBL136491;CHEMBL137364;CHEMBL137635;CHEMBL138125;CHEMBL302552;CHEMBL304271;CHEMBL305194;CHEMBL308645;CHEMBL332096;CHEMBL336113;CHEMBL343352;CHEMBL432903;CHEMBL443268;CHEMBL52765;CHEMBL65848;CHEMBL66570;CHEMBL67003;CHEMBL67057;CHEMBL68920;CHEMBL69629;CHEMBL69960;CHEMBL69964,BRICS,True
GEN_0ECF1222,O=C(O)c1ncnc2ccc(N/N=N/CCNc3ncnc4ccc(N/N=N/Cc5ccc(F)c(Cl)c5)cc34)cc12,CHEMBL133024;CHEMBL136491;CHEMBL137364;CHEMBL137635;CHEMBL138125;CHEMBL302552;CHEMBL304271;CHEMBL305194;CHEMBL308645;CHEMBL332096;CHEMBL336113;CHEMBL343352;CHEMBL432903;CHEMBL443268;CHEMBL52765;CHEMBL65848;CHEMBL66570;CHEMBL67003;CHEMBL67057;CHEMBL68920;CHEMBL69629;CHEMBL69960;CHEMBL69964,BRICS,True
GEN_50877E78,O=C(O)c1ncnc2ccc(N/N=N/CCNc3ncnc4ccc(N/N=N/Cc5ccc6c(c5)CCC6)cc34)cc12,CHEMBL133024;CHEMBL136491;CHEMBL137364;CHEMBL137635;CHEMBL138125;CHEMBL302552;CHEMBL304271;CHEMBL305194;CHEMBL308645;CHEMBL332096;CHEMBL336113;CHEMBL343352;CHEMBL432903;CHEMBL443268;CHEMBL52765;CHEMBL65848;CHEMBL66570;CHEMBL67003;CHEMBL67057;CHEMBL68920;CHEMBL69629;CHEMBL69960;CHEMBL69964,BRICS,True
GEN_6CA9247A,O=C(O)c1ncnc2ccc(N/N=N/CCNc3ncnc4ccc(N/N=N/Cc5ccc(O)c([N+](=O)[O-])c5)cc34)cc12,CHEMBL133024;CHEMBL136491;CHEMBL137364;CHEMBL137635;CHEMBL138125;CHEMBL302552;CHEMBL304271;CHEMBL305194;CHEMBL308645;CHEMBL309625;CHEMBL332096;CHEMBL336113;CHEMBL343352;CHEMBL432903;CHEMBL443268;CHEMBL52765;CHEMBL65848;CHEMBL66570;CHEMBL67003;CHEMBL67057;CHEMBL68920;CHEMBL69629;CHEMBL69960;CHEMBL69964,BRICS,True
GEN_5D0F332F,O=C(O)c1ncnc2ccc(N/N=N/CCNc3ncnc4ccc(N/N=N/Cc5cc(O)cc(O)c5)cc34)cc12,CHEMBL133024;CHEMBL136491;CHEMBL137364;CHEMBL137635;CHEMBL138125;CHEMBL302552;CHEMBL304271;CHEMBL305194;CHEMBL308645;CHEMBL332096;CHEMBL336113;CHEMBL343352;CHEMBL432903;CHEMBL443268;CHEMBL52765;CHEMBL65848;CHEMBL66570;CHEMBL67003;CHEMBL67057;CHEMBL68920;CHEMBL69629;CHEMBL69960;CHEMBL69964;CHEMBL76905,BRICS,True
GEN_8752DB03,O=C(O)c1ncnc2ccc(N/N=N/CCNc3ncnc4ccc(N/N=N/Cc5cc(O)ccc5O)cc34)cc12,CHEMBL133024;CHEMBL136491;CHEMBL137364;CHEMBL137635;CHEMBL138125;CHEMBL302552;CHEMBL304271;CHEMBL305194;CHEMBL308645;CHEMBL332096;CHEMBL336113;CHEMBL343352;CHEMBL432903;CHEMBL443268;CHEMBL52765;CHEMBL65848;CHEMBL66570;CHEMBL67003;CHEMBL67057;CHEMBL68920;CHEMBL69629;CHEMBL69960;CHEMBL69964;CHEMBL76642,BRICS,True
GEN_B41D068D,O=C(O)c1ncnc2ccc(N/N=N/CCNc3ncnc4ccc(N/N=N/Cc5ccccc5)cc34)cc12,CHEMBL133024;CHEMBL135592;CHEMBL136491;CHEMBL136492;CHEMBL137364;CHEMBL137635;CHEMBL138125;CHEMBL302552;CHEMBL304271;CHEMBL305194;CHEMBL308645;CHEMBL332096;CHEMBL336113;CHEMBL343352;CHEMBL344652;CHEMBL432903;CHEMBL443268;CHEMBL52765;CHEMBL65848;CHEMBL66570;CHEMBL67003;CHEMBL67057;CHEMBL68920;CHEMBL69629;CHEMBL69960;CHEMBL69964,BRICS,True
GEN_9D0F9C75,O=C(O)c1ncnc2ccc(N/N=N/CCNc3ncnc4ccc(N/N=N/Cc5ccc(O)c(O)c5)cc34)cc12,CHEMBL133024;CHEMBL136491;CHEMBL137364;CHEMBL137635;CHEMBL138125;CHEMBL296407;CHEMBL302552;CHEMBL304271;CHEMBL305194;CHEMBL308645;CHEMBL332096;CHEMBL336113;CHEMBL343352;CHEMBL432903;CHEMBL443268;CHEMBL52765;CHEMBL65848;CHEMBL66570;CHEMBL67003;CHEMBL67057;CHEMBL68920;CHEMBL69629;CHEMBL69960;CHEMBL69964;CHEMBL76904,BRICS,True
GEN_9F85916F,O=C(O)c1ncnc2ccc(N/N=N/CCNc3ncnc4ccc(N/N=N/Cc5ccc(O)cc5)cc34)cc12,CHEMBL133024;CHEMBL136491;CHEMBL137364;CHEMBL137635;CHEMBL138125;CHEMBL302552;CHEMBL304271;CHEMBL305194;CHEMBL308645;CHEMBL332096;CHEMBL336113;CHEMBL343352;CHEMBL432903;CHEMBL443268;CHEMBL52765;CHEMBL65848;CHEMBL66570;CHEMBL67003;CHEMBL67057;CHEMBL68920;CHEMBL69629;CHEMBL69960;CHEMBL69964;CHEMBL76589,BRICS,True
GEN_268D0A50,O=C(O)c1ncnc2ccc(N/N=N/CCNc3ncnc4ccc(N/N=N/Cc5cc(O)c(O)c(O)c5)cc34)cc12,CHEMBL133024;CHEMBL136491;CHEMBL137364;CHEMBL137635;CHEMBL138125;CHEMBL302552;CHEMBL304271;CHEMBL305194;CHEMBL308645;CHEMBL309598;CHEMBL310798;CHEMBL332096;CHEMBL336113;CHEMBL343352;CHEMBL432903;CHEMBL443268;CHEMBL52765;CHEMBL65848;CHEMBL66570;CHEMBL67003;CHEMBL67057;CHEMBL68920;CHEMBL69629;CHEMBL69960;CHEMBL69964,BRICS,True
GEN_C0A46F11,O=C(NCC/N=N/Nc1ccc2ncnc(C(=O)O)c2c1)c1cc(O)ccc1[N+](=O)[O-],CHEMBL133024;CHEMBL136491;CHEMBL137364;CHEMBL138125;CHEMBL302552;CHEMBL304271;CHEMBL305194;CHEMBL308645;CHEMBL332096;CHEMBL336113;CHEMBL343352;CHEMBL432903;CHEMBL443268;CHEMBL52765;CHEMBL65848;CHEMBL66570;CHEMBL67003;CHEMBL67057;CHEMBL68920;CHEMBL69629;CHEMBL69960;CHEMBL69964;CHEMBL77085,BRICS,True
GEN_FB57A51E,O=Cc1ccc(C(=O)NCC/N=N/Nc2ccc3ncnc(C(=O)O)c3c2)cc1,CHEMBL133024;CHEMBL136491;CHEMBL137364;CHEMBL138125;CHEMBL302552;CHEMBL304271;CHEMBL305194;CHEMBL308645;CHEMBL311119;CHEMBL332096;CHEMBL336113;CHEMBL343352;CHEMBL432903;CHEMBL443268;CHEMBL52765;CHEMBL65848;CHEMBL66570;CHEMBL67003;CHEMBL67057;CHEMBL68920;CHEMBL69629;CHEMBL69960;CHEMBL69964;CHEMBL76985,BRICS,True
GEN_2973D63F,O=C(NCC/N=N/Nc1ccc2ncnc(C(=O)O)c2c1)c1cccc(Br)c1,CHEMBL133024;CHEMBL136491;CHEMBL137364;CHEMBL138125;CHEMBL302552;CHEMBL304271;CHEMBL305194;CHEMBL308645;CHEMBL332096;CHEMBL336113;CHEMBL343352;CHEMBL432903;CHEMBL443268;CHEMBL52765;CHEMBL65848;CHEMBL66570;CHEMBL67003;CHEMBL67057;CHEMBL68920;CHEMBL69629;CHEMBL69960;CHEMBL69964,BRICS,True
GEN_24D594FF,O=C(NCC/N=N/Nc1ccc2ncnc(C(=O)O)c2c1)c1cccc(Cl)c1,CHEMBL133024;CHEMBL136491;CHEMBL137364;CHEMBL138125;CHEMBL302552;CHEMBL304271;CHEMBL305194;CHEMBL308645;CHEMBL332096;CHEMBL336113;CHEMBL343352;CHEMBL432903;CHEMBL443268;CHEMBL52765;CHEMBL65848;CHEMBL66570;CHEMBL67003;CHEMBL67057;CHEMBL68920;CHEMBL69629;CHEMBL69960;CHEMBL69964,BRICS,True
GEN_C1E2DA79,Cc1cccc(C(=O)NCC/N=N/Nc2ccc3ncnc(C(=O)O)c3c2)c1,CHEMBL133024;CHEMBL136491;CHEMBL137364;CHEMBL138125;CHEMBL302552;CHEMBL304271;CHEMBL305194;CHEMBL308645;CHEMBL332096;CHEMBL336113;CHEMBL343352;CHEMBL432903;CHEMBL443268;CHEMBL52765;CHEMBL65848;CHEMBL66570;CHEMBL67003;CHEMBL67057;CHEMBL68920;CHEMBL69629;CHEMBL69960;CHEMBL69964,BRICS,True
GEN_EE797197,O=C(NCC/N=N/Nc1ccc2ncnc(C(=O)O)c2c1)c1ccc(F)c(Cl)c1,CHEMBL133024;CHEMBL136491;CHEMBL137364;CHEMBL138125;CHEMBL302552;CHEMBL304271;CHEMBL305194;CHEMBL308645;CHEMBL332096;CHEMBL336113;CHEMBL343352;CHEMBL432903;CHEMBL443268;CHEMBL52765;CHEMBL65848;CHEMBL66570;CHEMBL67003;CHEMBL67057;CHEMBL68920;CHEMBL69629;CHEMBL69960;CHEMBL69964,BRICS,True
GEN_BDA95687,O=C(NCC/N=N/Nc1ccc2ncnc(C(=O)O)c2c1)c1ccc2c(c1)CCC2,CHEMBL133024;CHEMBL136491;CHEMBL137364;CHEMBL138125;CHEMBL302552;CHEMBL304271;CHEMBL305194;CHEMBL308645;CHEMBL332096;CHEMBL336113;CHEMBL343352;CHEMBL432903;CHEMBL443268;CHEMBL52765;CHEMBL65848;CHEMBL66570;CHEMBL67003;CHEMBL67057;CHEMBL68920;CHEMBL69629;CHEMBL69960;CHEMBL69964,BRICS,True
GEN_4083532C,O=C(NCC/N=N/Nc1ccc2ncnc(C(=O)O)c2c1)c1ccc(O)c([N+](=O)[O-])c1,CHEMBL133024;CHEMBL136491;CHEMBL137364;CHEMBL138125;CHEMBL302552;CHEMBL304271;CHEMBL305194;CHEMBL308645;CHEMBL309625;CHEMBL332096;CHEMBL336113;CHEMBL343352;CHEMBL432903;CHEMBL443268;CHEMBL52765;CHEMBL65848;CHEMBL66570;CHEMBL67003;CHEMBL67057;CHEMBL68920;CHEMBL69629;CHEMBL69960;CHEMBL69964,BRICS,True
GEN_020DB0A9,O=C(NCC/N=N/Nc1ccc2ncnc(C(=O)O)c2c1)c1cc(O)cc(O)c1,CHEMBL133024;CHEMBL136491;CHEMBL137364;CHEMBL138125;CHEMBL302552;CHEMBL304271;CHEMBL305194;CHEMBL308645;CHEMBL332096;CHEMBL336113;CHEMBL343352;CHEMBL432903;CHEMBL443268;CHEMBL52765;CHEMBL65848;CHEMBL66570;CHEMBL67003;CHEMBL67057;CHEMBL68920;CHEMBL69629;CHEMBL69960;CHEMBL69964;CHEMBL76905,BRICS,True
GEN_5FA52570,O=C(NCC/N=N/Nc1ccc2ncnc(C(=O)O)c2c1)c1cc(O)ccc1O,CHEMBL133024;CHEMBL136491;CHEMBL137364;CHEMBL138125;CHEMBL302552;CHEMBL304271;CHEMBL305194;CHEMBL308645;CHEMBL332096;CHEMBL336113;CHEMBL343352;CHEMBL432903;CHEMBL443268;CHEMBL52765;CHEMBL65848;CHEMBL66570;CHEMBL67003;CHEMBL67057;CHEMBL68920;CHEMBL69629;CHEMBL69960;CHEMBL69964;CHEMBL76642,BRICS,True
GEN_ECF72BC7,O=C(NCC/N=N/Nc1ccc2ncnc(C(=O)O)c2c1)c1ccccc1,CHEMBL133024;CHEMBL135592;CHEMBL136491;CHEMBL136492;CHEMBL137364;CHEMBL137635;CHEMBL138125;CHEMBL302552;CHEMBL304271;CHEMBL305194;CHEMBL308645;CHEMBL332096;CHEMBL336113;CHEMBL343352;CHEMBL344652;CHEMBL432903;CHEMBL443268;CHEMBL52765;CHEMBL65848;CHEMBL66570;CHEMBL67003;CHEMBL67057;CHEMBL68920;CHEMBL69629;CHEMBL69960;CHEMBL69964,BRICS,True
GEN_CCACDE31,O=C(NCC/N=N/Nc1ccc2ncnc(C(=O)O)c2c1)c1ccc(O)c(O)c1,CHEMBL133024;CHEMBL136491;CHEMBL137364;CHEMBL138125;CHEMBL296407;CHEMBL302552;CHEMBL304271;CHEMBL305194;CHEMBL308645;CHEMBL332096;CHEMBL336113;CHEMBL343352;CHEMBL432903;CHEMBL443268;CHEMBL52765;CHEMBL65848;CHEMBL66570;CHEMBL67003;CHEMBL67057;CHEMBL68920;CHEMBL69629;CHEMBL69960;CHEMBL69964;CHEMBL76904,BRICS,True
GEN_0D0CA252,O=C(NCC/N=N/Nc1ccc2ncnc(C(=O)O)c2c1)c1ccc(O)cc1,CHEMBL133024;CHEMBL136491;CHEMBL137364;CHEMBL138125;CHEMBL302552;CHEMBL304271;CHEMBL305194;CHEMBL308645;CHEMBL332096;CHEMBL336113;CHEMBL343352;CHEMBL432903;CHEMBL443268;CHEMBL52765;CHEMBL65848;CHEMBL66570;CHEMBL67003;CHEMBL67057;CHEMBL68920;CHEMBL69629;CHEMBL69960;CHEMBL69964;CHEMBL76589,BRICS,True
GEN_EDFAA107,O=C(NCC/N=N/Nc1ccc2ncnc(C(=O)O)c2c1)c1cc(O)c(O)c(O)c1,CHEMBL133024;CHEMBL136491;CHEMBL137364;CHEMBL138125;CHEMBL302552;CHEMBL304271;CHEMBL305194;CHEMBL308645;CHEMBL309598;CHEMBL310798;CHEMBL332096;CHEMBL336113;CHEMBL343352;CHEMBL432903;CHEMBL443268;CHEMBL52765;CHEMBL65848;CHEMBL66570;CHEMBL67003;CHEMBL67057;CHEMBL68920;CHEMBL69629;CHEMBL69960;CHEMBL69964,BRICS,True
GEN_7A996870,C/N=N/Nc1ccc2ncnc(C(=O)NCC/N=N/Nc3ccc4ncnc(C(=O)O)c4c3)c2c1,CHEMBL133024;CHEMBL135592;CHEMBL136491;CHEMBL137364;CHEMBL138125;CHEMBL302552;CHEMBL304271;CHEMBL305194;CHEMBL308645;CHEMBL332096;CHEMBL336113;CHEMBL343352;CHEMBL432903;CHEMBL443268;CHEMBL52765;CHEMBL65848;CHEMBL66570;CHEMBL67003;CHEMBL67057;CHEMBL68920;CHEMBL69629;CHEMBL69960;CHEMBL69964,BRICS,True
GEN_699207A0,Cc1cc(C)c(C(=O)NCC/N=N/Nc2ccc3ncnc(C(=O)O)c3c2)[nH]1,CHEMBL133024;CHEMBL136491;CHEMBL137364;CHEMBL138125;CHEMBL302552;CHEMBL304271;CHEMBL305194;CHEMBL308645;CHEMBL332096;CHEMBL336113;CHEMBL343352;CHEMBL432903;CHEMBL443268;CHEMBL52765;CHEMBL65848;CHEMBL66570;CHEMBL67003;CHEMBL67057;CHEMBL68920;CHEMBL69629;CHEMBL69960;CHEMBL69964,BRICS,True
GEN_871BE9C6,O=C(NCC/N=N/Nc1ccc2ncnc(C(=O)O)c2c1)c1ccccn1,CHEMBL133024;CHEMBL136491;CHEMBL137364;CHEMBL137635;CHEMBL138125;CHEMBL302552;CHEMBL304271;CHEMBL305194;CHEMBL308645;CHEMBL332096;CHEMBL336113;CHEMBL343352;CHEMBL432903;CHEMBL443268;CHEMBL52765;CHEMBL65848;CHEMBL66570;CHEMBL67003;CHEMBL67057;CHEMBL68920;CHEMBL69629;CHEMBL69960;CHEMBL69964,BRICS,True
GEN_215ECEFF,Nc1ccc2ncnc(C(=O)NCC/N=N/Nc3ccc4ncnc(C(=O)O)c4c3)c2c1,CHEMBL133024;CHEMBL136491;CHEMBL136492;CHEMBL137364;CHEMBL138125;CHEMBL302552;CHEMBL304271;CHEMBL305194;CHEMBL308645;CHEMBL332096;CHEMBL336113;CHEMBL343352;CHEMBL432903;CHEMBL443268;CHEMBL52765;CHEMBL65848;CHEMBL66570;CHEMBL67003;CHEMBL67057;CHEMBL68920;CHEMBL69629;CHEMBL69960;CHEMBL69964,BRICS,True
GEN_AD98E8C3,CN(C)/N=N/c1ccc2ncnc(C(=O)NCC/N=N/Nc3ccc4ncnc(C(=O)O)c4c3)c2c1,CHEMBL133024;CHEMBL136491;CHEMBL137364;CHEMBL138125;CHEMBL302552;CHEMBL304271;CHEMBL305194;CHEMBL308645;CHEMBL332096;CHEMBL336113;CHEMBL343352;CHEMBL344652;CHEMBL432903;CHEMBL443268;CHEMBL52765;CHEMBL65848;CHEMBL66570;CHEMBL67003;CHEMBL67057;CHEMBL68920;CHEMBL69629;CHEMBL69960;CHEMBL69964,BRICS,True
GEN_E6EC42F4,COCC(O)CNCC/N=N/Nc1ccc2ncnc(C(=O)O)c2c1,CHEMBL133024;CHEMBL136491;CHEMBL137364;CHEMBL138125;CHEMBL302552;CHEMBL304271;CHEMBL305194;CHEMBL308645;CHEMBL332096;CHEMBL336113;CHEMBL343352;CHEMBL432903;CHEMBL443268;CHEMBL52765;CHEMBL65848;CHEMBL66570;CHEMBL67003;CHEMBL67057;CHEMBL68920;CHEMBL69629;CHEMBL69960;CHEMBL69964;CHEMBL80155,BRICS,True
GEN_C5186876,CN1CCN(CC(O)CNCC/N=N/Nc2ccc3ncnc(C(=O)O)c3c2)CC1,CHEMBL133024;CHEMBL136491;CHEMBL137364;CHEMBL138125;CHEMBL302552;CHEMBL304271;CHEMBL305194;CHEMBL308645;CHEMBL332096;CHEMBL336113;CHEMBL343352;CHEMBL432903;CHEMBL443268;CHEMBL52765;CHEMBL65848;CHEMBL66570;CHEMBL67003;CHEMBL67057;CHEMBL68920;CHEMBL69629;CHEMBL69960;CHEMBL69964,BRICS,True
GEN_14BADCE7,O=C(O)c1ncnc2ccc(N/N=N/CCNCC(O)CN3CCOCC3)cc12,CHEMBL133024;CHEMBL136491;CHEMBL137364;CHEMBL138125;CHEMBL302552;CHEMBL304271;CHEMBL305194;CHEMBL308645;CHEMBL332096;CHEMBL336113;CHEMBL343352;CHEMBL432903;CHEMBL443268;CHEMBL52765;CHEMBL65848;CHEMBL66570;CHEMBL67003;CHEMBL67057;CHEMBL68920;CHEMBL69629;CHEMBL69960;CHEMBL69964,BRICS,True
GEN_81299F6C,COc1[nH]c(NCC/N=N/Nc2ccc3ncnc(C(=O)O)c3c2)cc1C,CHEMBL133024;CHEMBL136491;CHEMBL137364;CHEMBL138125;CHEMBL302552;CHEMBL304271;CHEMBL305194;CHEMBL308645;CHEMBL332096;CHEMBL336113;CHEMBL343352;CHEMBL432903;CHEMBL443268;CHEMBL52765;CHEMBL65848;CHEMBL66570;CHEMBL67003;CHEMBL67057;CHEMBL68920;CHEMBL69629;CHEMBL69960;CHEMBL69964;CHEMBL80155,BRICS,True
GEN_939949E4,Cc1cc(NCC/N=N/Nc2ccc3ncnc(C(=O)O)c3c2)[nH]c1CCC(=O)O,CHEMBL133024;CHEMBL136491;CHEMBL137364;CHEMBL138125;CHEMBL302552;CHEMBL304271;CHEMBL305194;CHEMBL308645;CHEMBL332096;CHEMBL336113;CHEMBL343352;CHEMBL432903;CHEMBL443268;CHEMBL52765;CHEMBL65848;CHEMBL66570;CHEMBL67003;CHEMBL67057;CHEMBL68920;CHEMBL69629;CHEMBL69960;CHEMBL69964,BRICS,True
GEN_46603409,C/N=N/Nc1ccc2ncnc(-c3[nH]c(NCC/N=N/Nc4ccc5ncnc(C(=O)O)c5c4)cc3C)c2c1,CHEMBL133024;CHEMBL135592;CHEMBL136491;CHEMBL137364;CHEMBL138125;CHEMBL302552;CHEMBL304271;CHEMBL305194;CHEMBL308645;CHEMBL332096;CHEMBL336113;CHEMBL343352;CHEMBL432903;CHEMBL443268;CHEMBL52765;CHEMBL65848;CHEMBL66570;CHEMBL67003;CHEMBL67057;CHEMBL68920;CHEMBL69629;CHEMBL69960;CHEMBL69964,BRICS,True
GEN_11DB4DD6,Cc1cc(C)c(-c2[nH]c(NCC/N=N/Nc3ccc4ncnc(C(=O)O)c4c3)cc2C)[nH]1,CHEMBL133024;CHEMBL136491;CHEMBL137364;CHEMBL138125;CHEMBL302552;CHEMBL304271;CHEMBL305194;CHEMBL308645;CHEMBL332096;CHEMBL336113;CHEMBL343352;CHEMBL432903;CHEMBL443268;CHEMBL52765;CHEMBL65848;CHEMBL66570;CHEMBL67003;CHEMBL67057;CHEMBL68920;CHEMBL69629;CHEMBL69960;CHEMBL69964,BRICS,True
GEN_80F5CA07,Cc1cc(NCC/N=N/Nc2ccc3ncnc(C(=O)O)c3c2)[nH]c1-c1ccccn1,CHEMBL133024;CHEMBL136491;CHEMBL137364;CHEMBL137635;CHEMBL138125;CHEMBL302552;CHEMBL304271;CHEMBL305194;CHEMBL308645;CHEMBL332096;CHEMBL336113;CHEMBL343352;CHEMBL432903;CHEMBL443268;CHEMBL52765;CHEMBL65848;CHEMBL66570;CHEMBL67003;CHEMBL67057;CHEMBL68920;CHEMBL69629;CHEMBL69960;CHEMBL69964,BRICS,True
GEN_AA47392D,Cc1cc(NCC/N=N/Nc2ccc3ncnc(C(=O)O)c3c2)[nH]c1-c1ncnc2ccc(N)cc12,CHEMBL133024;CHEMBL136491;CHEMBL136492;CHEMBL137364;CHEMBL138125;CHEMBL302552;CHEMBL304271;CHEMBL305194;CHEMBL308645;CHEMBL332096;CHEMBL336113;CHEMBL343352;CHEMBL432903;CHEMBL443268;CHEMBL52765;CHEMBL65848;CHEMBL66570;CHEMBL67003;CHEMBL67057;CHEMBL68920;CHEMBL69629;CHEMBL69960;CHEMBL69964,BRICS,True
GEN_C5C648AC,Cc1cc(NCC/N=N/Nc2ccc3ncnc(C(=O)O)c3c2)[nH]c1-c1ncnc2ccc(/N=N/N(C)C)cc12,CHEMBL133024;CHEMBL136491;CHEMBL137364;CHEMBL138125;CHEMBL302552;CHEMBL304271;CHEMBL305194;CHEMBL308645;CHEMBL332096;CHEMBL336113;CHEMBL343352;CHEMBL344652;CHEMBL432903;CHEMBL443268;CHEMBL52765;CHEMBL65848;CHEMBL66570;CHEMBL67003;CHEMBL67057;CHEMBL68920;CHEMBL69629;CHEMBL69960;CHEMBL69964,BRICS,True
GEN_755979F3,Cc1cc(NCC/N=N/Nc2ccc3ncnc(C(=O)O)c3c2)[nH]c1-c1cc(O)ccc1[N+](=O)[O-],CHEMBL133024;CHEMBL136491;CHEMBL137364;CHEMBL138125;CHEMBL302552;CHEMBL304271;CHEMBL305194;CHEMBL308645;CHEMBL332096;CHEMBL336113;CHEMBL343352;CHEMBL432903;CHEMBL443268;CHEMBL52765;CHEMBL65848;CHEMBL66570;CHEMBL67003;CHEMBL67057;CHEMBL68920;CHEMBL69629;CHEMBL69960;CHEMBL69964;CHEMBL77085,BRICS,True
GEN_41A1C1C5,Cc1cc(NCC/N=N/Nc2ccc3ncnc(C(=O)O)c3c2)[nH]c1-c1ccc(C=O)cc1,CHEMBL133024;CHEMBL136491;CHEMBL137364;CHEMBL138125;CHEMBL302552;CHEMBL304271;CHEMBL305194;CHEMBL308645;CHEMBL311119;CHEMBL332096;CHEMBL336113;CHEMBL343352;CHEMBL432903;CHEMBL443268;CHEMBL52765;CHEMBL65848;CHEMBL66570;CHEMBL67003;CHEMBL67057;CHEMBL68920;CHEMBL69629;CHEMBL69960;CHEMBL69964;CHEMBL76985,BRICS,True
GEN_15B14DD0,Cc1cc(NCC/N=N/Nc2ccc3ncnc(C(=O)O)c3c2)[nH]c1-c1cccc(Br)c1,CHEMBL133024;CHEMBL136491;CHEMBL137364;CHEMBL138125;CHEMBL302552;CHEMBL304271;CHEMBL305194;CHEMBL308645;CHEMBL332096;CHEMBL336113;CHEMBL343352;CHEMBL432903;CHEMBL443268;CHEMBL52765;CHEMBL65848;CHEMBL66570;CHEMBL67003;CHEMBL67057;CHEMBL68920;CHEMBL69629;CHEMBL69960;CHEMBL69964,BRICS,True
GEN_085AE6AB,Cc1cc(NCC/N=N/Nc2ccc3ncnc(C(=O)O)c3c2)[nH]c1-c1cccc(Cl)c1,CHEMBL133024;CHEMBL136491;CHEMBL137364;CHEMBL138125;CHEMBL302552;CHEMBL304271;CHEMBL305194;CHEMBL308645;CHEMBL332096;CHEMBL336113;CHEMBL343352;CHEMBL432903;CHEMBL443268;CHEMBL52765;CHEMBL65848;CHEMBL66570;CHEMBL67003;CHEMBL67057;CHEMBL68920;CHEMBL69629;CHEMBL69960;CHEMBL69964,BRICS,True
GEN_0B79B494,Cc1cccc(-c2[nH]c(NCC/N=N/Nc3ccc4ncnc(C(=O)O)c4c3)cc2C)c1,CHEMBL133024;CHEMBL136491;CHEMBL137364;CHEMBL138125;CHEMBL302552;CHEMBL304271;CHEMBL305194;CHEMBL308645;CHEMBL332096;CHEMBL336113;CHEMBL343352;CHEMBL432903;CHEMBL443268;CHEMBL52765;CHEMBL65848;CHEMBL66570;CHEMBL67003;CHEMBL67057;CHEMBL68920;CHEMBL69629;CHEMBL69960;CHEMBL69964,BRICS,True
GEN_4153C140,Cc1cc(NCC/N=N/Nc2ccc3ncnc(C(=O)O)c3c2)[nH]c1-c1ccc(F)c(Cl)c1,CHEMBL133024;CHEMBL136491;CHEMBL137364;CHEMBL138125;CHEMBL302552;CHEMBL304271;CHEMBL305194;CHEMBL308645;CHEMBL332096;CHEMBL336113;CHEMBL343352;CHEMBL432903;CHEMBL443268;CHEMBL52765;CHEMBL65848;CHEMBL66570;CHEMBL67003;CHEMBL67057;CHEMBL68920;CHEMBL69629;CHEMBL69960;CHEMBL69964,BRICS,True
GEN_1AC4C65B,Cc1cc(NCC/N=N/Nc2ccc3ncnc(C(=O)O)c3c2)[nH]c1-c1ccc2c(c1)CCC2,CHEMBL133024;CHEMBL136491;CHEMBL137364;CHEMBL138125;CHEMBL302552;CHEMBL304271;CHEMBL305194;CHEMBL308645;CHEMBL332096;CHEMBL336113;CHEMBL343352;CHEMBL432903;CHEMBL443268;CHEMBL52765;CHEMBL65848;CHEMBL66570;CHEMBL67003;CHEMBL67057;CHEMBL68920;CHEMBL69629;CHEMBL69960;CHEMBL69964,BRICS,True
GEN_E0F1167C,Cc1cc(NCC/N=N/Nc2ccc3ncnc(C(=O)O)c3c2)[nH]c1-c1ccc(O)c([N+](=O)[O-])c1,CHEMBL133024;CHEMBL136491;CHEMBL137364;CHEMBL138125;CHEMBL302552;CHEMBL304271;CHEMBL305194;CHEMBL308645;CHEMBL309625;CHEMBL332096;CHEMBL336113;CHEMBL343352;CHEMBL432903;CHEMBL443268;CHEMBL52765;CHEMBL65848;CHEMBL66570;CHEMBL67003;CHEMBL67057;CHEMBL68920;CHEMBL69629;CHEMBL69960;CHEMBL69964,BRICS,True
GEN_F74F3E8C,Cc1cc(NCC/N=N/Nc2ccc3ncnc(C(=O)O)c3c2)[nH]c1-c1cc(O)cc(O)c1,CHEMBL133024;CHEMBL136491;CHEMBL137364;CHEMBL138125;CHEMBL302552;CHEMBL304271;CHEMBL305194;CHEMBL308645;CHEMBL332096;CHEMBL336113;CHEMBL343352;CHEMBL432903;CHEMBL443268;CHEMBL52765;CHEMBL65848;CHEMBL66570;CHEMBL67003;CHEMBL67057;CHEMBL68920;CHEMBL69629;CHEMBL69960;CHEMBL69964;CHEMBL76905,BRICS,True
GEN_F72C6EA8,Cc1cc(NCC/N=N/Nc2ccc3ncnc(C(=O)O)c3c2)[nH]c1-c1cc(O)ccc1O,CHEMBL133024;CHEMBL136491;CHEMBL137364;CHEMBL138125;CHEMBL302552;CHEMBL304271;CHEMBL305194;CHEMBL308645;CHEMBL332096;CHEMBL336113;CHEMBL343352;CHEMBL432903;CHEMBL443268;CHEMBL52765;CHEMBL65848;CHEMBL66570;CHEMBL67003;CHEMBL67057;CHEMBL68920;CHEMBL69629;CHEMBL69960;CHEMBL69964;CHEMBL76642,BRICS,True
GEN_CD830474,Cc1cc(NCC/N=N/Nc2ccc3ncnc(C(=O)O)c3c2)[nH]c1-c1ccccc1,CHEMBL133024;CHEMBL135592;CHEMBL136491;CHEMBL136492;CHEMBL137364;CHEMBL137635;CHEMBL138125;CHEMBL302552;CHEMBL304271;CHEMBL305194;CHEMBL308645;CHEMBL332096;CHEMBL336113;CHEMBL343352;CHEMBL344652;CHEMBL432903;CHEMBL443268;CHEMBL52765;CHEMBL65848;CHEMBL66570;CHEMBL67003;CHEMBL67057;CHEMBL68920;CHEMBL69629;CHEMBL69960;CHEMBL69964,BRICS,True
GEN_1E027F9C,Cc1cc(NCC/N=N/Nc2ccc3ncnc(C(=O)O)c3c2)[nH]c1-c1ccc(O)c(O)c1,CHEMBL133024;CHEMBL136491;CHEMBL137364;CHEMBL138125;CHEMBL296407;CHEMBL302552;CHEMBL304271;CHEMBL305194;CHEMBL308645;CHEMBL332096;CHEMBL336113;CHEMBL343352;CHEMBL432903;CHEMBL443268;CHEMBL52765;CHEMBL65848;CHEMBL66570;CHEMBL67003;CHEMBL67057;CHEMBL68920;CHEMBL69629;CHEMBL69960;CHEMBL69964;CHEMBL76904,BRICS,True
GEN_BC49D688,Cc1cc(NCC/N=N/Nc2ccc3ncnc(C(=O)O)c3c2)[nH]c1-c1ccc(O)cc1,CHEMBL133024;CHEMBL136491;CHEMBL137364;CHEMBL138125;CHEMBL302552;CHEMBL304271;CHEMBL305194;CHEMBL308645;CHEMBL332096;CHEMBL336113;CHEMBL343352;CHEMBL432903;CHEMBL443268;CHEMBL52765;CHEMBL65848;CHEMBL66570;CHEMBL67003;CHEMBL67057;CHEMBL68920;CHEMBL69629;CHEMBL69960;CHEMBL69964;CHEMBL76589,BRICS,True
GEN_54CFCA16,Cc1cc(NCC/N=N/Nc2ccc3ncnc(C(=O)O)c3c2)[nH]c1-c1cc(O)c(O)c(O)c1,CHEMBL133024;CHEMBL136491;CHEMBL137364;CHEMBL138125;CHEMBL302552;CHEMBL304271;CHEMBL305194;CHEMBL308645;CHEMBL309598;CHEMBL310798;CHEMBL332096;CHEMBL336113;CHEMBL343352;CHEMBL432903;CHEMBL443268;CHEMBL52765;CHEMBL65848;CHEMBL66570;CHEMBL67003;CHEMBL67057;CHEMBL68920;CHEMBL69629;CHEMBL69960;CHEMBL69964,BRICS,True
GEN_3A2DB447,Cc1cc(NCC/N=N/Nc2ccc3ncnc(C(=O)O)c3c2)[nH]c1N1CCN(C)CC1,CHEMBL133024;CHEMBL136491;CHEMBL137364;CHEMBL138125;CHEMBL302552;CHEMBL304271;CHEMBL305194;CHEMBL308645;CHEMBL332096;CHEMBL336113;CHEMBL343352;CHEMBL432903;CHEMBL443268;CHEMBL52765;CHEMBL65848;CHEMBL66570;CHEMBL67003;CHEMBL67057;CHEMBL68920;CHEMBL69629;CHEMBL69960;CHEMBL69964,BRICS,True
GEN_96DAB893,Cc1cc(NCC/N=N/Nc2ccc3ncnc(C(=O)O)c3c2)[nH]c1N1CCOCC1,CHEMBL133024;CHEMBL136491;CHEMBL137364;CHEMBL138125;CHEMBL302552;CHEMBL304271;CHEMBL305194;CHEMBL308645;CHEMBL332096;CHEMBL336113;CHEMBL343352;CHEMBL432903;CHEMBL443268;CHEMBL52765;CHEMBL65848;CHEMBL66570;CHEMBL67003;CHEMBL67057;CHEMBL68920;CHEMBL69629;CHEMBL69960;CHEMBL69964,BRICS,True
GEN_362CBE40,Cc1cc(NCC/N=N/Nc2ccc3ncnc(C(=O)O)c3c2)[nH]c1C(=O)O,CHEMBL133024;CHEMBL136491;CHEMBL137364;CHEMBL138125;CHEMBL302552;CHEMBL304271;CHEMBL305194;CHEMBL308645;CHEMBL332096;CHEMBL336113;CHEMBL343352;CHEMBL432903;CHEMBL443268;CHEMBL52765;CHEMBL65848;CHEMBL66570;CHEMBL67003;CHEMBL67057;CHEMBL68920;CHEMBL69629;CHEMBL69960;CHEMBL69964,BRICS,True
GEN_722E2C5B,COc1[nH]c(C)c(NCC/N=N/Nc2ccc3ncnc(C(=O)O)c3c2)c1C,CHEMBL133024;CHEMBL136491;CHEMBL137364;CHEMBL138125;CHEMBL302552;CHEMBL304271;CHEMBL305194;CHEMBL308645;CHEMBL332096;CHEMBL336113;CHEMBL343352;CHEMBL432903;CHEMBL443268;CHEMBL52765;CHEMBL65848;CHEMBL66570;CHEMBL67003;CHEMBL67057;CHEMBL68920;CHEMBL69629;CHEMBL69960;CHEMBL69964;CHEMBL80155,BRICS,True
GEN_758BD84D,Cc1[nH]c(CCC(=O)O)c(C)c1NCC/N=N/Nc1ccc2ncnc(C(=O)O)c2c1,CHEMBL133024;CHEMBL136491;CHEMBL137364;CHEMBL138125;CHEMBL302552;CHEMBL304271;CHEMBL305194;CHEMBL308645;CHEMBL332096;CHEMBL336113;CHEMBL343352;CHEMBL432903;CHEMBL443268;CHEMBL52765;CHEMBL65848;CHEMBL66570;CHEMBL67003;CHEMBL67057;CHEMBL68920;CHEMBL69629;CHEMBL69960;CHEMBL69964,BRICS,True
GEN_268B08B1,C/N=N/Nc1ccc2ncnc(-c3[nH]c(C)c(NCC/N=N/Nc4ccc5ncnc(C(=O)O)c5c4)c3C)c2c1,CHEMBL133024;CHEMBL135592;CHEMBL136491;CHEMBL137364;CHEMBL138125;CHEMBL302552;CHEMBL304271;CHEMBL305194;CHEMBL308645;CHEMBL332096;CHEMBL336113;CHEMBL343352;CHEMBL432903;CHEMBL443268;CHEMBL52765;CHEMBL65848;CHEMBL66570;CHEMBL67003;CHEMBL67057;CHEMBL68920;CHEMBL69629;CHEMBL69960;CHEMBL69964,BRICS,True
GEN_85E09609,Cc1cc(C)c(-c2[nH]c(C)c(NCC/N=N/Nc3ccc4ncnc(C(=O)O)c4c3)c2C)[nH]1,CHEMBL133024;CHEMBL136491;CHEMBL137364;CHEMBL138125;CHEMBL302552;CHEMBL304271;CHEMBL305194;CHEMBL308645;CHEMBL332096;CHEMBL336113;CHEMBL343352;CHEMBL432903;CHEMBL443268;CHEMBL52765;CHEMBL65848;CHEMBL66570;CHEMBL67003;CHEMBL67057;CHEMBL68920;CHEMBL69629;CHEMBL69960;CHEMBL69964,BRICS,True
GEN_4BD45D5D,Cc1[nH]c(-c2ccccn2)c(C)c1NCC/N=N/Nc1ccc2ncnc(C(=O)O)c2c1,CHEMBL133024;CHEMBL136491;CHEMBL137364;CHEMBL137635;CHEMBL138125;CHEMBL302552;CHEMBL304271;CHEMBL305194;CHEMBL308645;CHEMBL332096;CHEMBL336113;CHEMBL343352;CHEMBL432903;CHEMBL443268;CHEMBL52765;CHEMBL65848;CHEMBL66570;CHEMBL67003;CHEMBL67057;CHEMBL68920;CHEMBL69629;CHEMBL69960;CHEMBL69964,BRICS,True
GEN_10EF27F5,Cc1[nH]c(-c2ncnc3ccc(N)cc23)c(C)c1NCC/N=N/Nc1ccc2ncnc(C(=O)O)c2c1,CHEMBL133024;CHEMBL136491;CHEMBL136492;CHEMBL137364;CHEMBL138125;CHEMBL302552;CHEMBL304271;CHEMBL305194;CHEMBL308645;CHEMBL332096;CHEMBL336113;CHEMBL343352;CHEMBL432903;CHEMBL443268;CHEMBL52765;CHEMBL65848;CHEMBL66570;CHEMBL67003;CHEMBL67057;CHEMBL68920;CHEMBL69629;CHEMBL69960;CHEMBL69964,BRICS,True
GEN_D43FFB4D,Cc1[nH]c(-c2ncnc3ccc(/N=N/N(C)C)cc23)c(C)c1NCC/N=N/Nc1ccc2ncnc(C(=O)O)c2c1,CHEMBL133024;CHEMBL136491;CHEMBL137364;CHEMBL138125;CHEMBL302552;CHEMBL304271;CHEMBL305194;CHEMBL308645;CHEMBL332096;CHEMBL336113;CHEMBL343352;CHEMBL344652;CHEMBL432903;CHEMBL443268;CHEMBL52765;CHEMBL65848;CHEMBL66570;CHEMBL67003;CHEMBL67057;CHEMBL68920;CHEMBL69629;CHEMBL69960;CHEMBL69964,BRICS,True
GEN_159146E3,Cc1[nH]c(-c2cc(O)ccc2[N+](=O)[O-])c(C)c1NCC/N=N/Nc1ccc2ncnc(C(=O)O)c2c1,CHEMBL133024;CHEMBL136491;CHEMBL137364;CHEMBL138125;CHEMBL302552;CHEMBL304271;CHEMBL305194;CHEMBL308645;CHEMBL332096;CHEMBL336113;CHEMBL343352;CHEMBL432903;CHEMBL443268;CHEMBL52765;CHEMBL65848;CHEMBL66570;CHEMBL67003;CHEMBL67057;CHEMBL68920;CHEMBL69629;CHEMBL69960;CHEMBL69964;CHEMBL77085,BRICS,True
GEN_B63105DE,Cc1[nH]c(-c2ccc(C=O)cc2)c(C)c1NCC/N=N/Nc1ccc2ncnc(C(=O)O)c2c1,CHEMBL133024;CHEMBL136491;CHEMBL137364;CHEMBL138125;CHEMBL302552;CHEMBL304271;CHEMBL305194;CHEMBL308645;CHEMBL311119;CHEMBL332096;CHEMBL336113;CHEMBL343352;CHEMBL432903;CHEMBL443268;CHEMBL52765;CHEMBL65848;CHEMBL66570;CHEMBL67003;CHEMBL67057;CHEMBL68920;CHEMBL69629;CHEMBL69960;CHEMBL69964;CHEMBL76985,BRICS,True
GEN_DD29A225,Cc1[nH]c(-c2cccc(Br)c2)c(C)c1NCC/N=N/Nc1ccc2ncnc(C(=O)O)c2c1,CHEMBL133024;CHEMBL136491;CHEMBL137364;CHEMBL138125;CHEMBL302552;CHEMBL304271;CHEMBL305194;CHEMBL308645;CHEMBL332096;CHEMBL336113;CHEMBL343352;CHEMBL432903;CHEMBL443268;CHEMBL52765;CHEMBL65848;CHEMBL66570;CHEMBL67003;CHEMBL67057;CHEMBL68920;CHEMBL69629;CHEMBL69960;CHEMBL69964,BRICS,True
GEN_21973641,Cc1[nH]c(-c2cccc(Cl)c2)c(C)c1NCC/N=N/Nc1ccc2ncnc(C(=O)O)c2c1,CHEMBL133024;CHEMBL136491;CHEMBL137364;CHEMBL138125;CHEMBL302552;CHEMBL304271;CHEMBL305194;CHEMBL308645;CHEMBL332096;CHEMBL336113;CHEMBL343352;CHEMBL432903;CHEMBL443268;CHEMBL52765;CHEMBL65848;CHEMBL66570;CHEMBL67003;CHEMBL67057;CHEMBL68920;CHEMBL69629;CHEMBL69960;CHEMBL69964,BRICS,True
GEN_6E4800A7,Cc1cccc(-c2[nH]c(C)c(NCC/N=N/Nc3ccc4ncnc(C(=O)O)c4c3)c2C)c1,CHEMBL133024;CHEMBL136491;CHEMBL137364;CHEMBL138125;CHEMBL302552;CHEMBL304271;CHEMBL305194;CHEMBL308645;CHEMBL332096;CHEMBL336113;CHEMBL343352;CHEMBL432903;CHEMBL443268;CHEMBL52765;CHEMBL65848;CHEMBL66570;CHEMBL67003;CHEMBL67057;CHEMBL68920;CHEMBL69629;CHEMBL69960;CHEMBL69964,BRICS,True
GEN_DB5537AD,Cc1[nH]c(-c2ccc(F)c(Cl)c2)c(C)c1NCC/N=N/Nc1ccc2ncnc(C(=O)O)c2c1,CHEMBL133024;CHEMBL136491;CHEMBL137364;CHEMBL138125;CHEMBL302552;CHEMBL304271;CHEMBL305194;CHEMBL308645;CHEMBL332096;CHEMBL336113;CHEMBL343352;CHEMBL432903;CHEMBL443268;CHEMBL52765;CHEMBL65848;CHEMBL66570;CHEMBL67003;CHEMBL67057;CHEMBL68920;CHEMBL69629;CHEMBL69960;CHEMBL69964,BRICS,True
GEN_C29EDAFF,Cc1[nH]c(-c2ccc3c(c2)CCC3)c(C)c1NCC/N=N/Nc1ccc2ncnc(C(=O)O)c2c1,CHEMBL133024;CHEMBL136491;CHEMBL137364;CHEMBL138125;CHEMBL302552;CHEMBL304271;CHEMBL305194;CHEMBL308645;CHEMBL332096;CHEMBL336113;CHEMBL343352;CHEMBL432903;CHEMBL443268;CHEMBL52765;CHEMBL65848;CHEMBL66570;CHEMBL67003;CHEMBL67057;CHEMBL68920;CHEMBL69629;CHEMBL69960;CHEMBL69964,BRICS,True
GEN_536A8C9F,Cc1[nH]c(-c2ccc(O)c([N+](=O)[O-])c2)c(C)c1NCC/N=N/Nc1ccc2ncnc(C(=O)O)c2c1,CHEMBL133024;CHEMBL136491;CHEMBL137364;CHEMBL138125;CHEMBL302552;CHEMBL304271;CHEMBL305194;CHEMBL308645;CHEMBL309625;CHEMBL332096;CHEMBL336113;CHEMBL343352;CHEMBL432903;CHEMBL443268;CHEMBL52765;CHEMBL65848;CHEMBL66570;CHEMBL67003;CHEMBL67057;CHEMBL68920;CHEMBL69629;CHEMBL69960;CHEMBL69964,BRICS,True
GEN_421CFBF3,Cc1[nH]c(-c2cc(O)cc(O)c2)c(C)c1NCC/N=N/Nc1ccc2ncnc(C(=O)O)c2c1,CHEMBL133024;CHEMBL136491;CHEMBL137364;CHEMBL138125;CHEMBL302552;CHEMBL304271;CHEMBL305194;CHEMBL308645;CHEMBL332096;CHEMBL336113;CHEMBL343352;CHEMBL432903;CHEMBL443268;CHEMBL52765;CHEMBL65848;CHEMBL66570;CHEMBL67003;CHEMBL67057;CHEMBL68920;CHEMBL69629;CHEMBL69960;CHEMBL69964;CHEMBL76905,BRICS,True
GEN_000B5CAC,Cc1[nH]c(-c2cc(O)ccc2O)c(C)c1NCC/N=N/Nc1ccc2ncnc(C(=O)O)c2c1,CHEMBL133024;CHEMBL136491;CHEMBL137364;CHEMBL138125;CHEMBL302552;CHEMBL304271;CHEMBL305194;CHEMBL308645;CHEMBL332096;CHEMBL336113;CHEMBL343352;CHEMBL432903;CHEMBL443268;CHEMBL52765;CHEMBL65848;CHEMBL66570;CHEMBL67003;CHEMBL67057;CHEMBL68920;CHEMBL69629;CHEMBL69960;CHEMBL69964;CHEMBL76642,BRICS,True
GEN_2B56773C,Cc1[nH]c(-c2ccccc2)c(C)c1NCC/N=N/Nc1ccc2ncnc(C(=O)O)c2c1,CHEMBL133024;CHEMBL135592;CHEMBL136491;CHEMBL136492;CHEMBL137364;CHEMBL137635;CHEMBL138125;CHEMBL302552;CHEMBL304271;CHEMBL305194;CHEMBL308645;CHEMBL332096;CHEMBL336113;CHEMBL343352;CHEMBL344652;CHEMBL432903;CHEMBL443268;CHEMBL52765;CHEMBL65848;CHEMBL66570;CHEMBL67003;CHEMBL67057;CHEMBL68920;CHEMBL69629;CHEMBL69960;CHEMBL69964,BRICS,True
GEN_63EB3953,Cc1[nH]c(-c2ccc(O)c(O)c2)c(C)c1NCC/N=N/Nc1ccc2ncnc(C(=O)O)c2c1,CHEMBL133024;CHEMBL136491;CHEMBL137364;CHEMBL138125;CHEMBL296407;CHEMBL302552;CHEMBL304271;CHEMBL305194;CHEMBL308645;CHEMBL332096;CHEMBL336113;CHEMBL343352;CHEMBL432903;CHEMBL443268;CHEMBL52765;CHEMBL65848;CHEMBL66570;CHEMBL67003;CHEMBL67057;CHEMBL68920;CHEMBL69629;CHEMBL69960;CHEMBL69964;CHEMBL76904,BRICS,True
GEN_111AA81D,Cc1[nH]c(-c2ccc(O)cc2)c(C)c1NCC/N=N/Nc1ccc2ncnc(C(=O)O)c2c1,CHEMBL133024;CHEMBL136491;CHEMBL137364;CHEMBL138125;CHEMBL302552;CHEMBL304271;CHEMBL305194;CHEMBL308645;CHEMBL332096;CHEMBL336113;CHEMBL343352;CHEMBL432903;CHEMBL443268;CHEMBL52765;CHEMBL65848;CHEMBL66570;CHEMBL67003;CHEMBL67057;CHEMBL68920;CHEMBL69629;CHEMBL69960;CHEMBL69964;CHEMBL76589,BRICS,True
GEN_AB869CD0,Cc1[nH]c(-c2cc(O)c(O)c(O)c2)c(C)c1NCC/N=N/Nc1ccc2ncnc(C(=O)O)c2c1,CHEMBL133024;CHEMBL136491;CHEMBL137364;CHEMBL138125;CHEMBL302552;CHEMBL304271;CHEMBL305194;CHEMBL308645;CHEMBL309598;CHEMBL310798;CHEMBL332096;CHEMBL336113;CHEMBL343352;CHEMBL432903;CHEMBL443268;CHEMBL52765;CHEMBL65848;CHEMBL66570;CHEMBL67003;CHEMBL67057;CHEMBL68920;CHEMBL69629;CHEMBL69960;CHEMBL69964,BRICS,True
GEN_E5580104,Cc1[nH]c(N2CCN(C)CC2)c(C)c1NCC/N=N/Nc1ccc2ncnc(C(=O)O)c2c1,CHEMBL133024;CHEMBL136491;CHEMBL137364;CHEMBL138125;CHEMBL302552;CHEMBL304271;CHEMBL305194;CHEMBL308645;CHEMBL332096;CHEMBL336113;CHEMBL343352;CHEMBL432903;CHEMBL443268;CHEMBL52765;CHEMBL65848;CHEMBL66570;CHEMBL67003;CHEMBL67057;CHEMBL68920;CHEMBL69629;CHEMBL69960;CHEMBL69964,BRICS,True
GEN_CA0C9D87,Cc1[nH]c(N2CCOCC2)c(C)c1NCC/N=N/Nc1ccc2ncnc(C(=O)O)c2c1,CHEMBL133024;CHEMBL136491;CHEMBL137364;CHEMBL138125;CHEMBL302552;CHEMBL304271;CHEMBL305194;CHEMBL308645;CHEMBL332096;CHEMBL336113;CHEMBL343352;CHEMBL432903;CHEMBL443268;CHEMBL52765;CHEMBL65848;CHEMBL66570;CHEMBL67003;CHEMBL67057;CHEMBL68920;CHEMBL69629;CHEMBL69960;CHEMBL69964,BRICS,True
GEN_05854BB6,Cc1[nH]c(C(=O)O)c(C)c1NCC/N=N/Nc1ccc2ncnc(C(=O)O)c2c1,CHEMBL133024;CHEMBL136491;CHEMBL137364;CHEMBL138125;CHEMBL302552;CHEMBL304271;CHEMBL305194;CHEMBL308645;CHEMBL332096;CHEMBL336113;CHEMBL343352;CHEMBL432903;CHEMBL443268;CHEMBL52765;CHEMBL65848;CHEMBL66570;CHEMBL67003;CHEMBL67057;CHEMBL68920;CHEMBL69629;CHEMBL69960;CHEMBL69964,BRICS,True
GEN_4DB9F2C4,CN1C(=O)C(=C(C#N)C#N)c2c(NCC/N=N/Nc3ccc4ncnc(C(=O)O)c4c3)ncnc21,CHEMBL133024;CHEMBL136491;CHEMBL137364;CHEMBL138125;CHEMBL302552;CHEMBL304271;CHEMBL305194;CHEMBL308645;CHEMBL309598;CHEMBL309625;CHEMBL310798;CHEMBL311119;CHEMBL332096;CHEMBL336113;CHEMBL343352;CHEMBL432903;CHEMBL443268;CHEMBL52765;CHEMBL65848;CHEMBL66570;CHEMBL67003;CHEMBL67057;CHEMBL68920;CHEMBL69629;CHEMBL69960;CHEMBL69964;CHEMBL76589;CHEMBL76904;CHEMBL76905;CHEMBL77085;CHEMBL80155,BRICS,True
GEN_B8DD1E82,CN1C(=O)C(=C(C#N)C(N)=O)c2c(NCC/N=N/Nc3ccc4ncnc(C(=O)O)c4c3)ncnc21,CHEMBL133024;CHEMBL136491;CHEMBL137364;CHEMBL138125;CHEMBL296407;CHEMBL302552;CHEMBL304271;CHEMBL305194;CHEMBL308645;CHEMBL332096;CHEMBL336113;CHEMBL343352;CHEMBL432903;CHEMBL443268;CHEMBL52765;CHEMBL65848;CHEMBL66570;CHEMBL67003;CHEMBL67057;CHEMBL68920;CHEMBL69629;CHEMBL69960;CHEMBL69964,BRICS,True
GEN_074A44AB,CN1C(=O)C(=C(C#N)C(=O)O)c2c(NCC/N=N/Nc3ccc4ncnc(C(=O)O)c4c3)ncnc21,CHEMBL133024;CHEMBL136491;CHEMBL137364;CHEMBL138125;CHEMBL302552;CHEMBL304271;CHEMBL305194;CHEMBL308645;CHEMBL332096;CHEMBL336113;CHEMBL343352;CHEMBL432903;CHEMBL443268;CHEMBL52765;CHEMBL65848;CHEMBL66570;CHEMBL67003;CHEMBL67057;CHEMBL68920;CHEMBL69629;CHEMBL69960;CHEMBL69964;CHEMBL76642;CHEMBL76985,BRICS,True
GEN_2D2C56EF,C/N=N/Nc1ccc2ncnc(CNCC/N=N/Nc3ccc4ncnc(C(=O)O)c4c3)c2c1,CHEMBL133024;CHEMBL135592;CHEMBL136491;CHEMBL137364;CHEMBL138125;CHEMBL302552;CHEMBL304271;CHEMBL305194;CHEMBL308645;CHEMBL332096;CHEMBL336113;CHEMBL343352;CHEMBL432903;CHEMBL443268;CHEMBL52765;CHEMBL65848;CHEMBL66570;CHEMBL67003;CHEMBL67057;CHEMBL68920;CHEMBL69629;CHEMBL69960;CHEMBL69964,BRICS,True
GEN_277C0256,Cc1cc(C)c(CNCC/N=N/Nc2ccc3ncnc(C(=O)O)c3c2)[nH]1,CHEMBL133024;CHEMBL136491;CHEMBL137364;CHEMBL138125;CHEMBL302552;CHEMBL304271;CHEMBL305194;CHEMBL308645;CHEMBL332096;CHEMBL336113;CHEMBL343352;CHEMBL432903;CHEMBL443268;CHEMBL52765;CHEMBL65848;CHEMBL66570;CHEMBL67003;CHEMBL67057;CHEMBL68920;CHEMBL69629;CHEMBL69960;CHEMBL69964,BRICS,True
GEN_685FD3B8,O=C(O)c1ncnc2ccc(N/N=N/CCNCc3ccccn3)cc12,CHEMBL133024;CHEMBL136491;CHEMBL137364;CHEMBL137635;CHEMBL138125;CHEMBL302552;CHEMBL304271;CHEMBL305194;CHEMBL308645;CHEMBL332096;CHEMBL336113;CHEMBL343352;CHEMBL432903;CHEMBL443268;CHEMBL52765;CHEMBL65848;CHEMBL66570;CHEMBL67003;CHEMBL67057;CHEMBL68920;CHEMBL69629;CHEMBL69960;CHEMBL69964,BRICS,True
GEN_9ACDBB4E,Nc1ccc2ncnc(CNCC/N=N/Nc3ccc4ncnc(C(=O)O)c4c3)c2c1,CHEMBL133024;CHEMBL136491;CHEMBL136492;CHEMBL137364;CHEMBL138125;CHEMBL302552;CHEMBL304271;CHEMBL305194;CHEMBL308645;CHEMBL332096;CHEMBL336113;CHEMBL343352;CHEMBL432903;CHEMBL443268;CHEMBL52765;CHEMBL65848;CHEMBL66570;CHEMBL67003;CHEMBL67057;CHEMBL68920;CHEMBL69629;CHEMBL69960;CHEMBL69964,BRICS,True
GEN_6A2E500A,CN(C)/N=N/c1ccc2ncnc(CNCC/N=N/Nc3ccc4ncnc(C(=O)O)c4c3)c2c1,CHEMBL133024;CHEMBL136491;CHEMBL137364;CHEMBL138125;CHEMBL302552;CHEMBL304271;CHEMBL305194;CHEMBL308645;CHEMBL332096;CHEMBL336113;CHEMBL343352;CHEMBL344652;CHEMBL432903;CHEMBL443268;CHEMBL52765;CHEMBL65848;CHEMBL66570;CHEMBL67003;CHEMBL67057;CHEMBL68920;CHEMBL69629;CHEMBL69960;CHEMBL69964,BRICS,True
GEN_412295C8,O=C(O)c1ncnc2ccc(N/N=N/CCNCc3cc(O)ccc3[N+](=O)[O-])cc12,CHEMBL133024;CHEMBL136491;CHEMBL137364;CHEMBL138125;CHEMBL302552;CHEMBL304271;CHEMBL305194;CHEMBL308645;CHEMBL332096;CHEMBL336113;CHEMBL343352;CHEMBL432903;CHEMBL443268;CHEMBL52765;CHEMBL65848;CHEMBL66570;CHEMBL67003;CHEMBL67057;CHEMBL68920;CHEMBL69629;CHEMBL69960;CHEMBL69964;CHEMBL77085,BRICS,True
GEN_A593A5B6,O=Cc1ccc(CNCC/N=N/Nc2ccc3ncnc(C(=O)O)c3c2)cc1,CHEMBL133024;CHEMBL136491;CHEMBL137364;CHEMBL138125;CHEMBL302552;CHEMBL304271;CHEMBL305194;CHEMBL308645;CHEMBL311119;CHEMBL332096;CHEMBL336113;CHEMBL343352;CHEMBL432903;CHEMBL443268;CHEMBL52765;CHEMBL65848;CHEMBL66570;CHEMBL67003;CHEMBL67057;CHEMBL68920;CHEMBL69629;CHEMBL69960;CHEMBL69964;CHEMBL76985,BRICS,True
GEN_0CE22654,O=C(O)c1ncnc2ccc(N/N=N/CCNCc3cccc(Br)c3)cc12,CHEMBL133024;CHEMBL136491;CHEMBL137364;CHEMBL138125;CHEMBL302552;CHEMBL304271;CHEMBL305194;CHEMBL308645;CHEMBL332096;CHEMBL336113;CHEMBL343352;CHEMBL432903;CHEMBL443268;CHEMBL52765;CHEMBL65848;CHEMBL66570;CHEMBL67003;CHEMBL67057;CHEMBL68920;CHEMBL69629;CHEMBL69960;CHEMBL69964,BRICS,True
GEN_7662DD1D,O=C(O)c1ncnc2ccc(N/N=N/CCNCc3cccc(Cl)c3)cc12,CHEMBL133024;CHEMBL136491;CHEMBL137364;CHEMBL138125;CHEMBL302552;CHEMBL304271;CHEMBL305194;CHEMBL308645;CHEMBL332096;CHEMBL336113;CHEMBL343352;CHEMBL432903;CHEMBL443268;CHEMBL52765;CHEMBL65848;CHEMBL66570;CHEMBL67003;CHEMBL67057;CHEMBL68920;CHEMBL69629;CHEMBL69960;CHEMBL69964,BRICS,True
GEN_A27021B9,Cc1cccc(CNCC/N=N/Nc2ccc3ncnc(C(=O)O)c3c2)c1,CHEMBL133024;CHEMBL136491;CHEMBL137364;CHEMBL138125;CHEMBL302552;CHEMBL304271;CHEMBL305194;CHEMBL308645;CHEMBL332096;CHEMBL336113;CHEMBL343352;CHEMBL432903;CHEMBL443268;CHEMBL52765;CHEMBL65848;CHEMBL66570;CHEMBL67003;CHEMBL67057;CHEMBL68920;CHEMBL69629;CHEMBL69960;CHEMBL69964,BRICS,True
GEN_EC1C4336,O=C(O)c1ncnc2ccc(N/N=N/CCNCc3ccc(F)c(Cl)c3)cc12,CHEMBL133024;CHEMBL136491;CHEMBL137364;CHEMBL138125;CHEMBL302552;CHEMBL304271;CHEMBL305194;CHEMBL308645;CHEMBL332096;CHEMBL336113;CHEMBL343352;CHEMBL432903;CHEMBL443268;CHEMBL52765;CHEMBL65848;CHEMBL66570;CHEMBL67003;CHEMBL67057;CHEMBL68920;CHEMBL69629;CHEMBL69960;CHEMBL69964,BRICS,True
GEN_671B3B5D,O=C(O)c1ncnc2ccc(N/N=N/CCNCc3ccc4c(c3)CCC4)cc12,CHEMBL133024;CHEMBL136491;CHEMBL137364;CHEMBL138125;CHEMBL302552;CHEMBL304271;CHEMBL305194;CHEMBL308645;CHEMBL332096;CHEMBL336113;CHEMBL343352;CHEMBL432903;CHEMBL443268;CHEMBL52765;CHEMBL65848;CHEMBL66570;CHEMBL67003;CHEMBL67057;CHEMBL68920;CHEMBL69629;CHEMBL69960;CHEMBL69964,BRICS,True
GEN_EF7B1047,O=C(O)c1ncnc2ccc(N/N=N/CCNCc3ccc(O)c([N+](=O)[O-])c3)cc12,CHEMBL133024;CHEMBL136491;CHEMBL137364;CHEMBL138125;CHEMBL302552;CHEMBL304271;CHEMBL305194;CHEMBL308645;CHEMBL309625;CHEMBL332096;CHEMBL336113;CHEMBL343352;CHEMBL432903;CHEMBL443268;CHEMBL52765;CHEMBL65848;CHEMBL66570;CHEMBL67003;CHEMBL67057;CHEMBL68920;CHEMBL69629;CHEMBL69960;CHEMBL69964,BRICS,True
GEN_A0CE4C3E,O=C(O)c1ncnc2ccc(N/N=N/CCNCc3cc(O)cc(O)c3)cc12,CHEMBL133024;CHEMBL136491;CHEMBL137364;CHEMBL138125;CHEMBL302552;CHEMBL304271;CHEMBL305194;CHEMBL308645;CHEMBL332096;CHEMBL336113;CHEMBL343352;CHEMBL432903;CHEMBL443268;CHEMBL52765;CHEMBL65848;CHEMBL66570;CHEMBL67003;CHEMBL67057;CHEMBL68920;CHEMBL69629;CHEMBL69960;CHEMBL69964;CHEMBL76905,BRICS,True
GEN_DE41521F,O=C(O)c1ncnc2ccc(N/N=N/CCNCc3cc(O)ccc3O)cc12,CHEMBL133024;CHEMBL136491;CHEMBL137364;CHEMBL138125;CHEMBL302552;CHEMBL304271;CHEMBL305194;CHEMBL308645;CHEMBL332096;CHEMBL336113;CHEMBL343352;CHEMBL432903;CHEMBL443268;CHEMBL52765;CHEMBL65848;CHEMBL66570;CHEMBL67003;CHEMBL67057;CHEMBL68920;CHEMBL69629;CHEMBL69960;CHEMBL69964;CHEMBL76642,BRICS,True
GEN_FBA5BCBD,O=C(O)c1ncnc2ccc(N/N=N/CCNCc3ccccc3)cc12,CHEMBL133024;CHEMBL135592;CHEMBL136491;CHEMBL136492;CHEMBL137364;CHEMBL137635;CHEMBL138125;CHEMBL302552;CHEMBL304271;CHEMBL305194;CHEMBL308645;CHEMBL332096;CHEMBL336113;CHEMBL343352;CHEMBL344652;CHEMBL432903;CHEMBL443268;CHEMBL52765;CHEMBL65848;CHEMBL66570;CHEMBL67003;CHEMBL67057;CHEMBL68920;CHEMBL69629;CHEMBL69960;CHEMBL69964,BRICS,True
GEN_EA3BB50E,O=C(O)c1ncnc2ccc(N/N=N/CCNCc3ccc(O)c(O)c3)cc12,CHEMBL133024;CHEMBL136491;CHEMBL137364;CHEMBL138125;CHEMBL296407;CHEMBL302552;CHEMBL304271;CHEMBL305194;CHEMBL308645;CHEMBL332096;CHEMBL336113;CHEMBL343352;CHEMBL432903;CHEMBL443268;CHEMBL52765;CHEMBL65848;CHEMBL66570;CHEMBL67003;CHEMBL67057;CHEMBL68920;CHEMBL69629;CHEMBL69960;CHEMBL69964;CHEMBL76904,BRICS,True
GEN_1944361D,O=C(O)c1ncnc2ccc(N/N=N/CCNCc3ccc(O)cc3)cc12,CHEMBL133024;CHEMBL136491;CHEMBL137364;CHEMBL138125;CHEMBL302552;CHEMBL304271;CHEMBL305194;CHEMBL308645;CHEMBL332096;CHEMBL336113;CHEMBL343352;CHEMBL432903;CHEMBL443268;CHEMBL52765;CHEMBL65848;CHEMBL66570;CHEMBL67003;CHEMBL67057;CHEMBL68920;CHEMBL69629;CHEMBL69960;CHEMBL69964;CHEMBL76589,BRICS,True
GEN_1696787F,O=C(O)c1ncnc2ccc(N/N=N/CCNCc3cc(O)c(O)c(O)c3)cc12,CHEMBL133024;CHEMBL136491;CHEMBL137364;CHEMBL138125;CHEMBL302552;CHEMBL304271;CHEMBL305194;CHEMBL308645;CHEMBL309598;CHEMBL310798;CHEMBL332096;CHEMBL336113;CHEMBL343352;CHEMBL432903;CHEMBL443268;CHEMBL52765;CHEMBL65848;CHEMBL66570;CHEMBL67003;CHEMBL67057;CHEMBL68920;CHEMBL69629;CHEMBL69960;CHEMBL69964,BRICS,True
GEN_76DA0A02,COc1ccc(NCC/N=N/Nc2ccc3ncnc(C(=O)O)c3c2)[nH]1,CHEMBL133024;CHEMBL136491;CHEMBL137364;CHEMBL138125;CHEMBL302552;CHEMBL304271;CHEMBL305194;CHEMBL308645;CHEMBL332096;CHEMBL336113;CHEMBL343352;CHEMBL432903;CHEMBL443268;CHEMBL52765;CHEMBL65848;CHEMBL66570;CHEMBL67003;CHEMBL67057;CHEMBL68920;CHEMBL69629;CHEMBL69960;CHEMBL69964;CHEMBL80155,BRICS,True
GEN_E589A5B3,O=C(O)CCc1ccc(NCC/N=N/Nc2ccc3ncnc(C(=O)O)c3c2)[nH]1,CHEMBL133024;CHEMBL136491;CHEMBL137364;CHEMBL138125;CHEMBL302552;CHEMBL304271;CHEMBL305194;CHEMBL308645;CHEMBL332096;CHEMBL336113;CHEMBL343352;CHEMBL432903;CHEMBL443268;CHEMBL52765;CHEMBL65848;CHEMBL66570;CHEMBL67003;CHEMBL67057;CHEMBL68920;CHEMBL69629;CHEMBL69960;CHEMBL69964,BRICS,True
GEN_20D94037,C/N=N/Nc1ccc2ncnc(-c3ccc(NCC/N=N/Nc4ccc5ncnc(C(=O)O)c5c4)[nH]3)c2c1,CHEMBL133024;CHEMBL135592;CHEMBL136491;CHEMBL137364;CHEMBL138125;CHEMBL302552;CHEMBL304271;CHEMBL305194;CHEMBL308645;CHEMBL332096;CHEMBL336113;CHEMBL343352;CHEMBL432903;CHEMBL443268;CHEMBL52765;CHEMBL65848;CHEMBL66570;CHEMBL67003;CHEMBL67057;CHEMBL68920;CHEMBL69629;CHEMBL69960;CHEMBL69964,BRICS,True
GEN_7A010EB1,Cc1cc(C)c(-c2ccc(NCC/N=N/Nc3ccc4ncnc(C(=O)O)c4c3)[nH]2)[nH]1,CHEMBL133024;CHEMBL136491;CHEMBL137364;CHEMBL138125;CHEMBL302552;CHEMBL304271;CHEMBL305194;CHEMBL308645;CHEMBL332096;CHEMBL336113;CHEMBL343352;CHEMBL432903;CHEMBL443268;CHEMBL52765;CHEMBL65848;CHEMBL66570;CHEMBL67003;CHEMBL67057;CHEMBL68920;CHEMBL69629;CHEMBL69960;CHEMBL69964,BRICS,True
GEN_EF440BD6,O=C(O)c1ncnc2ccc(N/N=N/CCNc3ccc(-c4ccccn4)[nH]3)cc12,CHEMBL133024;CHEMBL136491;CHEMBL137364;CHEMBL137635;CHEMBL138125;CHEMBL302552;CHEMBL304271;CHEMBL305194;CHEMBL308645;CHEMBL332096;CHEMBL336113;CHEMBL343352;CHEMBL432903;CHEMBL443268;CHEMBL52765;CHEMBL65848;CHEMBL66570;CHEMBL67003;CHEMBL67057;CHEMBL68920;CHEMBL69629;CHEMBL69960;CHEMBL69964,BRICS,True
GEN_C3347969,Nc1ccc2ncnc(-c3ccc(NCC/N=N/Nc4ccc5ncnc(C(=O)O)c5c4)[nH]3)c2c1,CHEMBL133024;CHEMBL136491;CHEMBL136492;CHEMBL137364;CHEMBL138125;CHEMBL302552;CHEMBL304271;CHEMBL305194;CHEMBL308645;CHEMBL332096;CHEMBL336113;CHEMBL343352;CHEMBL432903;CHEMBL443268;CHEMBL52765;CHEMBL65848;CHEMBL66570;CHEMBL67003;CHEMBL67057;CHEMBL68920;CHEMBL69629;CHEMBL69960;CHEMBL69964,BRICS,True
GEN_74B1A997,CN(C)/N=N/c1ccc2ncnc(-c3ccc(NCC/N=N/Nc4ccc5ncnc(C(=O)O)c5c4)[nH]3)c2c1,CHEMBL133024;CHEMBL136491;CHEMBL137364;CHEMBL138125;CHEMBL302552;CHEMBL304271;CHEMBL305194;CHEMBL308645;CHEMBL332096;CHEMBL336113;CHEMBL343352;CHEMBL344652;CHEMBL432903;CHEMBL443268;CHEMBL52765;CHEMBL65848;CHEMBL66570;CHEMBL67003;CHEMBL67057;CHEMBL68920;CHEMBL69629;CHEMBL69960;CHEMBL69964,BRICS,True
GEN_8E1B337B,O=C(O)c1ncnc2ccc(N/N=N/CCNc3ccc(-c4cc(O)ccc4[N+](=O)[O-])[nH]3)cc12,CHEMBL133024;CHEMBL136491;CHEMBL137364;CHEMBL138125;CHEMBL302552;CHEMBL304271;CHEMBL305194;CHEMBL308645;CHEMBL332096;CHEMBL336113;CHEMBL343352;CHEMBL432903;CHEMBL443268;CHEMBL52765;CHEMBL65848;CHEMBL66570;CHEMBL67003;CHEMBL67057;CHEMBL68920;CHEMBL69629;CHEMBL69960;CHEMBL69964;CHEMBL77085,BRICS,True
GEN_53F6987C,O=Cc1ccc(-c2ccc(NCC/N=N/Nc3ccc4ncnc(C(=O)O)c4c3)[nH]2)cc1,CHEMBL133024;CHEMBL136491;CHEMBL137364;CHEMBL138125;CHEMBL302552;CHEMBL304271;CHEMBL305194;CHEMBL308645;CHEMBL311119;CHEMBL332096;CHEMBL336113;CHEMBL343352;CHEMBL432903;CHEMBL443268;CHEMBL52765;CHEMBL65848;CHEMBL66570;CHEMBL67003;CHEMBL67057;CHEMBL68920;CHEMBL69629;CHEMBL69960;CHEMBL69964;CHEMBL76985,BRICS,True
GEN_DBE110EF,O=C(O)c1ncnc2ccc(N/N=N/CCNc3ccc(-c4cccc(Br)c4)[nH]3)cc12,CHEMBL133024;CHEMBL136491;CHEMBL137364;CHEMBL138125;CHEMBL302552;CHEMBL304271;CHEMBL305194;CHEMBL308645;CHEMBL332096;CHEMBL336113;CHEMBL343352;CHEMBL432903;CHEMBL443268;CHEMBL52765;CHEMBL65848;CHEMBL66570;CHEMBL67003;CHEMBL67057;CHEMBL68920;CHEMBL69629;CHEMBL69960;CHEMBL69964,BRICS,True
GEN_38CC9452,O=C(O)c1ncnc2ccc(N/N=N/CCNc3ccc(-c4cccc(Cl)c4)[nH]3)cc12,CHEMBL133024;CHEMBL136491;CHEMBL137364;CHEMBL138125;CHEMBL302552;CHEMBL304271;CHEMBL305194;CHEMBL308645;CHEMBL332096;CHEMBL336113;CHEMBL343352;CHEMBL432903;CHEMBL443268;CHEMBL52765;CHEMBL65848;CHEMBL66570;CHEMBL67003;CHEMBL67057;CHEMBL68920;CHEMBL69629;CHEMBL69960;CHEMBL69964,BRICS,True
GEN_4A2683ED,Cc1cccc(-c2ccc(NCC/N=N/Nc3ccc4ncnc(C(=O)O)c4c3)[nH]2)c1,CHEMBL133024;CHEMBL136491;CHEMBL137364;CHEMBL138125;CHEMBL302552;CHEMBL304271;CHEMBL305194;CHEMBL308645;CHEMBL332096;CHEMBL336113;CHEMBL343352;CHEMBL432903;CHEMBL443268;CHEMBL52765;CHEMBL65848;CHEMBL66570;CHEMBL67003;CHEMBL67057;CHEMBL68920;CHEMBL69629;CHEMBL69960;CHEMBL69964,BRICS,True
GEN_8F277574,O=C(O)c1ncnc2ccc(N/N=N/CCNc3ccc(-c4ccc(F)c(Cl)c4)[nH]3)cc12,CHEMBL133024;CHEMBL136491;CHEMBL137364;CHEMBL138125;CHEMBL302552;CHEMBL304271;CHEMBL305194;CHEMBL308645;CHEMBL332096;CHEMBL336113;CHEMBL343352;CHEMBL432903;CHEMBL443268;CHEMBL52765;CHEMBL65848;CHEMBL66570;CHEMBL67003;CHEMBL67057;CHEMBL68920;CHEMBL69629;CHEMBL69960;CHEMBL69964,BRICS,True
GEN_75D9AB3D,O=C(O)c1ncnc2ccc(N/N=N/CCNc3ccc(-c4ccc5c(c4)CCC5)[nH]3)cc12,CHEMBL133024;CHEMBL136491;CHEMBL137364;CHEMBL138125;CHEMBL302552;CHEMBL304271;CHEMBL305194;CHEMBL308645;CHEMBL332096;CHEMBL336113;CHEMBL343352;CHEMBL432903;CHEMBL443268;CHEMBL52765;CHEMBL65848;CHEMBL66570;CHEMBL67003;CHEMBL67057;CHEMBL68920;CHEMBL69629;CHEMBL69960;CHEMBL69964,BRICS,True
GEN_A9FD976B,O=C(O)c1ncnc2ccc(N/N=N/CCNc3ccc(-c4ccc(O)c([N+](=O)[O-])c4)[nH]3)cc12,CHEMBL133024;CHEMBL136491;CHEMBL137364;CHEMBL138125;CHEMBL302552;CHEMBL304271;CHEMBL305194;CHEMBL308645;CHEMBL309625;CHEMBL332096;CHEMBL336113;CHEMBL343352;CHEMBL432903;CHEMBL443268;CHEMBL52765;CHEMBL65848;CHEMBL66570;CHEMBL67003;CHEMBL67057;CHEMBL68920;CHEMBL69629;CHEMBL69960;CHEMBL69964,BRICS,True
GEN_CADE5D34,O=C(O)c1ncnc2ccc(N/N=N/CCNc3ccc(-c4cc(O)cc(O)c4)[nH]3)cc12,CHEMBL133024;CHEMBL136491;CHEMBL137364;CHEMBL138125;CHEMBL302552;CHEMBL304271;CHEMBL305194;CHEMBL308645;CHEMBL332096;CHEMBL336113;CHEMBL343352;CHEMBL432903;CHEMBL443268;CHEMBL52765;CHEMBL65848;CHEMBL66570;CHEMBL67003;CHEMBL67057;CHEMBL68920;CHEMBL69629;CHEMBL69960;CHEMBL69964;CHEMBL76905,BRICS,True
GEN_0FDBA004,O=C(O)c1ncnc2ccc(N/N=N/CCNc3ccc(-c4cc(O)ccc4O)[nH]3)cc12,CHEMBL133024;CHEMBL136491;CHEMBL137364;CHEMBL138125;CHEMBL302552;CHEMBL304271;CHEMBL305194;CHEMBL308645;CHEMBL332096;CHEMBL336113;CHEMBL343352;CHEMBL432903;CHEMBL443268;CHEMBL52765;CHEMBL65848;CHEMBL66570;CHEMBL67003;CHEMBL67057;CHEMBL68920;CHEMBL69629;CHEMBL69960;CHEMBL69964;CHEMBL76642,BRICS,True
GEN_48494774,O=C(O)c1ncnc2ccc(N/N=N/CCNc3ccc(-c4ccccc4)[nH]3)cc12,CHEMBL133024;CHEMBL135592;CHEMBL136491;CHEMBL136492;CHEMBL137364;CHEMBL137635;CHEMBL138125;CHEMBL302552;CHEMBL304271;CHEMBL305194;CHEMBL308645;CHEMBL332096;CHEMBL336113;CHEMBL343352;CHEMBL344652;CHEMBL432903;CHEMBL443268;CHEMBL52765;CHEMBL65848;CHEMBL66570;CHEMBL67003;CHEMBL67057;CHEMBL68920;CHEMBL69629;CHEMBL69960;CHEMBL69964,BRICS,True
GEN_6A1E25A4,O=C(O)c1ncnc2ccc(N/N=N/CCNc3ccc(-c4ccc(O)c(O)c4)[nH]3)cc12,CHEMBL133024;CHEMBL136491;CHEMBL137364;CHEMBL138125;CHEMBL296407;CHEMBL302552;CHEMBL304271;CHEMBL305194;CHEMBL308645;CHEMBL332096;CHEMBL336113;CHEMBL343352;CHEMBL432903;CHEMBL443268;CHEMBL52765;CHEMBL65848;CHEMBL66570;CHEMBL67003;CHEMBL67057;CHEMBL68920;CHEMBL69629;CHEMBL69960;CHEMBL69964;CHEMBL76904,BRICS,True
GEN_52DC317B,O=C(O)c1ncnc2ccc(N/N=N/CCNc3ccc(-c4ccc(O)cc4)[nH]3)cc12,CHEMBL133024;CHEMBL136491;CHEMBL137364;CHEMBL138125;CHEMBL302552;CHEMBL304271;CHEMBL305194;CHEMBL308645;CHEMBL332096;CHEMBL336113;CHEMBL343352;CHEMBL432903;CHEMBL443268;CHEMBL52765;CHEMBL65848;CHEMBL66570;CHEMBL67003;CHEMBL67057;CHEMBL68920;CHEMBL69629;CHEMBL69960;CHEMBL69964;CHEMBL76589,BRICS,True
GEN_2ED9924A,O=C(O)c1ncnc2ccc(N/N=N/CCNc3ccc(-c4cc(O)c(O)c(O)c4)[nH]3)cc12,CHEMBL133024;CHEMBL136491;CHEMBL137364;CHEMBL138125;CHEMBL302552;CHEMBL304271;CHEMBL305194;CHEMBL308645;CHEMBL309598;CHEMBL310798;CHEMBL332096;CHEMBL336113;CHEMBL343352;CHEMBL432903;CHEMBL443268;CHEMBL52765;CHEMBL65848;CHEMBL66570;CHEMBL67003;CHEMBL67057;CHEMBL68920;CHEMBL69629;CHEMBL69960;CHEMBL69964,BRICS,True
GEN_934908D6,CN1CCN(c2ccc(NCC/N=N/Nc3ccc4ncnc(C(=O)O)c4c3)[nH]2)CC1,CHEMBL133024;CHEMBL136491;CHEMBL137364;CHEMBL138125;CHEMBL302552;CHEMBL304271;CHEMBL305194;CHEMBL308645;CHEMBL332096;CHEMBL336113;CHEMBL343352;CHEMBL432903;CHEMBL443268;CHEMBL52765;CHEMBL65848;CHEMBL66570;CHEMBL67003;CHEMBL67057;CHEMBL68920;CHEMBL69629;CHEMBL69960;CHEMBL69964,BRICS,True
GEN_4DA891EA,O=C(O)c1ncnc2ccc(N/N=N/CCNc3ccc(N4CCOCC4)[nH]3)cc12,CHEMBL133024;CHEMBL136491;CHEMBL137364;CHEMBL138125;CHEMBL302552;CHEMBL304271;CHEMBL305194;CHEMBL308645;CHEMBL332096;CHEMBL336113;CHEMBL343352;CHEMBL432903;CHEMBL443268;CHEMBL52765;CHEMBL65848;CHEMBL66570;CHEMBL67003;CHEMBL67057;CHEMBL68920;CHEMBL69629;CHEMBL69960;CHEMBL69964,BRICS,True
GEN_C31E9570,O=C(O)c1ccc(NCC/N=N/Nc2ccc3ncnc(C(=O)O)c3c2)[nH]1,CHEMBL133024;CHEMBL136491;CHEMBL137364;CHEMBL138125;CHEMBL302552;CHEMBL304271;CHEMBL305194;CHEMBL308645;CHEMBL332096;CHEMBL336113;CHEMBL343352;CHEMBL432903;CHEMBL443268;CHEMBL52765;CHEMBL65848;CHEMBL66570;CHEMBL67003;CHEMBL67057;CHEMBL68920;CHEMBL69629;CHEMBL69960;CHEMBL69964,BRICS,True
GEN_FA0C2A84,COc1ncnc2ccc(N/N=N/CCNCC/N=N/Nc3ccc4ncnc(C(=O)O)c4c3)cc12,CHEMBL133024;CHEMBL136491;CHEMBL137364;CHEMBL138125;CHEMBL302552;CHEMBL304271;CHEMBL305194;CHEMBL308645;CHEMBL332096;CHEMBL336113;CHEMBL343352;CHEMBL432903;CHEMBL443268;CHEMBL52765;CHEMBL65848;CHEMBL66570;CHEMBL67003;CHEMBL67057;CHEMBL68920;CHEMBL69629;CHEMBL69960;CHEMBL69964;CHEMBL80155,BRICS,True
GEN_A3C8A4B3,O=C(O)CCc1ncnc2ccc(N/N=N/CCNCC/N=N/Nc3ccc4ncnc(C(=O)O)c4c3)cc12,CHEMBL133024;CHEMBL136491;CHEMBL137364;CHEMBL138125;CHEMBL302552;CHEMBL304271;CHEMBL305194;CHEMBL308645;CHEMBL332096;CHEMBL336113;CHEMBL343352;CHEMBL432903;CHEMBL443268;CHEMBL52765;CHEMBL65848;CHEMBL66570;CHEMBL67003;CHEMBL67057;CHEMBL68920;CHEMBL69629;CHEMBL69960;CHEMBL69964,BRICS,True
GEN_287B3722,C/N=N/Nc1ccc2ncnc(-c3ncnc4ccc(N/N=N/CCNCC/N=N/Nc5ccc6ncnc(C(=O)O)c6c5)cc34)c2c1,CHEMBL133024;CHEMBL135592;CHEMBL136491;CHEMBL137364;CHEMBL138125;CHEMBL302552;CHEMBL304271;CHEMBL305194;CHEMBL308645;CHEMBL332096;CHEMBL336113;CHEMBL343352;CHEMBL432903;CHEMBL443268;CHEMBL52765;CHEMBL65848;CHEMBL66570;CHEMBL67003;CHEMBL67057;CHEMBL68920;CHEMBL69629;CHEMBL69960;CHEMBL69964,BRICS,True
GEN_83D740C9,Cc1cc(C)c(-c2ncnc3ccc(N/N=N/CCNCC/N=N/Nc4ccc5ncnc(C(=O)O)c5c4)cc23)[nH]1,CHEMBL133024;CHEMBL136491;CHEMBL137364;CHEMBL138125;CHEMBL302552;CHEMBL304271;CHEMBL305194;CHEMBL308645;CHEMBL332096;CHEMBL336113;CHEMBL343352;CHEMBL432903;CHEMBL443268;CHEMBL52765;CHEMBL65848;CHEMBL66570;CHEMBL67003;CHEMBL67057;CHEMBL68920;CHEMBL69629;CHEMBL69960;CHEMBL69964,BRICS,True
GEN_4407F0A7,O=C(O)c1ncnc2ccc(N/N=N/CCNCC/N=N/Nc3ccc4ncnc(-c5ccccn5)c4c3)cc12,CHEMBL133024;CHEMBL136491;CHEMBL137364;CHEMBL137635;CHEMBL138125;CHEMBL302552;CHEMBL304271;CHEMBL305194;CHEMBL308645;CHEMBL332096;CHEMBL336113;CHEMBL343352;CHEMBL432903;CHEMBL443268;CHEMBL52765;CHEMBL65848;CHEMBL66570;CHEMBL67003;CHEMBL67057;CHEMBL68920;CHEMBL69629;CHEMBL69960;CHEMBL69964,BRICS,True
GEN_EB127ADC,Nc1ccc2ncnc(-c3ncnc4ccc(N/N=N/CCNCC/N=N/Nc5ccc6ncnc(C(=O)O)c6c5)cc34)c2c1,CHEMBL133024;CHEMBL136491;CHEMBL136492;CHEMBL137364;CHEMBL138125;CHEMBL302552;CHEMBL304271;CHEMBL305194;CHEMBL308645;CHEMBL332096;CHEMBL336113;CHEMBL343352;CHEMBL432903;CHEMBL443268;CHEMBL52765;CHEMBL65848;CHEMBL66570;CHEMBL67003;CHEMBL67057;CHEMBL68920;CHEMBL69629;CHEMBL69960;CHEMBL69964,BRICS,True
GEN_A8639BBA,CN(C)/N=N/c1ccc2ncnc(-c3ncnc4ccc(N/N=N/CCNCC/N=N/Nc5ccc6ncnc(C(=O)O)c6c5)cc34)c2c1,CHEMBL133024;CHEMBL136491;CHEMBL137364;CHEMBL138125;CHEMBL302552;CHEMBL304271;CHEMBL305194;CHEMBL308645;CHEMBL332096;CHEMBL336113;CHEMBL343352;CHEMBL344652;CHEMBL432903;CHEMBL443268;CHEMBL52765;CHEMBL65848;CHEMBL66570;CHEMBL67003;CHEMBL67057;CHEMBL68920;CHEMBL69629;CHEMBL69960;CHEMBL69964,BRICS,True
GEN_A1E13677,O=C(O)c1ncnc2ccc(N/N=N/CCNCC/N=N/Nc3ccc4ncnc(-c5cc(O)ccc5[N+](=O)[O-])c4c3)cc12,CHEMBL133024;CHEMBL136491;CHEMBL137364;CHEMBL138125;CHEMBL302552;CHEMBL304271;CHEMBL305194;CHEMBL308645;CHEMBL332096;CHEMBL336113;CHEMBL343352;CHEMBL432903;CHEMBL443268;CHEMBL52765;CHEMBL65848;CHEMBL66570;CHEMBL67003;CHEMBL67057;CHEMBL68920;CHEMBL69629;CHEMBL69960;CHEMBL69964;CHEMBL77085,BRICS,True
GEN_C77D852B,O=Cc1ccc(-c2ncnc3ccc(N/N=N/CCNCC/N=N/Nc4ccc5ncnc(C(=O)O)c5c4)cc23)cc1,CHEMBL133024;CHEMBL136491;CHEMBL137364;CHEMBL138125;CHEMBL302552;CHEMBL304271;CHEMBL305194;CHEMBL308645;CHEMBL311119;CHEMBL332096;CHEMBL336113;CHEMBL343352;CHEMBL432903;CHEMBL443268;CHEMBL52765;CHEMBL65848;CHEMBL66570;CHEMBL67003;CHEMBL67057;CHEMBL68920;CHEMBL69629;CHEMBL69960;CHEMBL69964;CHEMBL76985,BRICS,True
GEN_0688054C,O=C(O)c1ncnc2ccc(N/N=N/CCNCC/N=N/Nc3ccc4ncnc(-c5cccc(Br)c5)c4c3)cc12,CHEMBL133024;CHEMBL136491;CHEMBL137364;CHEMBL138125;CHEMBL302552;CHEMBL304271;CHEMBL305194;CHEMBL308645;CHEMBL332096;CHEMBL336113;CHEMBL343352;CHEMBL432903;CHEMBL443268;CHEMBL52765;CHEMBL65848;CHEMBL66570;CHEMBL67003;CHEMBL67057;CHEMBL68920;CHEMBL69629;CHEMBL69960;CHEMBL69964,BRICS,True
GEN_6E33B271,O=C(O)c1ncnc2ccc(N/N=N/CCNCC/N=N/Nc3ccc4ncnc(-c5cccc(Cl)c5)c4c3)cc12,CHEMBL133024;CHEMBL136491;CHEMBL137364;CHEMBL138125;CHEMBL302552;CHEMBL304271;CHEMBL305194;CHEMBL308645;CHEMBL332096;CHEMBL336113;CHEMBL343352;CHEMBL432903;CHEMBL443268;CHEMBL52765;CHEMBL65848;CHEMBL66570;CHEMBL67003;CHEMBL67057;CHEMBL68920;CHEMBL69629;CHEMBL69960;CHEMBL69964,BRICS,True
GEN_6D7E373B,Cc1cccc(-c2ncnc3ccc(N/N=N/CCNCC/N=N/Nc4ccc5ncnc(C(=O)O)c5c4)cc23)c1,CHEMBL133024;CHEMBL136491;CHEMBL137364;CHEMBL138125;CHEMBL302552;CHEMBL304271;CHEMBL305194;CHEMBL308645;CHEMBL332096;CHEMBL336113;CHEMBL343352;CHEMBL432903;CHEMBL443268;CHEMBL52765;CHEMBL65848;CHEMBL66570;CHEMBL67003;CHEMBL67057;CHEMBL68920;CHEMBL69629;CHEMBL69960;CHEMBL69964,BRICS,True
GEN_FC08AA1E,O=C(O)c1ncnc2ccc(N/N=N/CCNCC/N=N/Nc3ccc4ncnc(-c5ccc(F)c(Cl)c5)c4c3)cc12,CHEMBL133024;CHEMBL136491;CHEMBL137364;CHEMBL138125;CHEMBL302552;CHEMBL304271;CHEMBL305194;CHEMBL308645;CHEMBL332096;CHEMBL336113;CHEMBL343352;CHEMBL432903;CHEMBL443268;CHEMBL52765;CHEMBL65848;CHEMBL66570;CHEMBL67003;CHEMBL67057;CHEMBL68920;CHEMBL69629;CHEMBL69960;CHEMBL69964,BRICS,True
GEN_3954446B,O=C(O)c1ncnc2ccc(N/N=N/CCNCC/N=N/Nc3ccc4ncnc(-c5ccc6c(c5)CCC6)c4c3)cc12,CHEMBL133024;CHEMBL136491;CHEMBL137364;CHEMBL138125;CHEMBL302552;CHEMBL304271;CHEMBL305194;CHEMBL308645;CHEMBL332096;CHEMBL336113;CHEMBL343352;CHEMBL432903;CHEMBL443268;CHEMBL52765;CHEMBL65848;CHEMBL66570;CHEMBL67003;CHEMBL67057;CHEMBL68920;CHEMBL69629;CHEMBL69960;CHEMBL69964,BRICS,True
GEN_F5EF9985,O=C(O)c1ncnc2ccc(N/N=N/CCNCC/N=N/Nc3ccc4ncnc(-c5ccc(O)c([N+](=O)[O-])c5)c4c3)cc12,CHEMBL133024;CHEMBL136491;CHEMBL137364;CHEMBL138125;CHEMBL302552;CHEMBL304271;CHEMBL305194;CHEMBL308645;CHEMBL309625;CHEMBL332096;CHEMBL336113;CHEMBL343352;CHEMBL432903;CHEMBL443268;CHEMBL52765;CHEMBL65848;CHEMBL66570;CHEMBL67003;CHEMBL67057;CHEMBL68920;CHEMBL69629;CHEMBL69960;CHEMBL69964,BRICS,True
GEN_B9E375FD,O=C(O)c1ncnc2ccc(N/N=N/CCNCC/N=N/Nc3ccc4ncnc(-c5cc(O)cc(O)c5)c4c3)cc12,CHEMBL133024;CHEMBL136491;CHEMBL137364;CHEMBL138125;CHEMBL302552;CHEMBL304271;CHEMBL305194;CHEMBL308645;CHEMBL332096;CHEMBL336113;CHEMBL343352;CHEMBL432903;CHEMBL443268;CHEMBL52765;CHEMBL65848;CHEMBL66570;CHEMBL67003;CHEMBL67057;CHEMBL68920;CHEMBL69629;CHEMBL69960;CHEMBL69964;CHEMBL76905,BRICS,True
GEN_AA7CAEC3,O=C(O)c1ncnc2ccc(N/N=N/CCNCC/N=N/Nc3ccc4ncnc(-c5cc(O)ccc5O)c4c3)cc12,CHEMBL133024;CHEMBL136491;CHEMBL137364;CHEMBL138125;CHEMBL302552;CHEMBL304271;CHEMBL305194;CHEMBL308645;CHEMBL332096;CHEMBL336113;CHEMBL343352;CHEMBL432903;CHEMBL443268;CHEMBL52765;CHEMBL65848;CHEMBL66570;CHEMBL67003;CHEMBL67057;CHEMBL68920;CHEMBL69629;CHEMBL69960;CHEMBL69964;CHEMBL76642,BRICS,True
GEN_54EFD889,O=C(O)c1ncnc2ccc(N/N=N/CCNCC/N=N/Nc3ccc4ncnc(-c5ccccc5)c4c3)cc12,CHEMBL133024;CHEMBL135592;CHEMBL136491;CHEMBL136492;CHEMBL137364;CHEMBL137635;CHEMBL138125;CHEMBL302552;CHEMBL304271;CHEMBL305194;CHEMBL308645;CHEMBL332096;CHEMBL336113;CHEMBL343352;CHEMBL344652;CHEMBL432903;CHEMBL443268;CHEMBL52765;CHEMBL65848;CHEMBL66570;CHEMBL67003;CHEMBL67057;CHEMBL68920;CHEMBL69629;CHEMBL69960;CHEMBL69964,BRICS,True
GEN_81ACE080,O=C(O)c1ncnc2ccc(N/N=N/CCNCC/N=N/Nc3ccc4ncnc(-c5ccc(O)c(O)c5)c4c3)cc12,CHEMBL133024;CHEMBL136491;CHEMBL137364;CHEMBL138125;CHEMBL296407;CHEMBL302552;CHEMBL304271;CHEMBL305194;CHEMBL308645;CHEMBL332096;CHEMBL336113;CHEMBL343352;CHEMBL432903;CHEMBL443268;CHEMBL52765;CHEMBL65848;CHEMBL66570;CHEMBL67003;CHEMBL67057;CHEMBL68920;CHEMBL69629;CHEMBL69960;CHEMBL69964;CHEMBL76904,BRICS,True
GEN_90945C56,O=C(O)c1ncnc2ccc(N/N=N/CCNCC/N=N/Nc3ccc4ncnc(-c5ccc(O)cc5)c4c3)cc12,CHEMBL133024;CHEMBL136491;CHEMBL137364;CHEMBL138125;CHEMBL302552;CHEMBL304271;CHEMBL305194;CHEMBL308645;CHEMBL332096;CHEMBL336113;CHEMBL343352;CHEMBL432903;CHEMBL443268;CHEMBL52765;CHEMBL65848;CHEMBL66570;CHEMBL67003;CHEMBL67057;CHEMBL68920;CHEMBL69629;CHEMBL69960;CHEMBL69964;CHEMBL76589,BRICS,True
GEN_34419DDB,O=C(O)c1ncnc2ccc(N/N=N/CCNCC/N=N/Nc3ccc4ncnc(-c5cc(O)c(O)c(O)c5)c4c3)cc12,CHEMBL133024;CHEMBL136491;CHEMBL137364;CHEMBL138125;CHEMBL302552;CHEMBL304271;CHEMBL305194;CHEMBL308645;CHEMBL309598;CHEMBL310798;CHEMBL332096;CHEMBL336113;CHEMBL343352;CHEMBL432903;CHEMBL443268;CHEMBL52765;CHEMBL65848;CHEMBL66570;CHEMBL67003;CHEMBL67057;CHEMBL68920;CHEMBL69629;CHEMBL69960;CHEMBL69964,BRICS,True
GEN_99A1723E,CN1CCN(c2ncnc3ccc(N/N=N/CCNCC/N=N/Nc4ccc5ncnc(C(=O)O)c5c4)cc23)CC1,CHEMBL133024;CHEMBL136491;CHEMBL137364;CHEMBL138125;CHEMBL302552;CHEMBL304271;CHEMBL305194;CHEMBL308645;CHEMBL332096;CHEMBL336113;CHEMBL343352;CHEMBL432903;CHEMBL443268;CHEMBL52765;CHEMBL65848;CHEMBL66570;CHEMBL67003;CHEMBL67057;CHEMBL68920;CHEMBL69629;CHEMBL69960;CHEMBL69964,BRICS,True
GEN_033DD04D,O=C(O)c1ncnc2ccc(N/N=N/CCNCC/N=N/Nc3ccc4ncnc(N5CCOCC5)c4c3)cc12,CHEMBL133024;CHEMBL136491;CHEMBL137364;CHEMBL138125;CHEMBL302552;CHEMBL304271;CHEMBL305194;CHEMBL308645;CHEMBL332096;CHEMBL336113;CHEMBL343352;CHEMBL432903;CHEMBL443268;CHEMBL52765;CHEMBL65848;CHEMBL66570;CHEMBL67003;CHEMBL67057;CHEMBL68920;CHEMBL69629;CHEMBL69960;CHEMBL69964,BRICS,True
GEN_E0F093BF,O=C(O)c1ncnc2ccc(N/N=N/CCNCC/N=N/Nc3ccc4ncnc(C(=O)O)c4c3)cc12,CHEMBL133024;CHEMBL136491;CHEMBL137364;CHEMBL138125;CHEMBL302552;CHEMBL304271;CHEMBL305194;CHEMBL308645;CHEMBL332096;CHEMBL336113;CHEMBL343352;CHEMBL432903;CHEMBL443268;CHEMBL52765;CHEMBL65848;CHEMBL66570;CHEMBL67003;CHEMBL67057;CHEMBL68920;CHEMBL69629;CHEMBL69960;CHEMBL69964,BRICS,True
GEN_E7EEA517,COc1cc(O)c(O)c(NCC/N=N/Nc2ccc3ncnc(C(=O)O)c3c2)c1,CHEMBL133024;CHEMBL136491;CHEMBL137364;CHEMBL138125;CHEMBL302552;CHEMBL304271;CHEMBL305194;CHEMBL308645;CHEMBL332096;CHEMBL336113;CHEMBL343352;CHEMBL432903;CHEMBL443268;CHEMBL52765;CHEMBL65848;CHEMBL66570;CHEMBL67003;CHEMBL67057;CHEMBL68920;CHEMBL69629;CHEMBL69960;CHEMBL69964;CHEMBL80155,BRICS,True
GEN_B60D39F3,CN1CCN(c2cc(O)c(O)c(NCC/N=N/Nc3ccc4ncnc(C(=O)O)c4c3)c2)CC1,CHEMBL133024;CHEMBL136491;CHEMBL137364;CHEMBL138125;CHEMBL302552;CHEMBL304271;CHEMBL305194;CHEMBL308645;CHEMBL332096;CHEMBL336113;CHEMBL343352;CHEMBL432903;CHEMBL443268;CHEMBL52765;CHEMBL65848;CHEMBL66570;CHEMBL67003;CHEMBL67057;CHEMBL68920;CHEMBL69629;CHEMBL69960;CHEMBL69964;CHEMBL80155,BRICS,True
GEN_C0A37D30,O=C(O)c1ncnc2ccc(N/N=N/CCNc3cc(N4CCOCC4)cc(O)c3O)cc12,CHEMBL133024;CHEMBL136491;CHEMBL137364;CHEMBL138125;CHEMBL302552;CHEMBL304271;CHEMBL305194;CHEMBL308645;CHEMBL332096;CHEMBL336113;CHEMBL343352;CHEMBL432903;CHEMBL443268;CHEMBL52765;CHEMBL65848;CHEMBL66570;CHEMBL67003;CHEMBL67057;CHEMBL68920;CHEMBL69629;CHEMBL69960;CHEMBL69964;CHEMBL80155,BRICS,True
GEN_B212A145,O=C(O)CCc1cc(O)c(O)c(NCC/N=N/Nc2ccc3ncnc(C(=O)O)c3c2)c1,CHEMBL133024;CHEMBL136491;CHEMBL137364;CHEMBL138125;CHEMBL302552;CHEMBL304271;CHEMBL305194;CHEMBL308645;CHEMBL332096;CHEMBL336113;CHEMBL343352;CHEMBL432903;CHEMBL443268;CHEMBL52765;CHEMBL65848;CHEMBL66570;CHEMBL67003;CHEMBL67057;CHEMBL68920;CHEMBL69629;CHEMBL69960;CHEMBL69964;CHEMBL80155,BRICS,True
GEN_8424E9EA,O=C(O)c1ncnc2ccc(N/N=N/CCNc3cc(-c4cc(O)ccc4[N+](=O)[O-])cc(O)c3O)cc12,CHEMBL133024;CHEMBL136491;CHEMBL137364;CHEMBL138125;CHEMBL302552;CHEMBL304271;CHEMBL305194;CHEMBL308645;CHEMBL332096;CHEMBL336113;CHEMBL343352;CHEMBL432903;CHEMBL443268;CHEMBL52765;CHEMBL65848;CHEMBL66570;CHEMBL67003;CHEMBL67057;CHEMBL68920;CHEMBL69629;CHEMBL69960;CHEMBL69964;CHEMBL77085;CHEMBL80155,BRICS,True
GEN_2104B6B0,O=Cc1ccc(-c2cc(O)c(O)c(NCC/N=N/Nc3ccc4ncnc(C(=O)O)c4c3)c2)cc1,CHEMBL133024;CHEMBL136491;CHEMBL137364;CHEMBL138125;CHEMBL302552;CHEMBL304271;CHEMBL305194;CHEMBL308645;CHEMBL311119;CHEMBL332096;CHEMBL336113;CHEMBL343352;CHEMBL432903;CHEMBL443268;CHEMBL52765;CHEMBL65848;CHEMBL66570;CHEMBL67003;CHEMBL67057;CHEMBL68920;CHEMBL69629;CHEMBL69960;CHEMBL69964;CHEMBL76985;CHEMBL80155,BRICS,True
GEN_B0023554,O=C(O)c1ncnc2ccc(N/N=N/CCNc3cc(-c4cccc(Br)c4)cc(O)c3O)cc12,CHEMBL133024;CHEMBL136491;CHEMBL137364;CHEMBL138125;CHEMBL302552;CHEMBL304271;CHEMBL305194;CHEMBL308645;CHEMBL332096;CHEMBL336113;CHEMBL343352;CHEMBL432903;CHEMBL443268;CHEMBL52765;CHEMBL65848;CHEMBL66570;CHEMBL67003;CHEMBL67057;CHEMBL68920;CHEMBL69629;CHEMBL69960;CHEMBL69964;CHEMBL80155,BRICS,True
GEN_7FFD5519,O=C(O)c1ncnc2ccc(N/N=N/CCNc3cc(-c4cccc(Cl)c4)cc(O)c3O)cc12,CHEMBL133024;CHEMBL136491;CHEMBL137364;CHEMBL138125;CHEMBL302552;CHEMBL304271;CHEMBL305194;CHEMBL308645;CHEMBL332096;CHEMBL336113;CHEMBL343352;CHEMBL432903;CHEMBL443268;CHEMBL52765;CHEMBL65848;CHEMBL66570;CHEMBL67003;CHEMBL67057;CHEMBL68920;CHEMBL69629;CHEMBL69960;CHEMBL69964;CHEMBL80155,BRICS,True
GEN_CC2B7D19,Cc1cccc(-c2cc(O)c(O)c(NCC/N=N/Nc3ccc4ncnc(C(=O)O)c4c3)c2)c1,CHEMBL133024;CHEMBL136491;CHEMBL137364;CHEMBL138125;CHEMBL302552;CHEMBL304271;CHEMBL305194;CHEMBL308645;CHEMBL332096;CHEMBL336113;CHEMBL343352;CHEMBL432903;CHEMBL443268;CHEMBL52765;CHEMBL65848;CHEMBL66570;CHEMBL67003;CHEMBL67057;CHEMBL68920;CHEMBL69629;CHEMBL69960;CHEMBL69964;CHEMBL80155,BRICS,True
GEN_ADCFBF34,O=C(O)c1ncnc2ccc(N/N=N/CCNc3cc(-c4ccc(F)c(Cl)c4)cc(O)c3O)cc12,CHEMBL133024;CHEMBL136491;CHEMBL137364;CHEMBL138125;CHEMBL302552;CHEMBL304271;CHEMBL305194;CHEMBL308645;CHEMBL332096;CHEMBL336113;CHEMBL343352;CHEMBL432903;CHEMBL443268;CHEMBL52765;CHEMBL65848;CHEMBL66570;CHEMBL67003;CHEMBL67057;CHEMBL68920;CHEMBL69629;CHEMBL69960;CHEMBL69964;CHEMBL80155,BRICS,True
GEN_B05BC5ED,O=C(O)c1ncnc2ccc(N/N=N/CCNc3cc(-c4ccc5c(c4)CCC5)cc(O)c3O)cc12,CHEMBL133024;CHEMBL136491;CHEMBL137364;CHEMBL138125;CHEMBL302552;CHEMBL304271;CHEMBL305194;CHEMBL308645;CHEMBL332096;CHEMBL336113;CHEMBL343352;CHEMBL432903;CHEMBL443268;CHEMBL52765;CHEMBL65848;CHEMBL66570;CHEMBL67003;CHEMBL67057;CHEMBL68920;CHEMBL69629;CHEMBL69960;CHEMBL69964;CHEMBL80155,BRICS,True
GEN_0E1D0A47,O=C(O)c1ncnc2ccc(N/N=N/CCNc3cc(-c4ccc(O)c([N+](=O)[O-])c4)cc(O)c3O)cc12,CHEMBL133024;CHEMBL136491;CHEMBL137364;CHEMBL138125;CHEMBL302552;CHEMBL304271;CHEMBL305194;CHEMBL308645;CHEMBL309625;CHEMBL332096;CHEMBL336113;CHEMBL343352;CHEMBL432903;CHEMBL443268;CHEMBL52765;CHEMBL65848;CHEMBL66570;CHEMBL67003;CHEMBL67057;CHEMBL68920;CHEMBL69629;CHEMBL69960;CHEMBL69964;CHEMBL80155,BRICS,True
GEN_16AB0B33,O=C(O)c1ncnc2ccc(N/N=N/CCNc3cc(-c4cc(O)cc(O)c4)cc(O)c3O)cc12,CHEMBL133024;CHEMBL136491;CHEMBL137364;CHEMBL138125;CHEMBL302552;CHEMBL304271;CHEMBL305194;CHEMBL308645;CHEMBL332096;CHEMBL336113;CHEMBL343352;CHEMBL432903;CHEMBL443268;CHEMBL52765;CHEMBL65848;CHEMBL66570;CHEMBL67003;CHEMBL67057;CHEMBL68920;CHEMBL69629;CHEMBL69960;CHEMBL69964;CHEMBL76905;CHEMBL80155,BRICS,True
GEN_CA32ED3E,O=C(O)c1ncnc2ccc(N/N=N/CCNc3cc(-c4cc(O)ccc4O)cc(O)c3O)cc12,CHEMBL133024;CHEMBL136491;CHEMBL137364;CHEMBL138125;CHEMBL302552;CHEMBL304271;CHEMBL305194;CHEMBL308645;CHEMBL332096;CHEMBL336113;CHEMBL343352;CHEMBL432903;CHEMBL443268;CHEMBL52765;CHEMBL65848;CHEMBL66570;CHEMBL67003;CHEMBL67057;CHEMBL68920;CHEMBL69629;CHEMBL69960;CHEMBL69964;CHEMBL76642;CHEMBL80155,BRICS,True
GEN_6E329724,O=C(O)c1ncnc2ccc(N/N=N/CCNc3cc(-c4ccccc4)cc(O)c3O)cc12,CHEMBL133024;CHEMBL135592;CHEMBL136491;CHEMBL136492;CHEMBL137364;CHEMBL137635;CHEMBL138125;CHEMBL302552;CHEMBL304271;CHEMBL305194;CHEMBL308645;CHEMBL332096;CHEMBL336113;CHEMBL343352;CHEMBL344652;CHEMBL432903;CHEMBL443268;CHEMBL52765;CHEMBL65848;CHEMBL66570;CHEMBL67003;CHEMBL67057;CHEMBL68920;CHEMBL69629;CHEMBL69960;CHEMBL69964;CHEMBL80155,BRICS,True
GEN_4B3A2BBF,O=C(O)c1ncnc2ccc(N/N=N/CCNc3cc(-c4ccc(O)c(O)c4)cc(O)c3O)cc12,CHEMBL133024;CHEMBL136491;CHEMBL137364;CHEMBL138125;CHEMBL296407;CHEMBL302552;CHEMBL304271;CHEMBL305194;CHEMBL308645;CHEMBL332096;CHEMBL336113;CHEMBL343352;CHEMBL432903;CHEMBL443268;CHEMBL52765;CHEMBL65848;CHEMBL66570;CHEMBL67003;CHEMBL67057;CHEMBL68920;CHEMBL69629;CHEMBL69960;CHEMBL69964;CHEMBL76904;CHEMBL80155,BRICS,True
GEN_2191B78C,O=C(O)c1ncnc2ccc(N/N=N/CCNc3cc(-c4ccc(O)cc4)cc(O)c3O)cc12,CHEMBL133024;CHEMBL136491;CHEMBL137364;CHEMBL138125;CHEMBL302552;CHEMBL304271;CHEMBL305194;CHEMBL308645;CHEMBL332096;CHEMBL336113;CHEMBL343352;CHEMBL432903;CHEMBL443268;CHEMBL52765;CHEMBL65848;CHEMBL66570;CHEMBL67003;CHEMBL67057;CHEMBL68920;CHEMBL69629;CHEMBL69960;CHEMBL69964;CHEMBL76589;CHEMBL80155,BRICS,True
GEN_DD397BAB,O=C(O)c1ncnc2ccc(N/N=N/CCNc3cc(-c4cc(O)c(O)c(O)c4)cc(O)c3O)cc12,CHEMBL133024;CHEMBL136491;CHEMBL137364;CHEMBL138125;CHEMBL302552;CHEMBL304271;CHEMBL305194;CHEMBL308645;CHEMBL309598;CHEMBL310798;CHEMBL332096;CHEMBL336113;CHEMBL343352;CHEMBL432903;CHEMBL443268;CHEMBL52765;CHEMBL65848;CHEMBL66570;CHEMBL67003;CHEMBL67057;CHEMBL68920;CHEMBL69629;CHEMBL69960;CHEMBL69964;CHEMBL80155,BRICS,True
GEN_FFA13425,C/N=N/Nc1ccc2ncnc(-c3cc(O)c(O)c(NCC/N=N/Nc4ccc5ncnc(C(=O)O)c5c4)c3)c2c1,CHEMBL133024;CHEMBL135592;CHEMBL136491;CHEMBL137364;CHEMBL138125;CHEMBL302552;CHEMBL304271;CHEMBL305194;CHEMBL308645;CHEMBL332096;CHEMBL336113;CHEMBL343352;CHEMBL432903;CHEMBL443268;CHEMBL52765;CHEMBL65848;CHEMBL66570;CHEMBL67003;CHEMBL67057;CHEMBL68920;CHEMBL69629;CHEMBL69960;CHEMBL69964;CHEMBL80155,BRICS,True
GEN_7FCDF15D,Cc1cc(C)c(-c2cc(O)c(O)c(NCC/N=N/Nc3ccc4ncnc(C(=O)O)c4c3)c2)[nH]1,CHEMBL133024;CHEMBL136491;CHEMBL137364;CHEMBL138125;CHEMBL302552;CHEMBL304271;CHEMBL305194;CHEMBL308645;CHEMBL332096;CHEMBL336113;CHEMBL343352;CHEMBL432903;CHEMBL443268;CHEMBL52765;CHEMBL65848;CHEMBL66570;CHEMBL67003;CHEMBL67057;CHEMBL68920;CHEMBL69629;CHEMBL69960;CHEMBL69964;CHEMBL80155,BRICS,True
GEN_852ABCEF,O=C(O)c1ncnc2ccc(N/N=N/CCNc3cc(-c4ccccn4)cc(O)c3O)cc12,CHEMBL133024;CHEMBL136491;CHEMBL137364;CHEMBL137635;CHEMBL138125;CHEMBL302552;CHEMBL304271;CHEMBL305194;CHEMBL308645;CHEMBL332096;CHEMBL336113;CHEMBL343352;CHEMBL432903;CHEMBL443268;CHEMBL52765;CHEMBL65848;CHEMBL66570;CHEMBL67003;CHEMBL67057;CHEMBL68920;CHEMBL69629;CHEMBL69960;CHEMBL69964;CHEMBL80155,BRICS,True
GEN_25E0D83D,Nc1ccc2ncnc(-c3cc(O)c(O)c(NCC/N=N/Nc4ccc5ncnc(C(=O)O)c5c4)c3)c2c1,CHEMBL133024;CHEMBL136491;CHEMBL136492;CHEMBL137364;CHEMBL138125;CHEMBL302552;CHEMBL304271;CHEMBL305194;CHEMBL308645;CHEMBL332096;CHEMBL336113;CHEMBL343352;CHEMBL432903;CHEMBL443268;CHEMBL52765;CHEMBL65848;CHEMBL66570;CHEMBL67003;CHEMBL67057;CHEMBL68920;CHEMBL69629;CHEMBL69960;CHEMBL69964;CHEMBL80155,BRICS,True
GEN_80897134,CN(C)/N=N/c1ccc2ncnc(-c3cc(O)c(O)c(NCC/N=N/Nc4ccc5ncnc(C(=O)O)c5c4)c3)c2c1,CHEMBL133024;CHEMBL136491;CHEMBL137364;CHEMBL138125;CHEMBL302552;CHEMBL304271;CHEMBL305194;CHEMBL308645;CHEMBL332096;CHEMBL336113;CHEMBL343352;CHEMBL344652;CHEMBL432903;CHEMBL443268;CHEMBL52765;CHEMBL65848;CHEMBL66570;CHEMBL67003;CHEMBL67057;CHEMBL68920;CHEMBL69629;CHEMBL69960;CHEMBL69964;CHEMBL80155,BRICS,True
GEN_7171D203,O=C(O)c1cc(O)c(O)c(NCC/N=N/Nc2ccc3ncnc(C(=O)O)c3c2)c1,CHEMBL133024;CHEMBL136491;CHEMBL137364;CHEMBL138125;CHEMBL302552;CHEMBL304271;CHEMBL305194;CHEMBL308645;CHEMBL332096;CHEMBL336113;CHEMBL343352;CHEMBL432903;CHEMBL443268;CHEMBL52765;CHEMBL65848;CHEMBL66570;CHEMBL67003;CHEMBL67057;CHEMBL68920;CHEMBL69629;CHEMBL69960;CHEMBL69964;CHEMBL80155,BRICS,True
GEN_C07FE444,O=C(O)CCn1ncc2cc(NCC/N=N/Nc3ccc4ncnc(C(=O)O)c4c3)ccc21,CHEMBL133024;CHEMBL136491;CHEMBL137364;CHEMBL138125;CHEMBL302552;CHEMBL304271;CHEMBL305194;CHEMBL308645;CHEMBL332096;CHEMBL336113;CHEMBL343352;CHEMBL432903;CHEMBL443268;CHEMBL52765;CHEMBL65848;CHEMBL66570;CHEMBL67003;CHEMBL67057;CHEMBL68920;CHEMBL69629;CHEMBL69960;CHEMBL69964,BRICS,True
GEN_55F1EA99,O=C(O)c1ncnc2ccc(N/N=N/CCNc3ccc4c(cnn4-c4cc(O)ccc4[N+](=O)[O-])c3)cc12,CHEMBL133024;CHEMBL136491;CHEMBL137364;CHEMBL138125;CHEMBL302552;CHEMBL304271;CHEMBL305194;CHEMBL308645;CHEMBL332096;CHEMBL336113;CHEMBL343352;CHEMBL432903;CHEMBL443268;CHEMBL52765;CHEMBL65848;CHEMBL66570;CHEMBL67003;CHEMBL67057;CHEMBL68920;CHEMBL69629;CHEMBL69960;CHEMBL69964;CHEMBL77085,BRICS,True
GEN_24AE3D82,O=Cc1ccc(-n2ncc3cc(NCC/N=N/Nc4ccc5ncnc(C(=O)O)c5c4)ccc32)cc1,CHEMBL133024;CHEMBL136491;CHEMBL137364;CHEMBL138125;CHEMBL302552;CHEMBL304271;CHEMBL305194;CHEMBL308645;CHEMBL311119;CHEMBL332096;CHEMBL336113;CHEMBL343352;CHEMBL432903;CHEMBL443268;CHEMBL52765;CHEMBL65848;CHEMBL66570;CHEMBL67003;CHEMBL67057;CHEMBL68920;CHEMBL69629;CHEMBL69960;CHEMBL69964;CHEMBL76985,BRICS,True
GEN_0FA2F081,O=C(O)c1ncnc2ccc(N/N=N/CCNc3ccc4c(cnn4-c4cccc(Br)c4)c3)cc12,CHEMBL133024;CHEMBL136491;CHEMBL137364;CHEMBL138125;CHEMBL302552;CHEMBL304271;CHEMBL305194;CHEMBL308645;CHEMBL332096;CHEMBL336113;CHEMBL343352;CHEMBL432903;CHEMBL443268;CHEMBL52765;CHEMBL65848;CHEMBL66570;CHEMBL67003;CHEMBL67057;CHEMBL68920;CHEMBL69629;CHEMBL69960;CHEMBL69964,BRICS,True
GEN_AB9B4190,O=C(O)c1ncnc2ccc(N/N=N/CCNc3ccc4c(cnn4-c4cccc(Cl)c4)c3)cc12,CHEMBL133024;CHEMBL136491;CHEMBL137364;CHEMBL138125;CHEMBL302552;CHEMBL304271;CHEMBL305194;CHEMBL308645;CHEMBL332096;CHEMBL336113;CHEMBL343352;CHEMBL432903;CHEMBL443268;CHEMBL52765;CHEMBL65848;CHEMBL66570;CHEMBL67003;CHEMBL67057;CHEMBL68920;CHEMBL69629;CHEMBL69960;CHEMBL69964,BRICS,True
GEN_7965EF3B,Cc1cccc(-n2ncc3cc(NCC/N=N/Nc4ccc5ncnc(C(=O)O)c5c4)ccc32)c1,CHEMBL133024;CHEMBL136491;CHEMBL137364;CHEMBL138125;CHEMBL302552;CHEMBL304271;CHEMBL305194;CHEMBL308645;CHEMBL332096;CHEMBL336113;CHEMBL343352;CHEMBL432903;CHEMBL443268;CHEMBL52765;CHEMBL65848;CHEMBL66570;CHEMBL67003;CHEMBL67057;CHEMBL68920;CHEMBL69629;CHEMBL69960;CHEMBL69964,BRICS,True
GEN_8C417630,O=C(O)c1ncnc2ccc(N/N=N/CCNc3ccc4c(cnn4-c4ccc(F)c(Cl)c4)c3)cc12,CHEMBL133024;CHEMBL136491;CHEMBL137364;CHEMBL138125;CHEMBL302552;CHEMBL304271;CHEMBL305194;CHEMBL308645;CHEMBL332096;CHEMBL336113;CHEMBL343352;CHEMBL432903;CHEMBL443268;CHEMBL52765;CHEMBL65848;CHEMBL66570;CHEMBL67003;CHEMBL67057;CHEMBL68920;CHEMBL69629;CHEMBL69960;CHEMBL69964,BRICS,True
GEN_5AE8569E,O=C(O)c1ncnc2ccc(N/N=N/CCNc3ccc4c(cnn4-c4ccc5c(c4)CCC5)c3)cc12,CHEMBL133024;CHEMBL136491;CHEMBL137364;CHEMBL138125;CHEMBL302552;CHEMBL304271;CHEMBL305194;CHEMBL308645;CHEMBL332096;CHEMBL336113;CHEMBL343352;CHEMBL432903;CHEMBL443268;CHEMBL52765;CHEMBL65848;CHEMBL66570;CHEMBL67003;CHEMBL67057;CHEMBL68920;CHEMBL69629;CHEMBL69960;CHEMBL69964,BRICS,True
GEN_615F41FA,O=C(O)c1ncnc2ccc(N/N=N/CCNc3ccc4c(cnn4-c4ccc(O)c([N+](=O)[O-])c4)c3)cc12,CHEMBL133024;CHEMBL136491;CHEMBL137364;CHEMBL138125;CHEMBL302552;CHEMBL304271;CHEMBL305194;CHEMBL308645;CHEMBL309625;CHEMBL332096;CHEMBL336113;CHEMBL343352;CHEMBL432903;CHEMBL443268;CHEMBL52765;CHEMBL65848;CHEMBL66570;CHEMBL67003;CHEMBL67057;CHEMBL68920;CHEMBL69629;CHEMBL69960;CHEMBL69964,BRICS,True
GEN_441C5AD4,O=C(O)c1ncnc2ccc(N/N=N/CCNc3ccc4c(cnn4-c4cc(O)cc(O)c4)c3)cc12,CHEMBL133024;CHEMBL136491;CHEMBL137364;CHEMBL138125;CHEMBL302552;CHEMBL304271;CHEMBL305194;CHEMBL308645;CHEMBL332096;CHEMBL336113;CHEMBL343352;CHEMBL432903;CHEMBL443268;CHEMBL52765;CHEMBL65848;CHEMBL66570;CHEMBL67003;CHEMBL67057;CHEMBL68920;CHEMBL69629;CHEMBL69960;CHEMBL69964;CHEMBL76905,BRICS,True
GEN_0DACC736,O=C(O)c1ncnc2ccc(N/N=N/CCNc3ccc4c(cnn4-c4cc(O)ccc4O)c3)cc12,CHEMBL133024;CHEMBL136491;CHEMBL137364;CHEMBL138125;CHEMBL302552;CHEMBL304271;CHEMBL305194;CHEMBL308645;CHEMBL332096;CHEMBL336113;CHEMBL343352;CHEMBL432903;CHEMBL443268;CHEMBL52765;CHEMBL65848;CHEMBL66570;CHEMBL67003;CHEMBL67057;CHEMBL68920;CHEMBL69629;CHEMBL69960;CHEMBL69964;CHEMBL76642,BRICS,True
GEN_C12F7071,O=C(O)c1ncnc2ccc(N/N=N/CCNc3ccc4c(cnn4-c4ccccc4)c3)cc12,CHEMBL133024;CHEMBL135592;CHEMBL136491;CHEMBL136492;CHEMBL137364;CHEMBL137635;CHEMBL138125;CHEMBL302552;CHEMBL304271;CHEMBL305194;CHEMBL308645;CHEMBL332096;CHEMBL336113;CHEMBL343352;CHEMBL344652;CHEMBL432903;CHEMBL443268;CHEMBL52765;CHEMBL65848;CHEMBL66570;CHEMBL67003;CHEMBL67057;CHEMBL68920;CHEMBL69629;CHEMBL69960;CHEMBL69964,BRICS,True
GEN_E025A600,O=C(O)c1ncnc2ccc(N/N=N/CCNc3ccc4c(cnn4-c4ccc(O)c(O)c4)c3)cc12,CHEMBL133024;CHEMBL136491;CHEMBL137364;CHEMBL138125;CHEMBL296407;CHEMBL302552;CHEMBL304271;CHEMBL305194;CHEMBL308645;CHEMBL332096;CHEMBL336113;CHEMBL343352;CHEMBL432903;CHEMBL443268;CHEMBL52765;CHEMBL65848;CHEMBL66570;CHEMBL67003;CHEMBL67057;CHEMBL68920;CHEMBL69629;CHEMBL69960;CHEMBL69964;CHEMBL76904,BRICS,True
GEN_F69FBEE6,O=C(O)c1ncnc2ccc(N/N=N/CCNc3ccc4c(cnn4-c4ccc(O)cc4)c3)cc12,CHEMBL133024;CHEMBL136491;CHEMBL137364;CHEMBL138125;CHEMBL302552;CHEMBL304271;CHEMBL305194;CHEMBL308645;CHEMBL332096;CHEMBL336113;CHEMBL343352;CHEMBL432903;CHEMBL443268;CHEMBL52765;CHEMBL65848;CHEMBL66570;CHEMBL67003;CHEMBL67057;CHEMBL68920;CHEMBL69629;CHEMBL69960;CHEMBL69964;CHEMBL76589,BRICS,True
GEN_4973B426,O=C(O)c1ncnc2ccc(N/N=N/CCNc3ccc4c(cnn4-c4cc(O)c(O)c(O)c4)c3)cc12,CHEMBL133024;CHEMBL136491;CHEMBL137364;CHEMBL138125;CHEMBL302552;CHEMBL304271;CHEMBL305194;CHEMBL308645;CHEMBL309598;CHEMBL310798;CHEMBL332096;CHEMBL336113;CHEMBL343352;CHEMBL432903;CHEMBL443268;CHEMBL52765;CHEMBL65848;CHEMBL66570;CHEMBL67003;CHEMBL67057;CHEMBL68920;CHEMBL69629;CHEMBL69960;CHEMBL69964,BRICS,True
GEN_17CE0EFC,C/N=N/Nc1ccc2ncnc(-n3ncc4cc(NCC/N=N/Nc5ccc6ncnc(C(=O)O)c6c5)ccc43)c2c1,CHEMBL133024;CHEMBL135592;CHEMBL136491;CHEMBL137364;CHEMBL138125;CHEMBL302552;CHEMBL304271;CHEMBL305194;CHEMBL308645;CHEMBL332096;CHEMBL336113;CHEMBL343352;CHEMBL432903;CHEMBL443268;CHEMBL52765;CHEMBL65848;CHEMBL66570;CHEMBL67003;CHEMBL67057;CHEMBL68920;CHEMBL69629;CHEMBL69960;CHEMBL69964,BRICS,True
GEN_A529A52D,Cc1cc(C)c(-n2ncc3cc(NCC/N=N/Nc4ccc5ncnc(C(=O)O)c5c4)ccc32)[nH]1,CHEMBL133024;CHEMBL136491;CHEMBL137364;CHEMBL138125;CHEMBL302552;CHEMBL304271;CHEMBL305194;CHEMBL308645;CHEMBL332096;CHEMBL336113;CHEMBL343352;CHEMBL432903;CHEMBL443268;CHEMBL52765;CHEMBL65848;CHEMBL66570;CHEMBL67003;CHEMBL67057;CHEMBL68920;CHEMBL69629;CHEMBL69960;CHEMBL69964,BRICS,True
GEN_A37FE396,O=C(O)c1ncnc2ccc(N/N=N/CCNc3ccc4c(cnn4-c4ccccn4)c3)cc12,CHEMBL133024;CHEMBL136491;CHEMBL137364;CHEMBL137635;CHEMBL138125;CHEMBL302552;CHEMBL304271;CHEMBL305194;CHEMBL308645;CHEMBL332096;CHEMBL336113;CHEMBL343352;CHEMBL432903;CHEMBL443268;CHEMBL52765;CHEMBL65848;CHEMBL66570;CHEMBL67003;CHEMBL67057;CHEMBL68920;CHEMBL69629;CHEMBL69960;CHEMBL69964,BRICS,True
GEN_5DDB4635,Nc1ccc2ncnc(-n3ncc4cc(NCC/N=N/Nc5ccc6ncnc(C(=O)O)c6c5)ccc43)c2c1,CHEMBL133024;CHEMBL136491;CHEMBL136492;CHEMBL137364;CHEMBL138125;CHEMBL302552;CHEMBL304271;CHEMBL305194;CHEMBL308645;CHEMBL332096;CHEMBL336113;CHEMBL343352;CHEMBL432903;CHEMBL443268;CHEMBL52765;CHEMBL65848;CHEMBL66570;CHEMBL67003;CHEMBL67057;CHEMBL68920;CHEMBL69629;CHEMBL69960;CHEMBL69964,BRICS,True
GEN_A17E3606,CN(C)/N=N/c1ccc2ncnc(-n3ncc4cc(NCC/N=N/Nc5ccc6ncnc(C(=O)O)c6c5)ccc43)c2c1,CHEMBL133024;CHEMBL136491;CHEMBL137364;CHEMBL138125;CHEMBL302552;CHEMBL304271;CHEMBL305194;CHEMBL308645;CHEMBL332096;CHEMBL336113;CHEMBL343352;CHEMBL344652;CHEMBL432903;CHEMBL443268;CHEMBL52765;CHEMBL65848;CHEMBL66570;CHEMBL67003;CHEMBL67057;CHEMBL68920;CHEMBL69629;CHEMBL69960;CHEMBL69964,BRICS,True
GEN_4FF3B856,COc1c(C)[nH]c(NCC/N=N/Nc2ccc3ncnc(C(=O)O)c3c2)c1C,CHEMBL133024;CHEMBL136491;CHEMBL137364;CHEMBL138125;CHEMBL302552;CHEMBL304271;CHEMBL305194;CHEMBL308645;CHEMBL332096;CHEMBL336113;CHEMBL343352;CHEMBL432903;CHEMBL443268;CHEMBL52765;CHEMBL65848;CHEMBL66570;CHEMBL67003;CHEMBL67057;CHEMBL68920;CHEMBL69629;CHEMBL69960;CHEMBL69964;CHEMBL80155,BRICS,True
GEN_0A9A0C01,Cc1[nH]c(NCC/N=N/Nc2ccc3ncnc(C(=O)O)c3c2)c(C)c1N1CCN(C)CC1,CHEMBL133024;CHEMBL136491;CHEMBL137364;CHEMBL138125;CHEMBL302552;CHEMBL304271;CHEMBL305194;CHEMBL308645;CHEMBL332096;CHEMBL336113;CHEMBL343352;CHEMBL432903;CHEMBL443268;CHEMBL52765;CHEMBL65848;CHEMBL66570;CHEMBL67003;CHEMBL67057;CHEMBL68920;CHEMBL69629;CHEMBL69960;CHEMBL69964,BRICS,True
GEN_5FBF2C07,Cc1[nH]c(NCC/N=N/Nc2ccc3ncnc(C(=O)O)c3c2)c(C)c1N1CCOCC1,CHEMBL133024;CHEMBL136491;CHEMBL137364;CHEMBL138125;CHEMBL302552;CHEMBL304271;CHEMBL305194;CHEMBL308645;CHEMBL332096;CHEMBL336113;CHEMBL343352;CHEMBL432903;CHEMBL443268;CHEMBL52765;CHEMBL65848;CHEMBL66570;CHEMBL67003;CHEMBL67057;CHEMBL68920;CHEMBL69629;CHEMBL69960;CHEMBL69964,BRICS,True
GEN_F4789EA6,Cc1[nH]c(NCC/N=N/Nc2ccc3ncnc(C(=O)O)c3c2)c(C)c1CCC(=O)O,CHEMBL133024;CHEMBL136491;CHEMBL137364;CHEMBL138125;CHEMBL302552;CHEMBL304271;CHEMBL305194;CHEMBL308645;CHEMBL332096;CHEMBL336113;CHEMBL343352;CHEMBL432903;CHEMBL443268;CHEMBL52765;CHEMBL65848;CHEMBL66570;CHEMBL67003;CHEMBL67057;CHEMBL68920;CHEMBL69629;CHEMBL69960;CHEMBL69964,BRICS,True
GEN_4F6298AF,Cc1[nH]c(NCC/N=N/Nc2ccc3ncnc(C(=O)O)c3c2)c(C)c1-c1cc(O)ccc1[N+](=O)[O-],CHEMBL133024;CHEMBL136491;CHEMBL137364;CHEMBL138125;CHEMBL302552;CHEMBL304271;CHEMBL305194;CHEMBL308645;CHEMBL332096;CHEMBL336113;CHEMBL343352;CHEMBL432903;CHEMBL443268;CHEMBL52765;CHEMBL65848;CHEMBL66570;CHEMBL67003;CHEMBL67057;CHEMBL68920;CHEMBL69629;CHEMBL69960;CHEMBL69964;CHEMBL77085,BRICS,True
GEN_99950179,Cc1[nH]c(NCC/N=N/Nc2ccc3ncnc(C(=O)O)c3c2)c(C)c1-c1ccc(C=O)cc1,CHEMBL133024;CHEMBL136491;CHEMBL137364;CHEMBL138125;CHEMBL302552;CHEMBL304271;CHEMBL305194;CHEMBL308645;CHEMBL311119;CHEMBL332096;CHEMBL336113;CHEMBL343352;CHEMBL432903;CHEMBL443268;CHEMBL52765;CHEMBL65848;CHEMBL66570;CHEMBL67003;CHEMBL67057;CHEMBL68920;CHEMBL69629;CHEMBL69960;CHEMBL69964;CHEMBL76985,BRICS,True
GEN_615FA139,Cc1[nH]c(NCC/N=N/Nc2ccc3ncnc(C(=O)O)c3c2)c(C)c1-c1cccc(Br)c1,CHEMBL133024;CHEMBL136491;CHEMBL137364;CHEMBL138125;CHEMBL302552;CHEMBL304271;CHEMBL305194;CHEMBL308645;CHEMBL332096;CHEMBL336113;CHEMBL343352;CHEMBL432903;CHEMBL443268;CHEMBL52765;CHEMBL65848;CHEMBL66570;CHEMBL67003;CHEMBL67057;CHEMBL68920;CHEMBL69629;CHEMBL69960;CHEMBL69964,BRICS,True
GEN_799773B9,Cc1[nH]c(NCC/N=N/Nc2ccc3ncnc(C(=O)O)c3c2)c(C)c1-c1cccc(Cl)c1,CHEMBL133024;CHEMBL136491;CHEMBL137364;CHEMBL138125;CHEMBL302552;CHEMBL304271;CHEMBL305194;CHEMBL308645;CHEMBL332096;CHEMBL336113;CHEMBL343352;CHEMBL432903;CHEMBL443268;CHEMBL52765;CHEMBL65848;CHEMBL66570;CHEMBL67003;CHEMBL67057;CHEMBL68920;CHEMBL69629;CHEMBL69960;CHEMBL69964,BRICS,True
GEN_6F60178A,Cc1cccc(-c2c(C)[nH]c(NCC/N=N/Nc3ccc4ncnc(C(=O)O)c4c3)c2C)c1,CHEMBL133024;CHEMBL136491;CHEMBL137364;CHEMBL138125;CHEMBL302552;CHEMBL304271;CHEMBL305194;CHEMBL308645;CHEMBL332096;CHEMBL336113;CHEMBL343352;CHEMBL432903;CHEMBL443268;CHEMBL52765;CHEMBL65848;CHEMBL66570;CHEMBL67003;CHEMBL67057;CHEMBL68920;CHEMBL69629;CHEMBL69960;CHEMBL69964,BRICS,True
GEN_12343E21,Cc1[nH]c(NCC/N=N/Nc2ccc3ncnc(C(=O)O)c3c2)c(C)c1-c1ccc(F)c(Cl)c1,CHEMBL133024;CHEMBL136491;CHEMBL137364;CHEMBL138125;CHEMBL302552;CHEMBL304271;CHEMBL305194;CHEMBL308645;CHEMBL332096;CHEMBL336113;CHEMBL343352;CHEMBL432903;CHEMBL443268;CHEMBL52765;CHEMBL65848;CHEMBL66570;CHEMBL67003;CHEMBL67057;CHEMBL68920;CHEMBL69629;CHEMBL69960;CHEMBL69964,BRICS,True
GEN_DFA4C0EC,Cc1[nH]c(NCC/N=N/Nc2ccc3ncnc(C(=O)O)c3c2)c(C)c1-c1ccc2c(c1)CCC2,CHEMBL133024;CHEMBL136491;CHEMBL137364;CHEMBL138125;CHEMBL302552;CHEMBL304271;CHEMBL305194;CHEMBL308645;CHEMBL332096;CHEMBL336113;CHEMBL343352;CHEMBL432903;CHEMBL443268;CHEMBL52765;CHEMBL65848;CHEMBL66570;CHEMBL67003;CHEMBL67057;CHEMBL68920;CHEMBL69629;CHEMBL69960;CHEMBL69964,BRICS,True
GEN_C5F9D8D2,Cc1[nH]c(NCC/N=N/Nc2ccc3ncnc(C(=O)O)c3c2)c(C)c1-c1ccc(O)c([N+](=O)[O-])c1,CHEMBL133024;CHEMBL136491;CHEMBL137364;CHEMBL138125;CHEMBL302552;CHEMBL304271;CHEMBL305194;CHEMBL308645;CHEMBL309625;CHEMBL332096;CHEMBL336113;CHEMBL343352;CHEMBL432903;CHEMBL443268;CHEMBL52765;CHEMBL65848;CHEMBL66570;CHEMBL67003;CHEMBL67057;CHEMBL68920;CHEMBL69629;CHEMBL69960;CHEMBL69964,BRICS,True
GEN_A782ECE4,Cc1[nH]c(NCC/N=N/Nc2ccc3ncnc(C(=O)O)c3c2)c(C)c1-c1cc(O)cc(O)c1,CHEMBL133024;CHEMBL136491;CHEMBL137364;CHEMBL138125;CHEMBL302552;CHEMBL304271;CHEMBL305194;CHEMBL308645;CHEMBL332096;CHEMBL336113;CHEMBL343352;CHEMBL432903;CHEMBL443268;CHEMBL52765;CHEMBL65848;CHEMBL66570;CHEMBL67003;CHEMBL67057;CHEMBL68920;CHEMBL69629;CHEMBL69960;CHEMBL69964;CHEMBL76905,BRICS,True
GEN_048EF7A2,Cc1[nH]c(NCC/N=N/Nc2ccc3ncnc(C(=O)O)c3c2)c(C)c1-c1cc(O)ccc1O,CHEMBL133024;CHEMBL136491;CHEMBL137364;CHEMBL138125;CHEMBL302552;CHEMBL304271;CHEMBL305194;CHEMBL308645;CHEMBL332096;CHEMBL336113;CHEMBL343352;CHEMBL432903;CHEMBL443268;CHEMBL52765;CHEMBL65848;CHEMBL66570;CHEMBL67003;CHEMBL67057;CHEMBL68920;CHEMBL69629;CHEMBL69960;CHEMBL69964;CHEMBL76642,BRICS,True
GEN_7EB72F30,Cc1[nH]c(NCC/N=N/Nc2ccc3ncnc(C(=O)O)c3c2)c(C)c1-c1ccccc1,CHEMBL133024;CHEMBL135592;CHEMBL136491;CHEMBL136492;CHEMBL137364;CHEMBL137635;CHEMBL138125;CHEMBL302552;CHEMBL304271;CHEMBL305194;CHEMBL308645;CHEMBL332096;CHEMBL336113;CHEMBL343352;CHEMBL344652;CHEMBL432903;CHEMBL443268;CHEMBL52765;CHEMBL65848;CHEMBL66570;CHEMBL67003;CHEMBL67057;CHEMBL68920;CHEMBL69629;CHEMBL69960;CHEMBL69964,BRICS,True
GEN_FA6EF319,Cc1[nH]c(NCC/N=N/Nc2ccc3ncnc(C(=O)O)c3c2)c(C)c1-c1ccc(O)c(O)c1,CHEMBL133024;CHEMBL136491;CHEMBL137364;CHEMBL138125;CHEMBL296407;CHEMBL302552;CHEMBL304271;CHEMBL305194;CHEMBL308645;CHEMBL332096;CHEMBL336113;CHEMBL343352;CHEMBL432903;CHEMBL443268;CHEMBL52765;CHEMBL65848;CHEMBL66570;CHEMBL67003;CHEMBL67057;CHEMBL68920;CHEMBL69629;CHEMBL69960;CHEMBL69964;CHEMBL76904,BRICS,True
GEN_91263022,Cc1[nH]c(NCC/N=N/Nc2ccc3ncnc(C(=O)O)c3c2)c(C)c1-c1ccc(O)cc1,CHEMBL133024;CHEMBL136491;CHEMBL137364;CHEMBL138125;CHEMBL302552;CHEMBL304271;CHEMBL305194;CHEMBL308645;CHEMBL332096;CHEMBL336113;CHEMBL343352;CHEMBL432903;CHEMBL443268;CHEMBL52765;CHEMBL65848;CHEMBL66570;CHEMBL67003;CHEMBL67057;CHEMBL68920;CHEMBL69629;CHEMBL69960;CHEMBL69964;CHEMBL76589,BRICS,True
GEN_4E553546,Cc1[nH]c(NCC/N=N/Nc2ccc3ncnc(C(=O)O)c3c2)c(C)c1-c1cc(O)c(O)c(O)c1,CHEMBL133024;CHEMBL136491;CHEMBL137364;CHEMBL138125;CHEMBL302552;CHEMBL304271;CHEMBL305194;CHEMBL308645;CHEMBL309598;CHEMBL310798;CHEMBL332096;CHEMBL336113;CHEMBL343352;CHEMBL432903;CHEMBL443268;CHEMBL52765;CHEMBL65848;CHEMBL66570;CHEMBL67003;CHEMBL67057;CHEMBL68920;CHEMBL69629;CHEMBL69960;CHEMBL69964,BRICS,True
GEN_1B42EDF2,C/N=N/Nc1ccc2ncnc(-c3c(C)[nH]c(NCC/N=N/Nc4ccc5ncnc(C(=O)O)c5c4)c3C)c2c1,CHEMBL133024;CHEMBL135592;CHEMBL136491;CHEMBL137364;CHEMBL138125;CHEMBL302552;CHEMBL304271;CHEMBL305194;CHEMBL308645;CHEMBL332096;CHEMBL336113;CHEMBL343352;CHEMBL432903;CHEMBL443268;CHEMBL52765;CHEMBL65848;CHEMBL66570;CHEMBL67003;CHEMBL67057;CHEMBL68920;CHEMBL69629;CHEMBL69960;CHEMBL69964,BRICS,True
GEN_939EB472,Cc1cc(C)c(-c2c(C)[nH]c(NCC/N=N/Nc3ccc4ncnc(C(=O)O)c4c3)c2C)[nH]1,CHEMBL133024;CHEMBL136491;CHEMBL137364;CHEMBL138125;CHEMBL302552;CHEMBL304271;CHEMBL305194;CHEMBL308645;CHEMBL332096;CHEMBL336113;CHEMBL343352;CHEMBL432903;CHEMBL443268;CHEMBL52765;CHEMBL65848;CHEMBL66570;CHEMBL67003;CHEMBL67057;CHEMBL68920;CHEMBL69629;CHEMBL69960;CHEMBL69964,BRICS,True
GEN_4670549A,Cc1[nH]c(NCC/N=N/Nc2ccc3ncnc(C(=O)O)c3c2)c(C)c1-c1ccccn1,CHEMBL133024;CHEMBL136491;CHEMBL137364;CHEMBL137635;CHEMBL138125;CHEMBL302552;CHEMBL304271;CHEMBL305194;CHEMBL308645;CHEMBL332096;CHEMBL336113;CHEMBL343352;CHEMBL432903;CHEMBL443268;CHEMBL52765;CHEMBL65848;CHEMBL66570;CHEMBL67003;CHEMBL67057;CHEMBL68920;CHEMBL69629;CHEMBL69960;CHEMBL69964,BRICS,True
GEN_8E3F6ADC,Cc1[nH]c(NCC/N=N/Nc2ccc3ncnc(C(=O)O)c3c2)c(C)c1-c1ncnc2ccc(N)cc12,CHEMBL133024;CHEMBL136491;CHEMBL136492;CHEMBL137364;CHEMBL138125;CHEMBL302552;CHEMBL304271;CHEMBL305194;CHEMBL308645;CHEMBL332096;CHEMBL336113;CHEMBL343352;CHEMBL432903;CHEMBL443268;CHEMBL52765;CHEMBL65848;CHEMBL66570;CHEMBL67003;CHEMBL67057;CHEMBL68920;CHEMBL69629;CHEMBL69960;CHEMBL69964,BRICS,True
GEN_BDF8FCCB,Cc1[nH]c(NCC/N=N/Nc2ccc3ncnc(C(=O)O)c3c2)c(C)c1-c1ncnc2ccc(/N=N/N(C)C)cc12,CHEMBL133024;CHEMBL136491;CHEMBL137364;CHEMBL138125;CHEMBL302552;CHEMBL304271;CHEMBL305194;CHEMBL308645;CHEMBL332096;CHEMBL336113;CHEMBL343352;CHEMBL344652;CHEMBL432903;CHEMBL443268;CHEMBL52765;CHEMBL65848;CHEMBL66570;CHEMBL67003;CHEMBL67057;CHEMBL68920;CHEMBL69629;CHEMBL69960;CHEMBL69964,BRICS,True
GEN_6617B649,Cc1[nH]c(NCC/N=N/Nc2ccc3ncnc(C(=O)O)c3c2)c(C)c1C(=O)O,CHEMBL133024;CHEMBL136491;CHEMBL137364;CHEMBL138125;CHEMBL302552;CHEMBL304271;CHEMBL305194;CHEMBL308645;CHEMBL332096;CHEMBL336113;CHEMBL343352;CHEMBL432903;CHEMBL443268;CHEMBL52765;CHEMBL65848;CHEMBL66570;CHEMBL67003;CHEMBL67057;CHEMBL68920;CHEMBL69629;CHEMBL69960;CHEMBL69964,BRICS,True
GEN_8B3AE56E,O=C(O)CCn1ccc2cc(NCC/N=N/Nc3ccc4ncnc(C(=O)O)c4c3)ccc21,CHEMBL133024;CHEMBL136491;CHEMBL137364;CHEMBL138125;CHEMBL302552;CHEMBL304271;CHEMBL305194;CHEMBL308645;CHEMBL332096;CHEMBL336113;CHEMBL343352;CHEMBL432903;CHEMBL443268;CHEMBL52765;CHEMBL65848;CHEMBL66570;CHEMBL67003;CHEMBL67057;CHEMBL68920;CHEMBL69629;CHEMBL69960;CHEMBL69964,BRICS,True
GEN_F6361956,O=C(O)c1ncnc2ccc(N/N=N/CCNc3ccc4c(ccn4-c4cc(O)ccc4[N+](=O)[O-])c3)cc12,CHEMBL133024;CHEMBL136491;CHEMBL137364;CHEMBL138125;CHEMBL302552;CHEMBL304271;CHEMBL305194;CHEMBL308645;CHEMBL332096;CHEMBL336113;CHEMBL343352;CHEMBL432903;CHEMBL443268;CHEMBL52765;CHEMBL65848;CHEMBL66570;CHEMBL67003;CHEMBL67057;CHEMBL68920;CHEMBL69629;CHEMBL69960;CHEMBL69964;CHEMBL77085,BRICS,True
GEN_52C2E8E2,O=Cc1ccc(-n2ccc3cc(NCC/N=N/Nc4ccc5ncnc(C(=O)O)c5c4)ccc32)cc1,CHEMBL133024;CHEMBL136491;CHEMBL137364;CHEMBL138125;CHEMBL302552;CHEMBL304271;CHEMBL305194;CHEMBL308645;CHEMBL311119;CHEMBL332096;CHEMBL336113;CHEMBL343352;CHEMBL432903;CHEMBL443268;CHEMBL52765;CHEMBL65848;CHEMBL66570;CHEMBL67003;CHEMBL67057;CHEMBL68920;CHEMBL69629;CHEMBL69960;CHEMBL69964;CHEMBL76985,BRICS,True
GEN_30CAE70F,O=C(O)c1ncnc2ccc(N/N=N/CCNc3ccc4c(ccn4-c4cccc(Br)c4)c3)cc12,CHEMBL133024;CHEMBL136491;CHEMBL137364;CHEMBL138125;CHEMBL302552;CHEMBL304271;CHEMBL305194;CHEMBL308645;CHEMBL332096;CHEMBL336113;CHEMBL343352;CHEMBL432903;CHEMBL443268;CHEMBL52765;CHEMBL65848;CHEMBL66570;CHEMBL67003;CHEMBL67057;CHEMBL68920;CHEMBL69629;CHEMBL69960;CHEMBL69964,BRICS,True
GEN_9D14E87B,O=C(O)c1ncnc2ccc(N/N=N/CCNc3ccc4c(ccn4-c4cccc(Cl)c4)c3)cc12,CHEMBL133024;CHEMBL136491;CHEMBL137364;CHEMBL138125;CHEMBL302552;CHEMBL304271;CHEMBL305194;CHEMBL308645;CHEMBL332096;CHEMBL336113;CHEMBL343352;CHEMBL432903;CHEMBL443268;CHEMBL52765;CHEMBL65848;CHEMBL66570;CHEMBL67003;CHEMBL67057;CHEMBL68920;CHEMBL69629;CHEMBL69960;CHEMBL69964,BRICS,True
GEN_C0B1D51B,Cc1cccc(-n2ccc3cc(NCC/N=N/Nc4ccc5ncnc(C(=O)O)c5c4)ccc32)c1,CHEMBL133024;CHEMBL136491;CHEMBL137364;CHEMBL138125;CHEMBL302552;CHEMBL304271;CHEMBL305194;CHEMBL308645;CHEMBL332096;CHEMBL336113;CHEMBL343352;CHEMBL432903;CHEMBL443268;CHEMBL52765;CHEMBL65848;CHEMBL66570;CHEMBL67003;CHEMBL67057;CHEMBL68920;CHEMBL69629;CHEMBL69960;CHEMBL69964,BRICS,True
GEN_2B262792,O=C(O)c1ncnc2ccc(N/N=N/CCNc3ccc4c(ccn4-c4ccc(F)c(Cl)c4)c3)cc12,CHEMBL133024;CHEMBL136491;CHEMBL137364;CHEMBL138125;CHEMBL302552;CHEMBL304271;CHEMBL305194;CHEMBL308645;CHEMBL332096;CHEMBL336113;CHEMBL343352;CHEMBL432903;CHEMBL443268;CHEMBL52765;CHEMBL65848;CHEMBL66570;CHEMBL67003;CHEMBL67057;CHEMBL68920;CHEMBL69629;CHEMBL69960;CHEMBL69964,BRICS,True
GEN_51F427BC,O=C(O)c1ncnc2ccc(N/N=N/CCNc3ccc4c(ccn4-c4ccc5c(c4)CCC5)c3)cc12,CHEMBL133024;CHEMBL136491;CHEMBL137364;CHEMBL138125;CHEMBL302552;CHEMBL304271;CHEMBL305194;CHEMBL308645;CHEMBL332096;CHEMBL336113;CHEMBL343352;CHEMBL432903;CHEMBL443268;CHEMBL52765;CHEMBL65848;CHEMBL66570;CHEMBL67003;CHEMBL67057;CHEMBL68920;CHEMBL69629;CHEMBL69960;CHEMBL69964,BRICS,True
GEN_0CDB4B23,O=C(O)c1ncnc2ccc(N/N=N/CCNc3ccc4c(ccn4-c4ccc(O)c([N+](=O)[O-])c4)c3)cc12,CHEMBL133024;CHEMBL136491;CHEMBL137364;CHEMBL138125;CHEMBL302552;CHEMBL304271;CHEMBL305194;CHEMBL308645;CHEMBL309625;CHEMBL332096;CHEMBL336113;CHEMBL343352;CHEMBL432903;CHEMBL443268;CHEMBL52765;CHEMBL65848;CHEMBL66570;CHEMBL67003;CHEMBL67057;CHEMBL68920;CHEMBL69629;CHEMBL69960;CHEMBL69964,BRICS,True
GEN_BB492DDB,O=C(O)c1ncnc2ccc(N/N=N/CCNc3ccc4c(ccn4-c4cc(O)cc(O)c4)c3)cc12,CHEMBL133024;CHEMBL136491;CHEMBL137364;CHEMBL138125;CHEMBL302552;CHEMBL304271;CHEMBL305194;CHEMBL308645;CHEMBL332096;CHEMBL336113;CHEMBL343352;CHEMBL432903;CHEMBL443268;CHEMBL52765;CHEMBL65848;CHEMBL66570;CHEMBL67003;CHEMBL67057;CHEMBL68920;CHEMBL69629;CHEMBL69960;CHEMBL69964;CHEMBL76905,BRICS,True
GEN_5CC98AA7,O=C(O)c1ncnc2ccc(N/N=N/CCNc3ccc4c(ccn4-c4cc(O)ccc4O)c3)cc12,CHEMBL133024;CHEMBL136491;CHEMBL137364;CHEMBL138125;CHEMBL302552;CHEMBL304271;CHEMBL305194;CHEMBL308645;CHEMBL332096;CHEMBL336113;CHEMBL343352;CHEMBL432903;CHEMBL443268;CHEMBL52765;CHEMBL65848;CHEMBL66570;CHEMBL67003;CHEMBL67057;CHEMBL68920;CHEMBL69629;CHEMBL69960;CHEMBL69964;CHEMBL76642,BRICS,True
GEN_C930B38F,O=C(O)c1ncnc2ccc(N/N=N/CCNc3ccc4c(ccn4-c4ccccc4)c3)cc12,CHEMBL133024;CHEMBL135592;CHEMBL136491;CHEMBL136492;CHEMBL137364;CHEMBL137635;CHEMBL138125;CHEMBL302552;CHEMBL304271;CHEMBL305194;CHEMBL308645;CHEMBL332096;CHEMBL336113;CHEMBL343352;CHEMBL344652;CHEMBL432903;CHEMBL443268;CHEMBL52765;CHEMBL65848;CHEMBL66570;CHEMBL67003;CHEMBL67057;CHEMBL68920;CHEMBL69629;CHEMBL69960;CHEMBL69964,BRICS,True
GEN_614D5E30,O=C(O)c1ncnc2ccc(N/N=N/CCNc3ccc4c(ccn4-c4ccc(O)c(O)c4)c3)cc12,CHEMBL133024;CHEMBL136491;CHEMBL137364;CHEMBL138125;CHEMBL296407;CHEMBL302552;CHEMBL304271;CHEMBL305194;CHEMBL308645;CHEMBL332096;CHEMBL336113;CHEMBL343352;CHEMBL432903;CHEMBL443268;CHEMBL52765;CHEMBL65848;CHEMBL66570;CHEMBL67003;CHEMBL67057;CHEMBL68920;CHEMBL69629;CHEMBL69960;CHEMBL69964;CHEMBL76904,BRICS,True
GEN_82F82B2B,O=C(O)c1ncnc2ccc(N/N=N/CCNc3ccc4c(ccn4-c4ccc(O)cc4)c3)cc12,CHEMBL133024;CHEMBL136491;CHEMBL137364;CHEMBL138125;CHEMBL302552;CHEMBL304271;CHEMBL305194;CHEMBL308645;CHEMBL332096;CHEMBL336113;CHEMBL343352;CHEMBL432903;CHEMBL443268;CHEMBL52765;CHEMBL65848;CHEMBL66570;CHEMBL67003;CHEMBL67057;CHEMBL68920;CHEMBL69629;CHEMBL69960;CHEMBL69964;CHEMBL76589,BRICS,True
GEN_C2DBDD9D,O=C(O)c1ncnc2ccc(N/N=N/CCNc3ccc4c(ccn4-c4cc(O)c(O)c(O)c4)c3)cc12,CHEMBL133024;CHEMBL136491;CHEMBL137364;CHEMBL138125;CHEMBL302552;CHEMBL304271;CHEMBL305194;CHEMBL308645;CHEMBL309598;CHEMBL310798;CHEMBL332096;CHEMBL336113;CHEMBL343352;CHEMBL432903;CHEMBL443268;CHEMBL52765;CHEMBL65848;CHEMBL66570;CHEMBL67003;CHEMBL67057;CHEMBL68920;CHEMBL69629;CHEMBL69960;CHEMBL69964,BRICS,True
GEN_3601E539,C/N=N/Nc1ccc2ncnc(-n3ccc4cc(NCC/N=N/Nc5ccc6ncnc(C(=O)O)c6c5)ccc43)c2c1,CHEMBL133024;CHEMBL135592;CHEMBL136491;CHEMBL137364;CHEMBL138125;CHEMBL302552;CHEMBL304271;CHEMBL305194;CHEMBL308645;CHEMBL332096;CHEMBL336113;CHEMBL343352;CHEMBL432903;CHEMBL443268;CHEMBL52765;CHEMBL65848;CHEMBL66570;CHEMBL67003;CHEMBL67057;CHEMBL68920;CHEMBL69629;CHEMBL69960;CHEMBL69964,BRICS,True
GEN_9234155A,Cc1cc(C)c(-n2ccc3cc(NCC/N=N/Nc4ccc5ncnc(C(=O)O)c5c4)ccc32)[nH]1,CHEMBL133024;CHEMBL136491;CHEMBL137364;CHEMBL138125;CHEMBL302552;CHEMBL304271;CHEMBL305194;CHEMBL308645;CHEMBL332096;CHEMBL336113;CHEMBL343352;CHEMBL432903;CHEMBL443268;CHEMBL52765;CHEMBL65848;CHEMBL66570;CHEMBL67003;CHEMBL67057;CHEMBL68920;CHEMBL69629;CHEMBL69960;CHEMBL69964,BRICS,True
GEN_35763F66,O=C(O)c1ncnc2ccc(N/N=N/CCNc3ccc4c(ccn4-c4ccccn4)c3)cc12,CHEMBL133024;CHEMBL136491;CHEMBL137364;CHEMBL137635;CHEMBL138125;CHEMBL302552;CHEMBL304271;CHEMBL305194;CHEMBL308645;CHEMBL332096;CHEMBL336113;CHEMBL343352;CHEMBL432903;CHEMBL443268;CHEMBL52765;CHEMBL65848;CHEMBL66570;CHEMBL67003;CHEMBL67057;CHEMBL68920;CHEMBL69629;CHEMBL69960;CHEMBL69964,BRICS,True
GEN_34069EA5,Nc1ccc2ncnc(-n3ccc4cc(NCC/N=N/Nc5ccc6ncnc(C(=O)O)c6c5)ccc43)c2c1,CHEMBL133024;CHEMBL136491;CHEMBL136492;CHEMBL137364;CHEMBL138125;CHEMBL302552;CHEMBL304271;CHEMBL305194;CHEMBL308645;CHEMBL332096;CHEMBL336113;CHEMBL343352;CHEMBL432903;CHEMBL443268;CHEMBL52765;CHEMBL65848;CHEMBL66570;CHEMBL67003;CHEMBL67057;CHEMBL68920;CHEMBL69629;CHEMBL69960;CHEMBL69964,BRICS,True
GEN_697F48B4,CN(C)/N=N/c1ccc2ncnc(-n3ccc4cc(NCC/N=N/Nc5ccc6ncnc(C(=O)O)c6c5)ccc43)c2c1,CHEMBL133024;CHEMBL136491;CHEMBL137364;CHEMBL138125;CHEMBL302552;CHEMBL304271;CHEMBL305194;CHEMBL308645;CHEMBL332096;CHEMBL336113;CHEMBL343352;CHEMBL344652;CHEMBL432903;CHEMBL443268;CHEMBL52765;CHEMBL65848;CHEMBL66570;CHEMBL67003;CHEMBL67057;CHEMBL68920;CHEMBL69629;CHEMBL69960;CHEMBL69964,BRICS,True
GEN_5595593E,COc1cc(NCC/N=N/Nc2ccc3ncnc(C(=O)O)c3c2)cc(O)c1O,CHEMBL133024;CHEMBL136491;CHEMBL137364;CHEMBL138125;CHEMBL302552;CHEMBL304271;CHEMBL305194;CHEMBL308645;CHEMBL332096;CHEMBL336113;CHEMBL343352;CHEMBL432903;CHEMBL443268;CHEMBL52765;CHEMBL65848;CHEMBL66570;CHEMBL67003;CHEMBL67057;CHEMBL68920;CHEMBL69629;CHEMBL69960;CHEMBL69964;CHEMBL80155,BRICS,True
GEN_B458AEC0,CN1CCN(c2cc(NCC/N=N/Nc3ccc4ncnc(C(=O)O)c4c3)cc(O)c2O)CC1,CHEMBL133024;CHEMBL136491;CHEMBL137364;CHEMBL138125;CHEMBL302552;CHEMBL304271;CHEMBL305194;CHEMBL308645;CHEMBL332096;CHEMBL336113;CHEMBL343352;CHEMBL432903;CHEMBL443268;CHEMBL52765;CHEMBL65848;CHEMBL66570;CHEMBL67003;CHEMBL67057;CHEMBL68920;CHEMBL69629;CHEMBL69960;CHEMBL69964;CHEMBL80155,BRICS,True
GEN_AF057A08,O=C(O)c1ncnc2ccc(N/N=N/CCNc3cc(O)c(O)c(N4CCOCC4)c3)cc12,CHEMBL133024;CHEMBL136491;CHEMBL137364;CHEMBL138125;CHEMBL302552;CHEMBL304271;CHEMBL305194;CHEMBL308645;CHEMBL332096;CHEMBL336113;CHEMBL343352;CHEMBL432903;CHEMBL443268;CHEMBL52765;CHEMBL65848;CHEMBL66570;CHEMBL67003;CHEMBL67057;CHEMBL68920;CHEMBL69629;CHEMBL69960;CHEMBL69964;CHEMBL80155,BRICS,True
GEN_15C63F16,O=C(O)CCc1cc(NCC/N=N/Nc2ccc3ncnc(C(=O)O)c3c2)cc(O)c1O,CHEMBL133024;CHEMBL136491;CHEMBL137364;CHEMBL138125;CHEMBL302552;CHEMBL304271;CHEMBL305194;CHEMBL308645;CHEMBL332096;CHEMBL336113;CHEMBL343352;CHEMBL432903;CHEMBL443268;CHEMBL52765;CHEMBL65848;CHEMBL66570;CHEMBL67003;CHEMBL67057;CHEMBL68920;CHEMBL69629;CHEMBL69960;CHEMBL69964;CHEMBL80155,BRICS,True
GEN_B12ADEB0,O=C(O)c1ncnc2ccc(N/N=N/CCNc3cc(O)c(O)c(-c4cc(O)ccc4[N+](=O)[O-])c3)cc12,CHEMBL133024;CHEMBL136491;CHEMBL137364;CHEMBL138125;CHEMBL302552;CHEMBL304271;CHEMBL305194;CHEMBL308645;CHEMBL332096;CHEMBL336113;CHEMBL343352;CHEMBL432903;CHEMBL443268;CHEMBL52765;CHEMBL65848;CHEMBL66570;CHEMBL67003;CHEMBL67057;CHEMBL68920;CHEMBL69629;CHEMBL69960;CHEMBL69964;CHEMBL77085;CHEMBL80155,BRICS,True
GEN_9D70C9EB,O=Cc1ccc(-c2cc(NCC/N=N/Nc3ccc4ncnc(C(=O)O)c4c3)cc(O)c2O)cc1,CHEMBL133024;CHEMBL136491;CHEMBL137364;CHEMBL138125;CHEMBL302552;CHEMBL304271;CHEMBL305194;CHEMBL308645;CHEMBL311119;CHEMBL332096;CHEMBL336113;CHEMBL343352;CHEMBL432903;CHEMBL443268;CHEMBL52765;CHEMBL65848;CHEMBL66570;CHEMBL67003;CHEMBL67057;CHEMBL68920;CHEMBL69629;CHEMBL69960;CHEMBL69964;CHEMBL76985;CHEMBL80155,BRICS,True
GEN_8E363D6F,O=C(O)c1ncnc2ccc(N/N=N/CCNc3cc(O)c(O)c(-c4cccc(Br)c4)c3)cc12,CHEMBL133024;CHEMBL136491;CHEMBL137364;CHEMBL138125;CHEMBL302552;CHEMBL304271;CHEMBL305194;CHEMBL308645;CHEMBL332096;CHEMBL336113;CHEMBL343352;CHEMBL432903;CHEMBL443268;CHEMBL52765;CHEMBL65848;CHEMBL66570;CHEMBL67003;CHEMBL67057;CHEMBL68920;CHEMBL69629;CHEMBL69960;CHEMBL69964;CHEMBL80155,BRICS,True
GEN_FF22DA6A,O=C(O)c1ncnc2ccc(N/N=N/CCNc3cc(O)c(O)c(-c4cccc(Cl)c4)c3)cc12,CHEMBL133024;CHEMBL136491;CHEMBL137364;CHEMBL138125;CHEMBL302552;CHEMBL304271;CHEMBL305194;CHEMBL308645;CHEMBL332096;CHEMBL336113;CHEMBL343352;CHEMBL432903;CHEMBL443268;CHEMBL52765;CHEMBL65848;CHEMBL66570;CHEMBL67003;CHEMBL67057;CHEMBL68920;CHEMBL69629;CHEMBL69960;CHEMBL69964;CHEMBL80155,BRICS,True
GEN_286ED2B7,Cc1cccc(-c2cc(NCC/N=N/Nc3ccc4ncnc(C(=O)O)c4c3)cc(O)c2O)c1,CHEMBL133024;CHEMBL136491;CHEMBL137364;CHEMBL138125;CHEMBL302552;CHEMBL304271;CHEMBL305194;CHEMBL308645;CHEMBL332096;CHEMBL336113;CHEMBL343352;CHEMBL432903;CHEMBL443268;CHEMBL52765;CHEMBL65848;CHEMBL66570;CHEMBL67003;CHEMBL67057;CHEMBL68920;CHEMBL69629;CHEMBL69960;CHEMBL69964;CHEMBL80155,BRICS,True
GEN_448947DF,O=C(O)c1ncnc2ccc(N/N=N/CCNc3cc(O)c(O)c(-c4ccc(F)c(Cl)c4)c3)cc12,CHEMBL133024;CHEMBL136491;CHEMBL137364;CHEMBL138125;CHEMBL302552;CHEMBL304271;CHEMBL305194;CHEMBL308645;CHEMBL332096;CHEMBL336113;CHEMBL343352;CHEMBL432903;CHEMBL443268;CHEMBL52765;CHEMBL65848;CHEMBL66570;CHEMBL67003;CHEMBL67057;CHEMBL68920;CHEMBL69629;CHEMBL69960;CHEMBL69964;CHEMBL80155,BRICS,True
GEN_59F475F8,O=C(O)c1ncnc2ccc(N/N=N/CCNc3cc(O)c(O)c(-c4ccc5c(c4)CCC5)c3)cc12,CHEMBL133024;CHEMBL136491;CHEMBL137364;CHEMBL138125;CHEMBL302552;CHEMBL304271;CHEMBL305194;CHEMBL308645;CHEMBL332096;CHEMBL336113;CHEMBL343352;CHEMBL432903;CHEMBL443268;CHEMBL52765;CHEMBL65848;CHEMBL66570;CHEMBL67003;CHEMBL67057;CHEMBL68920;CHEMBL69629;CHEMBL69960;CHEMBL69964;CHEMBL80155,BRICS,True
GEN_C9370D16,O=C(O)c1ncnc2ccc(N/N=N/CCNc3cc(O)c(O)c(-c4ccc(O)c([N+](=O)[O-])c4)c3)cc12,CHEMBL133024;CHEMBL136491;CHEMBL137364;CHEMBL138125;CHEMBL302552;CHEMBL304271;CHEMBL305194;CHEMBL308645;CHEMBL309625;CHEMBL332096;CHEMBL336113;CHEMBL343352;CHEMBL432903;CHEMBL443268;CHEMBL52765;CHEMBL65848;CHEMBL66570;CHEMBL67003;CHEMBL67057;CHEMBL68920;CHEMBL69629;CHEMBL69960;CHEMBL69964;CHEMBL80155,BRICS,True
GEN_D6935F94,O=C(O)c1ncnc2ccc(N/N=N/CCNc3cc(O)c(O)c(-c4cc(O)cc(O)c4)c3)cc12,CHEMBL133024;CHEMBL136491;CHEMBL137364;CHEMBL138125;CHEMBL302552;CHEMBL304271;CHEMBL305194;CHEMBL308645;CHEMBL332096;CHEMBL336113;CHEMBL343352;CHEMBL432903;CHEMBL443268;CHEMBL52765;CHEMBL65848;CHEMBL66570;CHEMBL67003;CHEMBL67057;CHEMBL68920;CHEMBL69629;CHEMBL69960;CHEMBL69964;CHEMBL76905;CHEMBL80155,BRICS,True
GEN_000B89A6,O=C(O)c1ncnc2ccc(N/N=N/CCNc3cc(O)c(O)c(-c4cc(O)ccc4O)c3)cc12,CHEMBL133024;CHEMBL136491;CHEMBL137364;CHEMBL138125;CHEMBL302552;CHEMBL304271;CHEMBL305194;CHEMBL308645;CHEMBL332096;CHEMBL336113;CHEMBL343352;CHEMBL432903;CHEMBL443268;CHEMBL52765;CHEMBL65848;CHEMBL66570;CHEMBL67003;CHEMBL67057;CHEMBL68920;CHEMBL69629;CHEMBL69960;CHEMBL69964;CHEMBL76642;CHEMBL80155,BRICS,True
GEN_538750B4,O=C(O)c1ncnc2ccc(N/N=N/CCNc3cc(O)c(O)c(-c4ccccc4)c3)cc12,CHEMBL133024;CHEMBL135592;CHEMBL136491;CHEMBL136492;CHEMBL137364;CHEMBL137635;CHEMBL138125;CHEMBL302552;CHEMBL304271;CHEMBL305194;CHEMBL308645;CHEMBL332096;CHEMBL336113;CHEMBL343352;CHEMBL344652;CHEMBL432903;CHEMBL443268;CHEMBL52765;CHEMBL65848;CHEMBL66570;CHEMBL67003;CHEMBL67057;CHEMBL68920;CHEMBL69629;CHEMBL69960;CHEMBL69964;CHEMBL80155,BRICS,True
GEN_A4445458,O=C(O)c1ncnc2ccc(N/N=N/CCNc3cc(O)c(O)c(-c4ccc(O)c(O)c4)c3)cc12,CHEMBL133024;CHEMBL136491;CHEMBL137364;CHEMBL138125;CHEMBL296407;CHEMBL302552;CHEMBL304271;CHEMBL305194;CHEMBL308645;CHEMBL332096;CHEMBL336113;CHEMBL343352;CHEMBL432903;CHEMBL443268;CHEMBL52765;CHEMBL65848;CHEMBL66570;CHEMBL67003;CHEMBL67057;CHEMBL68920;CHEMBL69629;CHEMBL69960;CHEMBL69964;CHEMBL76904;CHEMBL80155,BRICS,True
GEN_AD2DBFF3,O=C(O)c1ncnc2ccc(N/N=N/CCNc3cc(O)c(O)c(-c4ccc(O)cc4)c3)cc12,CHEMBL133024;CHEMBL136491;CHEMBL137364;CHEMBL138125;CHEMBL302552;CHEMBL304271;CHEMBL305194;CHEMBL308645;CHEMBL332096;CHEMBL336113;CHEMBL343352;CHEMBL432903;CHEMBL443268;CHEMBL52765;CHEMBL65848;CHEMBL66570;CHEMBL67003;CHEMBL67057;CHEMBL68920;CHEMBL69629;CHEMBL69960;CHEMBL69964;CHEMBL76589;CHEMBL80155,BRICS,True
GEN_6EDDB110,O=C(O)c1ncnc2ccc(N/N=N/CCNc3cc(O)c(O)c(-c4cc(O)c(O)c(O)c4)c3)cc12,CHEMBL133024;CHEMBL136491;CHEMBL137364;CHEMBL138125;CHEMBL302552;CHEMBL304271;CHEMBL305194;CHEMBL308645;CHEMBL309598;CHEMBL310798;CHEMBL332096;CHEMBL336113;CHEMBL343352;CHEMBL432903;CHEMBL443268;CHEMBL52765;CHEMBL65848;CHEMBL66570;CHEMBL67003;CHEMBL67057;CHEMBL68920;CHEMBL69629;CHEMBL69960;CHEMBL69964;CHEMBL80155,BRICS,True
GEN_523059A4,C/N=N/Nc1ccc2ncnc(-c3cc(NCC/N=N/Nc4ccc5ncnc(C(=O)O)c5c4)cc(O)c3O)c2c1,CHEMBL133024;CHEMBL135592;CHEMBL136491;CHEMBL137364;CHEMBL138125;CHEMBL302552;CHEMBL304271;CHEMBL305194;CHEMBL308645;CHEMBL332096;CHEMBL336113;CHEMBL343352;CHEMBL432903;CHEMBL443268;CHEMBL52765;CHEMBL65848;CHEMBL66570;CHEMBL67003;CHEMBL67057;CHEMBL68920;CHEMBL69629;CHEMBL69960;CHEMBL69964;CHEMBL80155,BRICS,True
GEN_D2A747C0,Cc1cc(C)c(-c2cc(NCC/N=N/Nc3ccc4ncnc(C(=O)O)c4c3)cc(O)c2O)[nH]1,CHEMBL133024;CHEMBL136491;CHEMBL137364;CHEMBL138125;CHEMBL302552;CHEMBL304271;CHEMBL305194;CHEMBL308645;CHEMBL332096;CHEMBL336113;CHEMBL343352;CHEMBL432903;CHEMBL443268;CHEMBL52765;CHEMBL65848;CHEMBL66570;CHEMBL67003;CHEMBL67057;CHEMBL68920;CHEMBL69629;CHEMBL69960;CHEMBL69964;CHEMBL80155,BRICS,True
GEN_45F03599,O=C(O)c1ncnc2ccc(N/N=N/CCNc3cc(O)c(O)c(-c4ccccn4)c3)cc12,CHEMBL133024;CHEMBL136491;CHEMBL137364;CHEMBL137635;CHEMBL138125;CHEMBL302552;CHEMBL304271;CHEMBL305194;CHEMBL308645;CHEMBL332096;CHEMBL336113;CHEMBL343352;CHEMBL432903;CHEMBL443268;CHEMBL52765;CHEMBL65848;CHEMBL66570;CHEMBL67003;CHEMBL67057;CHEMBL68920;CHEMBL69629;CHEMBL69960;CHEMBL69964;CHEMBL80155,BRICS,True
GEN_9B46869B,Nc1ccc2ncnc(-c3cc(NCC/N=N/Nc4ccc5ncnc(C(=O)O)c5c4)cc(O)c3O)c2c1,CHEMBL133024;CHEMBL136491;CHEMBL136492;CHEMBL137364;CHEMBL138125;CHEMBL302552;CHEMBL304271;CHEMBL305194;CHEMBL308645;CHEMBL332096;CHEMBL336113;CHEMBL343352;CHEMBL432903;CHEMBL443268;CHEMBL52765;CHEMBL65848;CHEMBL66570;CHEMBL67003;CHEMBL67057;CHEMBL68920;CHEMBL69629;CHEMBL69960;CHEMBL69964;CHEMBL80155,BRICS,True
GEN_C04D99D1,CN(C)/N=N/c1ccc2ncnc(-c3cc(NCC/N=N/Nc4ccc5ncnc(C(=O)O)c5c4)cc(O)c3O)c2c1,CHEMBL133024;CHEMBL136491;CHEMBL137364;CHEMBL138125;CHEMBL302552;CHEMBL304271;CHEMBL305194;CHEMBL308645;CHEMBL332096;CHEMBL336113;CHEMBL343352;CHEMBL344652;CHEMBL432903;CHEMBL443268;CHEMBL52765;CHEMBL65848;CHEMBL66570;CHEMBL67003;CHEMBL67057;CHEMBL68920;CHEMBL69629;CHEMBL69960;CHEMBL69964;CHEMBL80155,BRICS,True
GEN_F1F58A9D,O=C(O)c1cc(NCC/N=N/Nc2ccc3ncnc(C(=O)O)c3c2)cc(O)c1O,CHEMBL133024;CHEMBL136491;CHEMBL137364;CHEMBL138125;CHEMBL302552;CHEMBL304271;CHEMBL305194;CHEMBL308645;CHEMBL332096;CHEMBL336113;CHEMBL343352;CHEMBL432903;CHEMBL443268;CHEMBL52765;CHEMBL65848;CHEMBL66570;CHEMBL67003;CHEMBL67057;CHEMBL68920;CHEMBL69629;CHEMBL69960;CHEMBL69964;CHEMBL80155,BRICS,True
GEN_A2B6FAB8,N#CC(C#N)=C1C(=O)Nc2ncnc(NCC/N=N/Nc3ccc4ncnc(C(=O)O)c4c3)c21,CHEMBL133024;CHEMBL136491;CHEMBL137364;CHEMBL138125;CHEMBL302552;CHEMBL304271;CHEMBL305194;CHEMBL308645;CHEMBL309598;CHEMBL309625;CHEMBL310798;CHEMBL311119;CHEMBL332096;CHEMBL336113;CHEMBL343352;CHEMBL432903;CHEMBL443268;CHEMBL52765;CHEMBL65848;CHEMBL66570;CHEMBL67003;CHEMBL67057;CHEMBL68920;CHEMBL69629;CHEMBL69960;CHEMBL69964;CHEMBL76589;CHEMBL76904;CHEMBL76905;CHEMBL77085;CHEMBL80155,BRICS,True
GEN_493778F3,N#CC(C(N)=O)=C1C(=O)Nc2ncnc(NCC/N=N/Nc3ccc4ncnc(C(=O)O)c4c3)c21,CHEMBL133024;CHEMBL136491;CHEMBL137364;CHEMBL138125;CHEMBL296407;CHEMBL302552;CHEMBL304271;CHEMBL305194;CHEMBL308645;CHEMBL332096;CHEMBL336113;CHEMBL343352;CHEMBL432903;CHEMBL443268;CHEMBL52765;CHEMBL65848;CHEMBL66570;CHEMBL67003;CHEMBL67057;CHEMBL68920;CHEMBL69629;CHEMBL69960;CHEMBL69964,BRICS,True
GEN_461F155A,N#CC(C(=O)O)=C1C(=O)Nc2ncnc(NCC/N=N/Nc3ccc4ncnc(C(=O)O)c4c3)c21,CHEMBL133024;CHEMBL136491;CHEMBL137364;CHEMBL138125;CHEMBL302552;CHEMBL304271;CHEMBL305194;CHEMBL308645;CHEMBL332096;CHEMBL336113;CHEMBL343352;CHEMBL432903;CHEMBL443268;CHEMBL52765;CHEMBL65848;CHEMBL66570;CHEMBL67003;CHEMBL67057;CHEMBL68920;CHEMBL69629;CHEMBL69960;CHEMBL69964;CHEMBL76642;CHEMBL76985,BRICS,True
GEN_F40C64B8,CN1CCN(c2cc(C(=O)O)cc(O)c2O)CC1,CHEMBL305194;CHEMBL69964;CHEMBL80155,BRICS,True
GEN_C583DFA3,O=C(O)c1cc(O)c(O)c(N2CCOCC2)c1,CHEMBL137364;CHEMBL302552;CHEMBL305194;CHEMBL443268;CHEMBL65848;CHEMBL67003;CHEMBL67057;CHEMBL69629;CHEMBL69960;CHEMBL80155,BRICS,True
GEN_689B6AE3,O=C(O)c1cc(O)c(O)c(C(=O)O)c1,CHEMBL305194;CHEMBL80155,BRICS,True
GEN_30E6D2EB,O=C(O)c1cc(O)c(O)c(-c2cc(O)ccc2[N+](=O)[O-])c1,CHEMBL305194;CHEMBL77085;CHEMBL80155,BRICS,True
GEN_DBFAE64F,O=Cc1ccc(-c2cc(C(=O)O)cc(O)c2O)cc1,CHEMBL305194;CHEMBL311119;CHEMBL76985;CHEMBL80155,BRICS,True
GEN_435AA1A7,O=C(O)c1cc(O)c(O)c(-c2cccc(Br)c2)c1,CHEMBL137364;CHEMBL138125;CHEMBL305194;CHEMBL52765;CHEMBL80155,BRICS,True
GEN_4A2CB03B,O=C(O)c1cc(O)c(O)c(-c2cccc(Cl)c2)c1,CHEMBL133024;CHEMBL136491;CHEMBL305194;CHEMBL343352;CHEMBL80155,BRICS,True
GEN_903314DF,Cc1cccc(-c2cc(C(=O)O)cc(O)c2O)c1,CHEMBL305194;CHEMBL336113;CHEMBL80155,BRICS,True
GEN_736EAC51,O=C(O)c1cc(O)c(O)c(-c2ccc(F)c(Cl)c2)c1,CHEMBL302552;CHEMBL304271;CHEMBL305194;CHEMBL308645;CHEMBL432903;CHEMBL443268;CHEMBL66570;CHEMBL68920;CHEMBL69629;CHEMBL69960;CHEMBL69964;CHEMBL80155,BRICS,True
GEN_9616BD16,O=C(O)c1cc(O)c(O)c(-c2ccc3c(c2)CCC3)c1,CHEMBL305194;CHEMBL65848;CHEMBL80155,BRICS,True
GEN_B3374740,O=C(O)c1cc(O)c(O)c(-c2ccc(O)c([N+](=O)[O-])c2)c1,CHEMBL305194;CHEMBL309625;CHEMBL80155,BRICS,True
GEN_B6AE660B,O=C(O)c1cc(O)c(O)c(-c2cc(O)cc(O)c2)c1,CHEMBL305194;CHEMBL76905;CHEMBL80155,BRICS,True
GEN_37A22D47,O=C(O)c1cc(O)c(O)c(-c2cc(O)ccc2O)c1,CHEMBL305194;CHEMBL76642;CHEMBL80155,BRICS,True
GEN_4813ED05,O=C(O)c1cc(O)c(O)c(-c2ccccc2)c1,CHEMBL135592;CHEMBL136492;CHEMBL137635;CHEMBL305194;CHEMBL332096;CHEMBL344652;CHEMBL67003;CHEMBL67057;CHEMBL80155,BRICS,True
GEN_30029E54,O=C(O)c1cc(O)c(O)c(-c2ccc(O)c(O)c2)c1,CHEMBL296407;CHEMBL305194;CHEMBL76904;CHEMBL80155,BRICS,True
GEN_A33210DA,O=C(O)c1cc(O)c(O)c(-c2ccc(O)cc2)c1,CHEMBL305194;CHEMBL76589;CHEMBL80155,BRICS,True
GEN_6C300330,O=C(O)c1cc(O)c(O)c(-c2cc(O)c(O)c(O)c2)c1,CHEMBL305194;CHEMBL309598;CHEMBL310798;CHEMBL80155,BRICS,True
GEN_4A9AA33E,O=C(O)CCc1cc(C(=O)O)cc(O)c1O,CHEMBL305194;CHEMBL308645;CHEMBL80155,BRICS,True
GEN_CAA13DD1,C/N=N/Nc1ccc2ncnc(-c3cc(C(=O)O)cc(O)c3O)c2c1,CHEMBL133024;CHEMBL135592;CHEMBL305194;CHEMBL80155,BRICS,True
GEN_7111C903,Cc1cc(C)c(-c2cc(C(=O)O)cc(O)c2O)[nH]1,CHEMBL305194;CHEMBL68920;CHEMBL80155,BRICS,True
GEN_A85A664B,O=C(O)c1cc(O)c(O)c(-c2ccccn2)c1,CHEMBL137635;CHEMBL138125;CHEMBL305194;CHEMBL80155,BRICS,True
GEN_BB7D24DF,Nc1ccc2ncnc(-c3cc(C(=O)O)cc(O)c3O)c2c1,CHEMBL136492;CHEMBL305194;CHEMBL332096;CHEMBL336113;CHEMBL343352;CHEMBL52765;CHEMBL80155,BRICS,True
GEN_641030E0,CN(C)/N=N/c1ccc2ncnc(-c3cc(C(=O)O)cc(O)c3O)c2c1,CHEMBL136491;CHEMBL305194;CHEMBL344652;CHEMBL80155,BRICS,True
GEN_9B380F67,COc1cc(C(=O)O)cc(O)c1O,CHEMBL305194;CHEMBL80155,BRICS,True
GEN_A6825BC2,N#CC(C#N)=Cc1cc(C(=O)O)cc(O)c1O,CHEMBL296407;CHEMBL302552;CHEMBL304271;CHEMBL305194;CHEMBL308645;CHEMBL309598;CHEMBL309625;CHEMBL310798;CHEMBL311119;CHEMBL432903;CHEMBL443268;CHEMBL65848;CHEMBL66570;CHEMBL67003;CHEMBL67057;CHEMBL68920;CHEMBL69629;CHEMBL69960;CHEMBL69964;CHEMBL76589;CHEMBL76642;CHEMBL76904;CHEMBL76905;CHEMBL76985;CHEMBL77085;CHEMBL80155,BRICS,True
GEN_B2F9484C,N#CC(=Cc1cc(C(=O)O)cc(O)c1O)C(N)=O,CHEMBL296407;CHEMBL302552;CHEMBL304271;CHEMBL305194;CHEMBL308645;CHEMBL309625;CHEMBL310798;CHEMBL311119;CHEMBL432903;CHEMBL443268;CHEMBL65848;CHEMBL66570;CHEMBL67003;CHEMBL67057;CHEMBL68920;CHEMBL69629;CHEMBL69960;CHEMBL69964;CHEMBL76589;CHEMBL76642;CHEMBL76904;CHEMBL76905;CHEMBL76985;CHEMBL77085;CHEMBL80155,BRICS,True
GEN_3F74ABA9,N#CC(=Cc1cc(C(=O)O)cc(O)c1O)C(=O)O,CHEMBL296407;CHEMBL302552;CHEMBL304271;CHEMBL305194;CHEMBL308645;CHEMBL309625;CHEMBL310798;CHEMBL311119;CHEMBL432903;CHEMBL443268;CHEMBL65848;CHEMBL66570;CHEMBL67003;CHEMBL67057;CHEMBL68920;CHEMBL69629;CHEMBL69960;CHEMBL69964;CHEMBL76589;CHEMBL76642;CHEMBL76904;CHEMBL76905;CHEMBL76985;CHEMBL77085;CHEMBL80155,BRICS,True
GEN_0EBC02A8,C/N=N/Nc1ccc2ncnc(C=Cc3cc(C(=O)O)cc(O)c3O)c2c1,CHEMBL133024;CHEMBL135592;CHEMBL296407;CHEMBL302552;CHEMBL304271;CHEMBL305194;CHEMBL308645;CHEMBL309625;CHEMBL310798;CHEMBL311119;CHEMBL432903;CHEMBL443268;CHEMBL65848;CHEMBL66570;CHEMBL67003;CHEMBL67057;CHEMBL68920;CHEMBL69629;CHEMBL69960;CHEMBL69964;CHEMBL76589;CHEMBL76642;CHEMBL76904;CHEMBL76905;CHEMBL76985;CHEMBL77085;CHEMBL80155,BRICS,True
GEN_C50D7D29,Cc1cc(C)c(C=Cc2cc(C(=O)O)cc(O)c2O)[nH]1,CHEMBL296407;CHEMBL302552;CHEMBL304271;CHEMBL305194;CHEMBL308645;CHEMBL309625;CHEMBL310798;CHEMBL311119;CHEMBL432903;CHEMBL443268;CHEMBL65848;CHEMBL66570;CHEMBL67003;CHEMBL67057;CHEMBL68920;CHEMBL69629;CHEMBL69960;CHEMBL69964;CHEMBL76589;CHEMBL76642;CHEMBL76904;CHEMBL76905;CHEMBL76985;CHEMBL77085;CHEMBL80155,BRICS,True
GEN_DE039512,O=C(O)c1cc(O)c(O)c(C=Cc2ccccn2)c1,CHEMBL137635;CHEMBL138125;CHEMBL296407;CHEMBL302552;CHEMBL304271;CHEMBL305194;CHEMBL308645;CHEMBL309625;CHEMBL310798;CHEMBL311119;CHEMBL432903;CHEMBL443268;CHEMBL65848;CHEMBL66570;CHEMBL67003;CHEMBL67057;CHEMBL68920;CHEMBL69629;CHEMBL69960;CHEMBL69964;CHEMBL76589;CHEMBL76642;CHEMBL76904;CHEMBL76905;CHEMBL76985;CHEMBL77085;CHEMBL80155,BRICS,True
GEN_59CD7FE1,Nc1ccc2ncnc(C=Cc3cc(C(=O)O)cc(O)c3O)c2c1,CHEMBL136492;CHEMBL296407;CHEMBL302552;CHEMBL304271;CHEMBL305194;CHEMBL308645;CHEMBL309625;CHEMBL310798;CHEMBL311119;CHEMBL332096;CHEMBL336113;CHEMBL343352;CHEMBL432903;CHEMBL443268;CHEMBL52765;CHEMBL65848;CHEMBL66570;CHEMBL67003;CHEMBL67057;CHEMBL68920;CHEMBL69629;CHEMBL69960;CHEMBL69964;CHEMBL76589;CHEMBL76642;CHEMBL76904;CHEMBL76905;CHEMBL76985;CHEMBL77085;CHEMBL80155,BRICS,True
GEN_381CCAA3,CN(C)/N=N/c1ccc2ncnc(C=Cc3cc(C(=O)O)cc(O)c3O)c2c1,CHEMBL136491;CHEMBL296407;CHEMBL302552;CHEMBL304271;CHEMBL305194;CHEMBL308645;CHEMBL309625;CHEMBL310798;CHEMBL311119;CHEMBL344652;CHEMBL432903;CHEMBL443268;CHEMBL65848;CHEMBL66570;CHEMBL67003;CHEMBL67057;CHEMBL68920;CHEMBL69629;CHEMBL69960;CHEMBL69964;CHEMBL76589;CHEMBL76642;CHEMBL76904;CHEMBL76905;CHEMBL76985;CHEMBL77085;CHEMBL80155,BRICS,True
GEN_2F44C20E,O=C(O)c1cc(O)c(O)c(C=Cc2cc(O)ccc2[N+](=O)[O-])c1,CHEMBL296407;CHEMBL302552;CHEMBL304271;CHEMBL305194;CHEMBL308645;CHEMBL309625;CHEMBL310798;CHEMBL311119;CHEMBL432903;CHEMBL443268;CHEMBL65848;CHEMBL66570;CHEMBL67003;CHEMBL67057;CHEMBL68920;CHEMBL69629;CHEMBL69960;CHEMBL69964;CHEMBL76589;CHEMBL76642;CHEMBL76904;CHEMBL76905;CHEMBL76985;CHEMBL77085;CHEMBL80155,BRICS,True
GEN_A10C2182,O=Cc1ccc(C=Cc2cc(C(=O)O)cc(O)c2O)cc1,CHEMBL296407;CHEMBL302552;CHEMBL304271;CHEMBL305194;CHEMBL308645;CHEMBL309625;CHEMBL310798;CHEMBL311119;CHEMBL432903;CHEMBL443268;CHEMBL65848;CHEMBL66570;CHEMBL67003;CHEMBL67057;CHEMBL68920;CHEMBL69629;CHEMBL69960;CHEMBL69964;CHEMBL76589;CHEMBL76642;CHEMBL76904;CHEMBL76905;CHEMBL76985;CHEMBL77085;CHEMBL80155,BRICS,True
GEN_13A88E5C,O=C(O)c1cc(O)c(O)c(C=Cc2cccc(Br)c2)c1,CHEMBL137364;CHEMBL138125;CHEMBL296407;CHEMBL302552;CHEMBL304271;CHEMBL305194;CHEMBL308645;CHEMBL309625;CHEMBL310798;CHEMBL311119;CHEMBL432903;CHEMBL443268;CHEMBL52765;CHEMBL65848;CHEMBL66570;CHEMBL67003;CHEMBL67057;CHEMBL68920;CHEMBL69629;CHEMBL69960;CHEMBL69964;CHEMBL76589;CHEMBL76642;CHEMBL76904;CHEMBL76905;CHEMBL76985;CHEMBL77085;CHEMBL80155,BRICS,True
GEN_F4A22D3D,O=C(O)c1cc(O)c(O)c(C=Cc2cccc(Cl)c2)c1,CHEMBL133024;CHEMBL136491;CHEMBL296407;CHEMBL302552;CHEMBL304271;CHEMBL305194;CHEMBL308645;CHEMBL309625;CHEMBL310798;CHEMBL311119;CHEMBL343352;CHEMBL432903;CHEMBL443268;CHEMBL65848;CHEMBL66570;CHEMBL67003;CHEMBL67057;CHEMBL68920;CHEMBL69629;CHEMBL69960;CHEMBL69964;CHEMBL76589;CHEMBL76642;CHEMBL76904;CHEMBL76905;CHEMBL76985;CHEMBL77085;CHEMBL80155,BRICS,True
GEN_A40B9A41,Cc1cccc(C=Cc2cc(C(=O)O)cc(O)c2O)c1,CHEMBL296407;CHEMBL302552;CHEMBL304271;CHEMBL305194;CHEMBL308645;CHEMBL309625;CHEMBL310798;CHEMBL311119;CHEMBL336113;CHEMBL432903;CHEMBL443268;CHEMBL65848;CHEMBL66570;CHEMBL67003;CHEMBL67057;CHEMBL68920;CHEMBL69629;CHEMBL69960;CHEMBL69964;CHEMBL76589;CHEMBL76642;CHEMBL76904;CHEMBL76905;CHEMBL76985;CHEMBL77085;CHEMBL80155,BRICS,True
GEN_3C3D1332,O=C(O)c1cc(O)c(O)c(C=Cc2ccc(F)c(Cl)c2)c1,CHEMBL296407;CHEMBL302552;CHEMBL304271;CHEMBL305194;CHEMBL308645;CHEMBL309625;CHEMBL310798;CHEMBL311119;CHEMBL432903;CHEMBL443268;CHEMBL65848;CHEMBL66570;CHEMBL67003;CHEMBL67057;CHEMBL68920;CHEMBL69629;CHEMBL69960;CHEMBL69964;CHEMBL76589;CHEMBL76642;CHEMBL76904;CHEMBL76905;CHEMBL76985;CHEMBL77085;CHEMBL80155,BRICS,True
GEN_407ABFF6,O=C(O)c1cc(O)c(O)c(C=Cc2ccc3c(c2)CCC3)c1,CHEMBL296407;CHEMBL302552;CHEMBL304271;CHEMBL305194;CHEMBL308645;CHEMBL309625;CHEMBL310798;CHEMBL311119;CHEMBL432903;CHEMBL443268;CHEMBL65848;CHEMBL66570;CHEMBL67003;CHEMBL67057;CHEMBL68920;CHEMBL69629;CHEMBL69960;CHEMBL69964;CHEMBL76589;CHEMBL76642;CHEMBL76904;CHEMBL76905;CHEMBL76985;CHEMBL77085;CHEMBL80155,BRICS,True
GEN_19DBC407,O=C(O)c1cc(O)c(O)c(C=Cc2ccc(O)c([N+](=O)[O-])c2)c1,CHEMBL296407;CHEMBL302552;CHEMBL304271;CHEMBL305194;CHEMBL308645;CHEMBL309625;CHEMBL310798;CHEMBL311119;CHEMBL432903;CHEMBL443268;CHEMBL65848;CHEMBL66570;CHEMBL67003;CHEMBL67057;CHEMBL68920;CHEMBL69629;CHEMBL69960;CHEMBL69964;CHEMBL76589;CHEMBL76642;CHEMBL76904;CHEMBL76905;CHEMBL76985;CHEMBL77085;CHEMBL80155,BRICS,True
GEN_AE044978,O=C(O)c1cc(O)c(O)c(C=Cc2cc(O)cc(O)c2)c1,CHEMBL296407;CHEMBL302552;CHEMBL304271;CHEMBL305194;CHEMBL308645;CHEMBL309625;CHEMBL310798;CHEMBL311119;CHEMBL432903;CHEMBL443268;CHEMBL65848;CHEMBL66570;CHEMBL67003;CHEMBL67057;CHEMBL68920;CHEMBL69629;CHEMBL69960;CHEMBL69964;CHEMBL76589;CHEMBL76642;CHEMBL76904;CHEMBL76905;CHEMBL76985;CHEMBL77085;CHEMBL80155,BRICS,True
GEN_34DAAE3B,O=C(O)c1cc(O)c(O)c(C=Cc2cc(O)ccc2O)c1,CHEMBL296407;CHEMBL302552;CHEMBL304271;CHEMBL305194;CHEMBL308645;CHEMBL309625;CHEMBL310798;CHEMBL311119;CHEMBL432903;CHEMBL443268;CHEMBL65848;CHEMBL66570;CHEMBL67003;CHEMBL67057;CHEMBL68920;CHEMBL69629;CHEMBL69960;CHEMBL69964;CHEMBL76589;CHEMBL76642;CHEMBL76904;CHEMBL76905;CHEMBL76985;CHEMBL77085;CHEMBL80155,BRICS,True
GEN_DCC67EB6,O=C(O)c1cc(O)c(O)c(C=Cc2ccccc2)c1,CHEMBL135592;CHEMBL136492;CHEMBL137635;CHEMBL296407;CHEMBL302552;CHEMBL304271;CHEMBL305194;CHEMBL308645;CHEMBL309625;CHEMBL310798;CHEMBL311119;CHEMBL332096;CHEMBL344652;CHEMBL432903;CHEMBL443268;CHEMBL65848;CHEMBL66570;CHEMBL67003;CHEMBL67057;CHEMBL68920;CHEMBL69629;CHEMBL69960;CHEMBL69964;CHEMBL76589;CHEMBL76642;CHEMBL76904;CHEMBL76905;CHEMBL76985;CHEMBL77085;CHEMBL80155,BRICS,True
GEN_6040ADD3,O=C(O)c1cc(O)c(O)c(C=Cc2ccc(O)c(O)c2)c1,CHEMBL296407;CHEMBL302552;CHEMBL304271;CHEMBL305194;CHEMBL308645;CHEMBL309625;CHEMBL310798;CHEMBL311119;CHEMBL432903;CHEMBL443268;CHEMBL65848;CHEMBL66570;CHEMBL67003;CHEMBL67057;CHEMBL68920;CHEMBL69629;CHEMBL69960;CHEMBL69964;CHEMBL76589;CHEMBL76642;CHEMBL76904;CHEMBL76905;CHEMBL76985;CHEMBL77085;CHEMBL80155,BRICS,True
GEN_3C5884EF,O=C(O)c1cc(O)c(O)c(C=Cc2ccc(O)cc2)c1,CHEMBL296407;CHEMBL302552;CHEMBL304271;CHEMBL305194;CHEMBL308645;CHEMBL309625;CHEMBL310798;CHEMBL311119;CHEMBL432903;CHEMBL443268;CHEMBL65848;CHEMBL66570;CHEMBL67003;CHEMBL67057;CHEMBL68920;CHEMBL69629;CHEMBL69960;CHEMBL69964;CHEMBL76589;CHEMBL76642;CHEMBL76904;CHEMBL76905;CHEMBL76985;CHEMBL77085;CHEMBL80155,BRICS,True
GEN_F0222CBC,O=C(O)c1cc(O)c(O)c(C=Cc2cc(O)c(O)c(O)c2)c1,CHEMBL296407;CHEMBL302552;CHEMBL304271;CHEMBL305194;CHEMBL308645;CHEMBL309598;CHEMBL309625;CHEMBL310798;CHEMBL311119;CHEMBL432903;CHEMBL443268;CHEMBL65848;CHEMBL66570;CHEMBL67003;CHEMBL67057;CHEMBL68920;CHEMBL69629;CHEMBL69960;CHEMBL69964;CHEMBL76589;CHEMBL76642;CHEMBL76904;CHEMBL76905;CHEMBL76985;CHEMBL77085;CHEMBL80155,BRICS,True
GEN_DF142E02,C/N=N/Nc1ccc2ncnc(C(O)=Cc3cc(C(=O)O)cc(O)c3O)c2c1,CHEMBL133024;CHEMBL135592;CHEMBL296407;CHEMBL302552;CHEMBL304271;CHEMBL305194;CHEMBL308645;CHEMBL309598;CHEMBL309625;CHEMBL310798;CHEMBL311119;CHEMBL432903;CHEMBL443268;CHEMBL65848;CHEMBL66570;CHEMBL67003;CHEMBL67057;CHEMBL68920;CHEMBL69629;CHEMBL69960;CHEMBL69964;CHEMBL76589;CHEMBL76642;CHEMBL76904;CHEMBL76905;CHEMBL76985;CHEMBL77085;CHEMBL80155,BRICS,True
GEN_927251CC,Cc1cc(C)c(C(O)=Cc2cc(C(=O)O)cc(O)c2O)[nH]1,CHEMBL296407;CHEMBL302552;CHEMBL304271;CHEMBL305194;CHEMBL308645;CHEMBL309598;CHEMBL309625;CHEMBL310798;CHEMBL311119;CHEMBL432903;CHEMBL443268;CHEMBL65848;CHEMBL66570;CHEMBL67003;CHEMBL67057;CHEMBL68920;CHEMBL69629;CHEMBL69960;CHEMBL69964;CHEMBL76589;CHEMBL76642;CHEMBL76904;CHEMBL76905;CHEMBL76985;CHEMBL77085;CHEMBL80155,BRICS,True
GEN_B3E965A8,O=C(O)c1cc(O)c(O)c(C=C(O)c2ccccn2)c1,CHEMBL137635;CHEMBL138125;CHEMBL296407;CHEMBL302552;CHEMBL304271;CHEMBL305194;CHEMBL308645;CHEMBL309598;CHEMBL309625;CHEMBL310798;CHEMBL311119;CHEMBL432903;CHEMBL443268;CHEMBL65848;CHEMBL66570;CHEMBL67003;CHEMBL67057;CHEMBL68920;CHEMBL69629;CHEMBL69960;CHEMBL69964;CHEMBL76589;CHEMBL76642;CHEMBL76904;CHEMBL76905;CHEMBL76985;CHEMBL77085;CHEMBL80155,BRICS,True
GEN_D19D1F75,Nc1ccc2ncnc(C(O)=Cc3cc(C(=O)O)cc(O)c3O)c2c1,CHEMBL136492;CHEMBL296407;CHEMBL302552;CHEMBL304271;CHEMBL305194;CHEMBL308645;CHEMBL309598;CHEMBL309625;CHEMBL310798;CHEMBL311119;CHEMBL332096;CHEMBL336113;CHEMBL343352;CHEMBL432903;CHEMBL443268;CHEMBL52765;CHEMBL65848;CHEMBL66570;CHEMBL67003;CHEMBL67057;CHEMBL68920;CHEMBL69629;CHEMBL69960;CHEMBL69964;CHEMBL76589;CHEMBL76642;CHEMBL76904;CHEMBL76905;CHEMBL76985;CHEMBL77085;CHEMBL80155,BRICS,True
GEN_7AE05432,CN(C)/N=N/c1ccc2ncnc(C(O)=Cc3cc(C(=O)O)cc(O)c3O)c2c1,CHEMBL136491;CHEMBL296407;CHEMBL302552;CHEMBL304271;CHEMBL305194;CHEMBL308645;CHEMBL309598;CHEMBL309625;CHEMBL310798;CHEMBL311119;CHEMBL344652;CHEMBL432903;CHEMBL443268;CHEMBL65848;CHEMBL66570;CHEMBL67003;CHEMBL67057;CHEMBL68920;CHEMBL69629;CHEMBL69960;CHEMBL69964;CHEMBL76589;CHEMBL76642;CHEMBL76904;CHEMBL76905;CHEMBL76985;CHEMBL77085;CHEMBL80155,BRICS,True
GEN_6AEF1D13,O=C(O)c1cc(O)c(O)c(C=C(O)c2cc(O)ccc2[N+](=O)[O-])c1,CHEMBL296407;CHEMBL302552;CHEMBL304271;CHEMBL305194;CHEMBL308645;CHEMBL309598;CHEMBL309625;CHEMBL310798;CHEMBL311119;CHEMBL432903;CHEMBL443268;CHEMBL65848;CHEMBL66570;CHEMBL67003;CHEMBL67057;CHEMBL68920;CHEMBL69629;CHEMBL69960;CHEMBL69964;CHEMBL76589;CHEMBL76642;CHEMBL76904;CHEMBL76905;CHEMBL76985;CHEMBL77085;CHEMBL80155,BRICS,True
GEN_484122BB,O=Cc1ccc(C(O)=Cc2cc(C(=O)O)cc(O)c2O)cc1,CHEMBL296407;CHEMBL302552;CHEMBL304271;CHEMBL305194;CHEMBL308645;CHEMBL309598;CHEMBL309625;CHEMBL310798;CHEMBL311119;CHEMBL432903;CHEMBL443268;CHEMBL65848;CHEMBL66570;CHEMBL67003;CHEMBL67057;CHEMBL68920;CHEMBL69629;CHEMBL69960;CHEMBL69964;CHEMBL76589;CHEMBL76642;CHEMBL76904;CHEMBL76905;CHEMBL76985;CHEMBL77085;CHEMBL80155,BRICS,True
GEN_F1526006,O=C(O)c1cc(O)c(O)c(C=C(O)c2cccc(Br)c2)c1,CHEMBL137364;CHEMBL138125;CHEMBL296407;CHEMBL302552;CHEMBL304271;CHEMBL305194;CHEMBL308645;CHEMBL309598;CHEMBL309625;CHEMBL310798;CHEMBL311119;CHEMBL432903;CHEMBL443268;CHEMBL52765;CHEMBL65848;CHEMBL66570;CHEMBL67003;CHEMBL67057;CHEMBL68920;CHEMBL69629;CHEMBL69960;CHEMBL69964;CHEMBL76589;CHEMBL76642;CHEMBL76904;CHEMBL76905;CHEMBL76985;CHEMBL77085;CHEMBL80155,BRICS,True
GEN_4CE98D00,O=C(O)c1cc(O)c(O)c(C=C(O)c2cccc(Cl)c2)c1,CHEMBL133024;CHEMBL136491;CHEMBL296407;CHEMBL302552;CHEMBL304271;CHEMBL305194;CHEMBL308645;CHEMBL309598;CHEMBL309625;CHEMBL310798;CHEMBL311119;CHEMBL343352;CHEMBL432903;CHEMBL443268;CHEMBL65848;CHEMBL66570;CHEMBL67003;CHEMBL67057;CHEMBL68920;CHEMBL69629;CHEMBL69960;CHEMBL69964;CHEMBL76589;CHEMBL76642;CHEMBL76904;CHEMBL76905;CHEMBL76985;CHEMBL77085;CHEMBL80155,BRICS,True
GEN_0C9F4850,Cc1cccc(C(O)=Cc2cc(C(=O)O)cc(O)c2O)c1,CHEMBL296407;CHEMBL302552;CHEMBL304271;CHEMBL305194;CHEMBL308645;CHEMBL309598;CHEMBL309625;CHEMBL310798;CHEMBL311119;CHEMBL336113;CHEMBL432903;CHEMBL443268;CHEMBL65848;CHEMBL66570;CHEMBL67003;CHEMBL67057;CHEMBL68920;CHEMBL69629;CHEMBL69960;CHEMBL69964;CHEMBL76589;CHEMBL76642;CHEMBL76904;CHEMBL76905;CHEMBL76985;CHEMBL77085;CHEMBL80155,BRICS,True
GEN_477A1038,O=C(O)c1cc(O)c(O)c(C=C(O)c2ccc(F)c(Cl)c2)c1,CHEMBL296407;CHEMBL302552;CHEMBL304271;CHEMBL305194;CHEMBL308645;CHEMBL309598;CHEMBL309625;CHEMBL310798;CHEMBL311119;CHEMBL432903;CHEMBL443268;CHEMBL65848;CHEMBL66570;CHEMBL67003;CHEMBL67057;CHEMBL68920;CHEMBL69629;CHEMBL69960;CHEMBL69964;CHEMBL76589;CHEMBL76642;CHEMBL76904;CHEMBL76905;CHEMBL76985;CHEMBL77085;CHEMBL80155,BRICS,True
GEN_27B906BE,O=C(O)c1cc(O)c(O)c(C=C(O)c2ccc3c(c2)CCC3)c1,CHEMBL296407;CHEMBL302552;CHEMBL304271;CHEMBL305194;CHEMBL308645;CHEMBL309598;CHEMBL309625;CHEMBL310798;CHEMBL311119;CHEMBL432903;CHEMBL443268;CHEMBL65848;CHEMBL66570;CHEMBL67003;CHEMBL67057;CHEMBL68920;CHEMBL69629;CHEMBL69960;CHEMBL69964;CHEMBL76589;CHEMBL76642;CHEMBL76904;CHEMBL76905;CHEMBL76985;CHEMBL77085;CHEMBL80155,BRICS,True
GEN_5D0A9BD6,O=C(O)c1cc(O)c(O)c(C=C(O)c2ccc(O)c([N+](=O)[O-])c2)c1,CHEMBL296407;CHEMBL302552;CHEMBL304271;CHEMBL305194;CHEMBL308645;CHEMBL309598;CHEMBL309625;CHEMBL310798;CHEMBL311119;CHEMBL432903;CHEMBL443268;CHEMBL65848;CHEMBL66570;CHEMBL67003;CHEMBL67057;CHEMBL68920;CHEMBL69629;CHEMBL69960;CHEMBL69964;CHEMBL76589;CHEMBL76642;CHEMBL76904;CHEMBL76905;CHEMBL76985;CHEMBL77085;CHEMBL80155,BRICS,True
GEN_BDD0BFFA,O=C(O)c1cc(O)c(O)c(C=C(O)c2cc(O)cc(O)c2)c1,CHEMBL296407;CHEMBL302552;CHEMBL304271;CHEMBL305194;CHEMBL308645;CHEMBL309598;CHEMBL309625;CHEMBL310798;CHEMBL311119;CHEMBL432903;CHEMBL443268;CHEMBL65848;CHEMBL66570;CHEMBL67003;CHEMBL67057;CHEMBL68920;CHEMBL69629;CHEMBL69960;CHEMBL69964;CHEMBL76589;CHEMBL76642;CHEMBL76904;CHEMBL76905;CHEMBL76985;CHEMBL77085;CHEMBL80155,BRICS,True
GEN_D2EF1C3B,O=C(O)c1cc(O)c(O)c(C=C(O)c2cc(O)ccc2O)c1,CHEMBL296407;CHEMBL302552;CHEMBL304271;CHEMBL305194;CHEMBL308645;CHEMBL309598;CHEMBL309625;CHEMBL310798;CHEMBL311119;CHEMBL432903;CHEMBL443268;CHEMBL65848;CHEMBL66570;CHEMBL67003;CHEMBL67057;CHEMBL68920;CHEMBL69629;CHEMBL69960;CHEMBL69964;CHEMBL76589;CHEMBL76642;CHEMBL76904;CHEMBL76905;CHEMBL76985;CHEMBL77085;CHEMBL80155,BRICS,True
GEN_24FCB14F,O=C(O)c1cc(O)c(O)c(C=C(O)c2ccccc2)c1,CHEMBL135592;CHEMBL136492;CHEMBL137635;CHEMBL296407;CHEMBL302552;CHEMBL304271;CHEMBL305194;CHEMBL308645;CHEMBL309598;CHEMBL309625;CHEMBL310798;CHEMBL311119;CHEMBL332096;CHEMBL344652;CHEMBL432903;CHEMBL443268;CHEMBL65848;CHEMBL66570;CHEMBL67003;CHEMBL67057;CHEMBL68920;CHEMBL69629;CHEMBL69960;CHEMBL69964;CHEMBL76589;CHEMBL76642;CHEMBL76904;CHEMBL76905;CHEMBL76985;CHEMBL77085;CHEMBL80155,BRICS,True
GEN_2C7C3724,O=C(O)c1cc(O)c(O)c(C=C(O)c2ccc(O)c(O)c2)c1,CHEMBL296407;CHEMBL302552;CHEMBL304271;CHEMBL305194;CHEMBL308645;CHEMBL309598;CHEMBL309625;CHEMBL310798;CHEMBL311119;CHEMBL432903;CHEMBL443268;CHEMBL65848;CHEMBL66570;CHEMBL67003;CHEMBL67057;CHEMBL68920;CHEMBL69629;CHEMBL69960;CHEMBL69964;CHEMBL76589;CHEMBL76642;CHEMBL76904;CHEMBL76905;CHEMBL76985;CHEMBL77085;CHEMBL80155,BRICS,True
GEN_AAEB5254,O=C(O)c1cc(O)c(O)c(C=C(O)c2ccc(O)cc2)c1,CHEMBL296407;CHEMBL302552;CHEMBL304271;CHEMBL305194;CHEMBL308645;CHEMBL309598;CHEMBL309625;CHEMBL310798;CHEMBL311119;CHEMBL432903;CHEMBL443268;CHEMBL65848;CHEMBL66570;CHEMBL67003;CHEMBL67057;CHEMBL68920;CHEMBL69629;CHEMBL69960;CHEMBL69964;CHEMBL76589;CHEMBL76642;CHEMBL76904;CHEMBL76905;CHEMBL76985;CHEMBL77085;CHEMBL80155,BRICS,True
GEN_FF1D51F6,O=C(O)c1cc(O)c(O)c(C=C(O)c2cc(O)c(O)c(O)c2)c1,CHEMBL296407;CHEMBL302552;CHEMBL304271;CHEMBL305194;CHEMBL308645;CHEMBL309598;CHEMBL309625;CHEMBL310798;CHEMBL311119;CHEMBL432903;CHEMBL443268;CHEMBL65848;CHEMBL66570;CHEMBL67003;CHEMBL67057;CHEMBL68920;CHEMBL69629;CHEMBL69960;CHEMBL69964;CHEMBL76589;CHEMBL76642;CHEMBL76904;CHEMBL76905;CHEMBL76985;CHEMBL77085;CHEMBL80155,BRICS,True
GEN_96B9C12D,CN1C(=O)C(=Cc2cc(C(=O)O)cc(O)c2O)c2c(CCC(=O)O)ncnc21,CHEMBL296407;CHEMBL302552;CHEMBL304271;CHEMBL305194;CHEMBL308645;CHEMBL309625;CHEMBL310798;CHEMBL311119;CHEMBL432903;CHEMBL443268;CHEMBL65848;CHEMBL66570;CHEMBL67003;CHEMBL67057;CHEMBL68920;CHEMBL69629;CHEMBL69960;CHEMBL69964;CHEMBL76589;CHEMBL76642;CHEMBL76904;CHEMBL76905;CHEMBL76985;CHEMBL77085;CHEMBL80155,BRICS,True
GEN_5BDF18BA,CN1C(=O)C(=Cc2cc(C(=O)O)cc(O)c2O)c2c(-c3cc(O)ccc3[N+](=O)[O-])ncnc21,CHEMBL296407;CHEMBL302552;CHEMBL304271;CHEMBL305194;CHEMBL308645;CHEMBL309625;CHEMBL310798;CHEMBL311119;CHEMBL432903;CHEMBL443268;CHEMBL65848;CHEMBL66570;CHEMBL67003;CHEMBL67057;CHEMBL68920;CHEMBL69629;CHEMBL69960;CHEMBL69964;CHEMBL76589;CHEMBL76642;CHEMBL76904;CHEMBL76905;CHEMBL76985;CHEMBL77085;CHEMBL80155,BRICS,True
GEN_B6F9A6D7,CN1C(=O)C(=Cc2cc(C(=O)O)cc(O)c2O)c2c(-c3ccc(C=O)cc3)ncnc21,CHEMBL296407;CHEMBL302552;CHEMBL304271;CHEMBL305194;CHEMBL308645;CHEMBL309625;CHEMBL310798;CHEMBL311119;CHEMBL432903;CHEMBL443268;CHEMBL65848;CHEMBL66570;CHEMBL67003;CHEMBL67057;CHEMBL68920;CHEMBL69629;CHEMBL69960;CHEMBL69964;CHEMBL76589;CHEMBL76642;CHEMBL76904;CHEMBL76905;CHEMBL76985;CHEMBL77085;CHEMBL80155,BRICS,True
GEN_7CC3B800,CN1C(=O)C(=Cc2cc(C(=O)O)cc(O)c2O)c2c(-c3cccc(Br)c3)ncnc21,CHEMBL137364;CHEMBL138125;CHEMBL296407;CHEMBL302552;CHEMBL304271;CHEMBL305194;CHEMBL308645;CHEMBL309625;CHEMBL310798;CHEMBL311119;CHEMBL432903;CHEMBL443268;CHEMBL52765;CHEMBL65848;CHEMBL66570;CHEMBL67003;CHEMBL67057;CHEMBL68920;CHEMBL69629;CHEMBL69960;CHEMBL69964;CHEMBL76589;CHEMBL76642;CHEMBL76904;CHEMBL76905;CHEMBL76985;CHEMBL77085;CHEMBL80155,BRICS,True
GEN_A416798E,CN1C(=O)C(=Cc2cc(C(=O)O)cc(O)c2O)c2c(-c3cccc(Cl)c3)ncnc21,CHEMBL133024;CHEMBL136491;CHEMBL296407;CHEMBL302552;CHEMBL304271;CHEMBL305194;CHEMBL308645;CHEMBL309625;CHEMBL310798;CHEMBL311119;CHEMBL343352;CHEMBL432903;CHEMBL443268;CHEMBL65848;CHEMBL66570;CHEMBL67003;CHEMBL67057;CHEMBL68920;CHEMBL69629;CHEMBL69960;CHEMBL69964;CHEMBL76589;CHEMBL76642;CHEMBL76904;CHEMBL76905;CHEMBL76985;CHEMBL77085;CHEMBL80155,BRICS,True
GEN_E9FD182B,Cc1cccc(-c2ncnc3c2C(=Cc2cc(C(=O)O)cc(O)c2O)C(=O)N3C)c1,CHEMBL296407;CHEMBL302552;CHEMBL304271;CHEMBL305194;CHEMBL308645;CHEMBL309625;CHEMBL310798;CHEMBL311119;CHEMBL336113;CHEMBL432903;CHEMBL443268;CHEMBL65848;CHEMBL66570;CHEMBL67003;CHEMBL67057;CHEMBL68920;CHEMBL69629;CHEMBL69960;CHEMBL69964;CHEMBL76589;CHEMBL76642;CHEMBL76904;CHEMBL76905;CHEMBL76985;CHEMBL77085;CHEMBL80155,BRICS,True
GEN_E114D1E2,CN1C(=O)C(=Cc2cc(C(=O)O)cc(O)c2O)c2c(-c3ccc(F)c(Cl)c3)ncnc21,CHEMBL296407;CHEMBL302552;CHEMBL304271;CHEMBL305194;CHEMBL308645;CHEMBL309625;CHEMBL310798;CHEMBL311119;CHEMBL432903;CHEMBL443268;CHEMBL65848;CHEMBL66570;CHEMBL67003;CHEMBL67057;CHEMBL68920;CHEMBL69629;CHEMBL69960;CHEMBL69964;CHEMBL76589;CHEMBL76642;CHEMBL76904;CHEMBL76905;CHEMBL76985;CHEMBL77085;CHEMBL80155,BRICS,True
GEN_B9931BB8,CN1C(=O)C(=Cc2cc(C(=O)O)cc(O)c2O)c2c(-c3ccc4c(c3)CCC4)ncnc21,CHEMBL296407;CHEMBL302552;CHEMBL304271;CHEMBL305194;CHEMBL308645;CHEMBL309625;CHEMBL310798;CHEMBL311119;CHEMBL432903;CHEMBL443268;CHEMBL65848;CHEMBL66570;CHEMBL67003;CHEMBL67057;CHEMBL68920;CHEMBL69629;CHEMBL69960;CHEMBL69964;CHEMBL76589;CHEMBL76642;CHEMBL76904;CHEMBL76905;CHEMBL76985;CHEMBL77085;CHEMBL80155,BRICS,True
GEN_1D0D6B91,CN1C(=O)C(=Cc2cc(C(=O)O)cc(O)c2O)c2c(-c3ccc(O)c([N+](=O)[O-])c3)ncnc21,CHEMBL296407;CHEMBL302552;CHEMBL304271;CHEMBL305194;CHEMBL308645;CHEMBL309625;CHEMBL310798;CHEMBL311119;CHEMBL432903;CHEMBL443268;CHEMBL65848;CHEMBL66570;CHEMBL67003;CHEMBL67057;CHEMBL68920;CHEMBL69629;CHEMBL69960;CHEMBL69964;CHEMBL76589;CHEMBL76642;CHEMBL76904;CHEMBL76905;CHEMBL76985;CHEMBL77085;CHEMBL80155,BRICS,True
GEN_FE0D4F3C,CN1C(=O)C(=Cc2cc(C(=O)O)cc(O)c2O)c2c(-c3cc(O)cc(O)c3)ncnc21,CHEMBL296407;CHEMBL302552;CHEMBL304271;CHEMBL305194;CHEMBL308645;CHEMBL309625;CHEMBL310798;CHEMBL311119;CHEMBL432903;CHEMBL443268;CHEMBL65848;CHEMBL66570;CHEMBL67003;CHEMBL67057;CHEMBL68920;CHEMBL69629;CHEMBL69960;CHEMBL69964;CHEMBL76589;CHEMBL76642;CHEMBL76904;CHEMBL76905;CHEMBL76985;CHEMBL77085;CHEMBL80155,BRICS,True
GEN_4A3177F4,CN1C(=O)C(=Cc2cc(C(=O)O)cc(O)c2O)c2c(-c3cc(O)ccc3O)ncnc21,CHEMBL296407;CHEMBL302552;CHEMBL304271;CHEMBL305194;CHEMBL308645;CHEMBL309625;CHEMBL310798;CHEMBL311119;CHEMBL432903;CHEMBL443268;CHEMBL65848;CHEMBL66570;CHEMBL67003;CHEMBL67057;CHEMBL68920;CHEMBL69629;CHEMBL69960;CHEMBL69964;CHEMBL76589;CHEMBL76642;CHEMBL76904;CHEMBL76905;CHEMBL76985;CHEMBL77085;CHEMBL80155,BRICS,True
GEN_BF4B5170,CN1C(=O)C(=Cc2cc(C(=O)O)cc(O)c2O)c2c(-c3ccccc3)ncnc21,CHEMBL135592;CHEMBL136492;CHEMBL137635;CHEMBL296407;CHEMBL302552;CHEMBL304271;CHEMBL305194;CHEMBL308645;CHEMBL309625;CHEMBL310798;CHEMBL311119;CHEMBL332096;CHEMBL344652;CHEMBL432903;CHEMBL443268;CHEMBL65848;CHEMBL66570;CHEMBL67003;CHEMBL67057;CHEMBL68920;CHEMBL69629;CHEMBL69960;CHEMBL69964;CHEMBL76589;CHEMBL76642;CHEMBL76904;CHEMBL76905;CHEMBL76985;CHEMBL77085;CHEMBL80155,BRICS,True
GEN_31DC92CF,CN1C(=O)C(=Cc2cc(C(=O)O)cc(O)c2O)c2c(-c3ccc(O)c(O)c3)ncnc21,CHEMBL296407;CHEMBL302552;CHEMBL304271;CHEMBL305194;CHEMBL308645;CHEMBL309625;CHEMBL310798;CHEMBL311119;CHEMBL432903;CHEMBL443268;CHEMBL65848;CHEMBL66570;CHEMBL67003;CHEMBL67057;CHEMBL68920;CHEMBL69629;CHEMBL69960;CHEMBL69964;CHEMBL76589;CHEMBL76642;CHEMBL76904;CHEMBL76905;CHEMBL76985;CHEMBL77085;CHEMBL80155,BRICS,True
GEN_71D8D415,CN1C(=O)C(=Cc2cc(C(=O)O)cc(O)c2O)c2c(-c3ccc(O)cc3)ncnc21,CHEMBL296407;CHEMBL302552;CHEMBL304271;CHEMBL305194;CHEMBL308645;CHEMBL309625;CHEMBL310798;CHEMBL311119;CHEMBL432903;CHEMBL443268;CHEMBL65848;CHEMBL66570;CHEMBL67003;CHEMBL67057;CHEMBL68920;CHEMBL69629;CHEMBL69960;CHEMBL69964;CHEMBL76589;CHEMBL76642;CHEMBL76904;CHEMBL76905;CHEMBL76985;CHEMBL77085;CHEMBL80155,BRICS,True
GEN_F37CCD10,CN1C(=O)C(=Cc2cc(C(=O)O)cc(O)c2O)c2c(-c3cc(O)c(O)c(O)c3)ncnc21,CHEMBL296407;CHEMBL302552;CHEMBL304271;CHEMBL305194;CHEMBL308645;CHEMBL309598;CHEMBL309625;CHEMBL310798;CHEMBL311119;CHEMBL432903;CHEMBL443268;CHEMBL65848;CHEMBL66570;CHEMBL67003;CHEMBL67057;CHEMBL68920;CHEMBL69629;CHEMBL69960;CHEMBL69964;CHEMBL76589;CHEMBL76642;CHEMBL76904;CHEMBL76905;CHEMBL76985;CHEMBL77085;CHEMBL80155,BRICS,True
GEN_83485383,CN1C(=O)C(=Cc2cc(C(=O)O)cc(O)c2O)c2c(C(=O)O)ncnc21,CHEMBL296407;CHEMBL302552;CHEMBL304271;CHEMBL305194;CHEMBL308645;CHEMBL309625;CHEMBL310798;CHEMBL311119;CHEMBL432903;CHEMBL443268;CHEMBL65848;CHEMBL66570;CHEMBL67003;CHEMBL67057;CHEMBL68920;CHEMBL69629;CHEMBL69960;CHEMBL69964;CHEMBL76589;CHEMBL76642;CHEMBL76904;CHEMBL76905;CHEMBL76985;CHEMBL77085;CHEMBL80155,BRICS,True
GEN_71CE6B3F,COc1ncnc2c1C(=Cc1cc(C(=O)O)cc(O)c1O)C(=O)N2C,CHEMBL296407;CHEMBL302552;CHEMBL304271;CHEMBL305194;CHEMBL308645;CHEMBL309625;CHEMBL310798;CHEMBL311119;CHEMBL432903;CHEMBL443268;CHEMBL65848;CHEMBL66570;CHEMBL67003;CHEMBL67057;CHEMBL68920;CHEMBL69629;CHEMBL69960;CHEMBL69964;CHEMBL76589;CHEMBL76642;CHEMBL76904;CHEMBL76905;CHEMBL76985;CHEMBL77085;CHEMBL80155,BRICS,True
GEN_9A85427F,CN1CCN(c2ncnc3c2C(=Cc2cc(C(=O)O)cc(O)c2O)C(=O)N3C)CC1,CHEMBL296407;CHEMBL302552;CHEMBL304271;CHEMBL305194;CHEMBL308645;CHEMBL309625;CHEMBL310798;CHEMBL311119;CHEMBL432903;CHEMBL443268;CHEMBL65848;CHEMBL66570;CHEMBL67003;CHEMBL67057;CHEMBL68920;CHEMBL69629;CHEMBL69960;CHEMBL69964;CHEMBL76589;CHEMBL76642;CHEMBL76904;CHEMBL76905;CHEMBL76985;CHEMBL77085;CHEMBL80155,BRICS,True
GEN_CD184AFE,CN1C(=O)C(=Cc2cc(C(=O)O)cc(O)c2O)c2c(N3CCOCC3)ncnc21,CHEMBL137364;CHEMBL296407;CHEMBL302552;CHEMBL304271;CHEMBL305194;CHEMBL308645;CHEMBL309625;CHEMBL310798;CHEMBL311119;CHEMBL432903;CHEMBL443268;CHEMBL65848;CHEMBL66570;CHEMBL67003;CHEMBL67057;CHEMBL68920;CHEMBL69629;CHEMBL69960;CHEMBL69964;CHEMBL76589;CHEMBL76642;CHEMBL76904;CHEMBL76905;CHEMBL76985;CHEMBL77085;CHEMBL80155,BRICS,True
GEN_7320A218,C/N=N/Nc1ccc2ncnc(-c3ncnc4c3C(=Cc3cc(C(=O)O)cc(O)c3O)C(=O)N4C)c2c1,CHEMBL133024;CHEMBL135592;CHEMBL296407;CHEMBL302552;CHEMBL304271;CHEMBL305194;CHEMBL308645;CHEMBL309625;CHEMBL310798;CHEMBL311119;CHEMBL432903;CHEMBL443268;CHEMBL65848;CHEMBL66570;CHEMBL67003;CHEMBL67057;CHEMBL68920;CHEMBL69629;CHEMBL69960;CHEMBL69964;CHEMBL76589;CHEMBL76642;CHEMBL76904;CHEMBL76905;CHEMBL76985;CHEMBL77085;CHEMBL80155,BRICS,True
GEN_9E76C211,Cc1cc(C)c(-c2ncnc3c2C(=Cc2cc(C(=O)O)cc(O)c2O)C(=O)N3C)[nH]1,CHEMBL296407;CHEMBL302552;CHEMBL304271;CHEMBL305194;CHEMBL308645;CHEMBL309625;CHEMBL310798;CHEMBL311119;CHEMBL432903;CHEMBL443268;CHEMBL65848;CHEMBL66570;CHEMBL67003;CHEMBL67057;CHEMBL68920;CHEMBL69629;CHEMBL69960;CHEMBL69964;CHEMBL76589;CHEMBL76642;CHEMBL76904;CHEMBL76905;CHEMBL76985;CHEMBL77085;CHEMBL80155,BRICS,True
GEN_5D91B5E1,CN1C(=O)C(=Cc2cc(C(=O)O)cc(O)c2O)c2c(-c3ccccn3)ncnc21,CHEMBL137635;CHEMBL138125;CHEMBL296407;CHEMBL302552;CHEMBL304271;CHEMBL305194;CHEMBL308645;CHEMBL309625;CHEMBL310798;CHEMBL311119;CHEMBL432903;CHEMBL443268;CHEMBL65848;CHEMBL66570;CHEMBL67003;CHEMBL67057;CHEMBL68920;CHEMBL69629;CHEMBL69960;CHEMBL69964;CHEMBL76589;CHEMBL76642;CHEMBL76904;CHEMBL76905;CHEMBL76985;CHEMBL77085;CHEMBL80155,BRICS,True
GEN_C196AB21,CN1C(=O)C(=Cc2cc(C(=O)O)cc(O)c2O)c2c(-c3ncnc4ccc(N)cc34)ncnc21,CHEMBL136492;CHEMBL296407;CHEMBL302552;CHEMBL304271;CHEMBL305194;CHEMBL308645;CHEMBL309625;CHEMBL310798;CHEMBL311119;CHEMBL332096;CHEMBL336113;CHEMBL343352;CHEMBL432903;CHEMBL443268;CHEMBL52765;CHEMBL65848;CHEMBL66570;CHEMBL67003;CHEMBL67057;CHEMBL68920;CHEMBL69629;CHEMBL69960;CHEMBL69964;CHEMBL76589;CHEMBL76642;CHEMBL76904;CHEMBL76905;CHEMBL76985;CHEMBL77085;CHEMBL80155,BRICS,True
GEN_5D4F07DD,CN(C)/N=N/c1ccc2ncnc(-c3ncnc4c3C(=Cc3cc(C(=O)O)cc(O)c3O)C(=O)N4C)c2c1,CHEMBL136491;CHEMBL296407;CHEMBL302552;CHEMBL304271;CHEMBL305194;CHEMBL308645;CHEMBL309625;CHEMBL310798;CHEMBL311119;CHEMBL344652;CHEMBL432903;CHEMBL443268;CHEMBL65848;CHEMBL66570;CHEMBL67003;CHEMBL67057;CHEMBL68920;CHEMBL69629;CHEMBL69960;CHEMBL69964;CHEMBL76589;CHEMBL76642;CHEMBL76904;CHEMBL76905;CHEMBL76985;CHEMBL77085;CHEMBL80155,BRICS,True
GEN_8098F7E3,N#CC(C#N)=C(C#N)C(N)=Cc1cc(C(=O)O)cc(O)c1O,CHEMBL296407;CHEMBL302552;CHEMBL304271;CHEMBL305194;CHEMBL308645;CHEMBL309598;CHEMBL309625;CHEMBL310798;CHEMBL311119;CHEMBL432903;CHEMBL443268;CHEMBL65848;CHEMBL66570;CHEMBL67003;CHEMBL67057;CHEMBL68920;CHEMBL69629;CHEMBL69960;CHEMBL69964;CHEMBL76589;CHEMBL76642;CHEMBL76904;CHEMBL76905;CHEMBL76985;CHEMBL77085;CHEMBL80155,BRICS,True
GEN_BC3414ED,N#CC(C(N)=O)=C(C#N)C(N)=Cc1cc(C(=O)O)cc(O)c1O,CHEMBL296407;CHEMBL302552;CHEMBL304271;CHEMBL305194;CHEMBL308645;CHEMBL309625;CHEMBL310798;CHEMBL311119;CHEMBL432903;CHEMBL443268;CHEMBL65848;CHEMBL66570;CHEMBL67003;CHEMBL67057;CHEMBL68920;CHEMBL69629;CHEMBL69960;CHEMBL69964;CHEMBL76589;CHEMBL76642;CHEMBL76904;CHEMBL76905;CHEMBL76985;CHEMBL77085;CHEMBL80155,BRICS,True
GEN_E94A404E,N#CC(C(=O)O)=C(C#N)C(N)=Cc1cc(C(=O)O)cc(O)c1O,CHEMBL296407;CHEMBL302552;CHEMBL304271;CHEMBL305194;CHEMBL308645;CHEMBL309625;CHEMBL310798;CHEMBL311119;CHEMBL432903;CHEMBL443268;CHEMBL65848;CHEMBL66570;CHEMBL67003;CHEMBL67057;CHEMBL68920;CHEMBL69629;CHEMBL69960;CHEMBL69964;CHEMBL76589;CHEMBL76642;CHEMBL76904;CHEMBL76905;CHEMBL76985;CHEMBL77085;CHEMBL80155,BRICS,True
GEN_7A5A32D4,N#CC(=Cc1cc(C(=O)O)cc(O)c1O)C(N)=C(C#N)C#N,CHEMBL296407;CHEMBL302552;CHEMBL304271;CHEMBL305194;CHEMBL308645;CHEMBL309598;CHEMBL309625;CHEMBL310798;CHEMBL311119;CHEMBL432903;CHEMBL443268;CHEMBL65848;CHEMBL66570;CHEMBL67003;CHEMBL67057;CHEMBL68920;CHEMBL69629;CHEMBL69960;CHEMBL69964;CHEMBL76589;CHEMBL76642;CHEMBL76904;CHEMBL76905;CHEMBL76985;CHEMBL77085;CHEMBL80155,BRICS,True
GEN_C313DBA6,N#CC(=Cc1cc(C(=O)O)cc(O)c1O)C(N)=C(C#N)C(N)=O,CHEMBL296407;CHEMBL302552;CHEMBL304271;CHEMBL305194;CHEMBL308645;CHEMBL309625;CHEMBL310798;CHEMBL311119;CHEMBL432903;CHEMBL443268;CHEMBL65848;CHEMBL66570;CHEMBL67003;CHEMBL67057;CHEMBL68920;CHEMBL69629;CHEMBL69960;CHEMBL69964;CHEMBL76589;CHEMBL76642;CHEMBL76904;CHEMBL76905;CHEMBL76985;CHEMBL77085;CHEMBL80155,BRICS,True
GEN_85443F64,N#CC(=Cc1cc(C(=O)O)cc(O)c1O)C(N)=C(C#N)C(=O)O,CHEMBL296407;CHEMBL302552;CHEMBL304271;CHEMBL305194;CHEMBL308645;CHEMBL309625;CHEMBL310798;CHEMBL311119;CHEMBL432903;CHEMBL443268;CHEMBL65848;CHEMBL66570;CHEMBL67003;CHEMBL67057;CHEMBL68920;CHEMBL69629;CHEMBL69960;CHEMBL69964;CHEMBL76589;CHEMBL76642;CHEMBL76904;CHEMBL76905;CHEMBL76985;CHEMBL77085;CHEMBL80155,BRICS,True
GEN_D759108D,O=C(O)CCc1ncnc2c1C(=Cc1cc(C(=O)O)cc(O)c1O)C(=O)N2,CHEMBL296407;CHEMBL302552;CHEMBL304271;CHEMBL305194;CHEMBL308645;CHEMBL309625;CHEMBL310798;CHEMBL311119;CHEMBL432903;CHEMBL443268;CHEMBL65848;CHEMBL66570;CHEMBL67003;CHEMBL67057;CHEMBL68920;CHEMBL69629;CHEMBL69960;CHEMBL69964;CHEMBL76589;CHEMBL76642;CHEMBL76904;CHEMBL76905;CHEMBL76985;CHEMBL77085;CHEMBL80155,BRICS,True
GEN_62B62844,O=C1Nc2ncnc(-c3cc(O)ccc3[N+](=O)[O-])c2C1=Cc1cc(C(=O)O)cc(O)c1O,CHEMBL296407;CHEMBL302552;CHEMBL304271;CHEMBL305194;CHEMBL308645;CHEMBL309625;CHEMBL310798;CHEMBL311119;CHEMBL432903;CHEMBL443268;CHEMBL65848;CHEMBL66570;CHEMBL67003;CHEMBL67057;CHEMBL68920;CHEMBL69629;CHEMBL69960;CHEMBL69964;CHEMBL76589;CHEMBL76642;CHEMBL76904;CHEMBL76905;CHEMBL76985;CHEMBL77085;CHEMBL80155,BRICS,True
GEN_6E5744FF,O=Cc1ccc(-c2ncnc3c2C(=Cc2cc(C(=O)O)cc(O)c2O)C(=O)N3)cc1,CHEMBL296407;CHEMBL302552;CHEMBL304271;CHEMBL305194;CHEMBL308645;CHEMBL309625;CHEMBL310798;CHEMBL311119;CHEMBL432903;CHEMBL443268;CHEMBL65848;CHEMBL66570;CHEMBL67003;CHEMBL67057;CHEMBL68920;CHEMBL69629;CHEMBL69960;CHEMBL69964;CHEMBL76589;CHEMBL76642;CHEMBL76904;CHEMBL76905;CHEMBL76985;CHEMBL77085;CHEMBL80155,BRICS,True
GEN_C19B2903,O=C1Nc2ncnc(-c3cccc(Br)c3)c2C1=Cc1cc(C(=O)O)cc(O)c1O,CHEMBL137364;CHEMBL138125;CHEMBL296407;CHEMBL302552;CHEMBL304271;CHEMBL305194;CHEMBL308645;CHEMBL309625;CHEMBL310798;CHEMBL311119;CHEMBL432903;CHEMBL443268;CHEMBL52765;CHEMBL65848;CHEMBL66570;CHEMBL67003;CHEMBL67057;CHEMBL68920;CHEMBL69629;CHEMBL69960;CHEMBL69964;CHEMBL76589;CHEMBL76642;CHEMBL76904;CHEMBL76905;CHEMBL76985;CHEMBL77085;CHEMBL80155,BRICS,True
GEN_DD1D5148,O=C1Nc2ncnc(-c3cccc(Cl)c3)c2C1=Cc1cc(C(=O)O)cc(O)c1O,CHEMBL133024;CHEMBL136491;CHEMBL296407;CHEMBL302552;CHEMBL304271;CHEMBL305194;CHEMBL308645;CHEMBL309625;CHEMBL310798;CHEMBL311119;CHEMBL343352;CHEMBL432903;CHEMBL443268;CHEMBL65848;CHEMBL66570;CHEMBL67003;CHEMBL67057;CHEMBL68920;CHEMBL69629;CHEMBL69960;CHEMBL69964;CHEMBL76589;CHEMBL76642;CHEMBL76904;CHEMBL76905;CHEMBL76985;CHEMBL77085;CHEMBL80155,BRICS,True
GEN_6B488643,Cc1cccc(-c2ncnc3c2C(=Cc2cc(C(=O)O)cc(O)c2O)C(=O)N3)c1,CHEMBL296407;CHEMBL302552;CHEMBL304271;CHEMBL305194;CHEMBL308645;CHEMBL309625;CHEMBL310798;CHEMBL311119;CHEMBL336113;CHEMBL432903;CHEMBL443268;CHEMBL65848;CHEMBL66570;CHEMBL67003;CHEMBL67057;CHEMBL68920;CHEMBL69629;CHEMBL69960;CHEMBL69964;CHEMBL76589;CHEMBL76642;CHEMBL76904;CHEMBL76905;CHEMBL76985;CHEMBL77085;CHEMBL80155,BRICS,True
GEN_ADA0AF91,O=C1Nc2ncnc(-c3ccc(F)c(Cl)c3)c2C1=Cc1cc(C(=O)O)cc(O)c1O,CHEMBL296407;CHEMBL302552;CHEMBL304271;CHEMBL305194;CHEMBL308645;CHEMBL309625;CHEMBL310798;CHEMBL311119;CHEMBL432903;CHEMBL443268;CHEMBL65848;CHEMBL66570;CHEMBL67003;CHEMBL67057;CHEMBL68920;CHEMBL69629;CHEMBL69960;CHEMBL69964;CHEMBL76589;CHEMBL76642;CHEMBL76904;CHEMBL76905;CHEMBL76985;CHEMBL77085;CHEMBL80155,BRICS,True
GEN_853B0CBF,O=C1Nc2ncnc(-c3ccc4c(c3)CCC4)c2C1=Cc1cc(C(=O)O)cc(O)c1O,CHEMBL296407;CHEMBL302552;CHEMBL304271;CHEMBL305194;CHEMBL308645;CHEMBL309625;CHEMBL310798;CHEMBL311119;CHEMBL432903;CHEMBL443268;CHEMBL65848;CHEMBL66570;CHEMBL67003;CHEMBL67057;CHEMBL68920;CHEMBL69629;CHEMBL69960;CHEMBL69964;CHEMBL76589;CHEMBL76642;CHEMBL76904;CHEMBL76905;CHEMBL76985;CHEMBL77085;CHEMBL80155,BRICS,True
GEN_CC0046C5,O=C1Nc2ncnc(-c3ccc(O)c([N+](=O)[O-])c3)c2C1=Cc1cc(C(=O)O)cc(O)c1O,CHEMBL296407;CHEMBL302552;CHEMBL304271;CHEMBL305194;CHEMBL308645;CHEMBL309625;CHEMBL310798;CHEMBL311119;CHEMBL432903;CHEMBL443268;CHEMBL65848;CHEMBL66570;CHEMBL67003;CHEMBL67057;CHEMBL68920;CHEMBL69629;CHEMBL69960;CHEMBL69964;CHEMBL76589;CHEMBL76642;CHEMBL76904;CHEMBL76905;CHEMBL76985;CHEMBL77085;CHEMBL80155,BRICS,True
GEN_375EED7D,O=C1Nc2ncnc(-c3cc(O)cc(O)c3)c2C1=Cc1cc(C(=O)O)cc(O)c1O,CHEMBL296407;CHEMBL302552;CHEMBL304271;CHEMBL305194;CHEMBL308645;CHEMBL309625;CHEMBL310798;CHEMBL311119;CHEMBL432903;CHEMBL443268;CHEMBL65848;CHEMBL66570;CHEMBL67003;CHEMBL67057;CHEMBL68920;CHEMBL69629;CHEMBL69960;CHEMBL69964;CHEMBL76589;CHEMBL76642;CHEMBL76904;CHEMBL76905;CHEMBL76985;CHEMBL77085;CHEMBL80155,BRICS,True
GEN_5CD66698,O=C1Nc2ncnc(-c3cc(O)ccc3O)c2C1=Cc1cc(C(=O)O)cc(O)c1O,CHEMBL296407;CHEMBL302552;CHEMBL304271;CHEMBL305194;CHEMBL308645;CHEMBL309625;CHEMBL310798;CHEMBL311119;CHEMBL432903;CHEMBL443268;CHEMBL65848;CHEMBL66570;CHEMBL67003;CHEMBL67057;CHEMBL68920;CHEMBL69629;CHEMBL69960;CHEMBL69964;CHEMBL76589;CHEMBL76642;CHEMBL76904;CHEMBL76905;CHEMBL76985;CHEMBL77085;CHEMBL80155,BRICS,True
GEN_B943EA30,O=C1Nc2ncnc(-c3ccccc3)c2C1=Cc1cc(C(=O)O)cc(O)c1O,CHEMBL135592;CHEMBL136492;CHEMBL137635;CHEMBL296407;CHEMBL302552;CHEMBL304271;CHEMBL305194;CHEMBL308645;CHEMBL309625;CHEMBL310798;CHEMBL311119;CHEMBL332096;CHEMBL344652;CHEMBL432903;CHEMBL443268;CHEMBL65848;CHEMBL66570;CHEMBL67003;CHEMBL67057;CHEMBL68920;CHEMBL69629;CHEMBL69960;CHEMBL69964;CHEMBL76589;CHEMBL76642;CHEMBL76904;CHEMBL76905;CHEMBL76985;CHEMBL77085;CHEMBL80155,BRICS,True
GEN_F9DBA756,O=C1Nc2ncnc(-c3ccc(O)c(O)c3)c2C1=Cc1cc(C(=O)O)cc(O)c1O,CHEMBL296407;CHEMBL302552;CHEMBL304271;CHEMBL305194;CHEMBL308645;CHEMBL309625;CHEMBL310798;CHEMBL311119;CHEMBL432903;CHEMBL443268;CHEMBL65848;CHEMBL66570;CHEMBL67003;CHEMBL67057;CHEMBL68920;CHEMBL69629;CHEMBL69960;CHEMBL69964;CHEMBL76589;CHEMBL76642;CHEMBL76904;CHEMBL76905;CHEMBL76985;CHEMBL77085;CHEMBL80155,BRICS,True
GEN_D8047EA8,O=C1Nc2ncnc(-c3ccc(O)cc3)c2C1=Cc1cc(C(=O)O)cc(O)c1O,CHEMBL296407;CHEMBL302552;CHEMBL304271;CHEMBL305194;CHEMBL308645;CHEMBL309625;CHEMBL310798;CHEMBL311119;CHEMBL432903;CHEMBL443268;CHEMBL65848;CHEMBL66570;CHEMBL67003;CHEMBL67057;CHEMBL68920;CHEMBL69629;CHEMBL69960;CHEMBL69964;CHEMBL76589;CHEMBL76642;CHEMBL76904;CHEMBL76905;CHEMBL76985;CHEMBL77085;CHEMBL80155,BRICS,True
GEN_1BAD89DE,O=C1Nc2ncnc(-c3cc(O)c(O)c(O)c3)c2C1=Cc1cc(C(=O)O)cc(O)c1O,CHEMBL296407;CHEMBL302552;CHEMBL304271;CHEMBL305194;CHEMBL308645;CHEMBL309598;CHEMBL309625;CHEMBL310798;CHEMBL311119;CHEMBL432903;CHEMBL443268;CHEMBL65848;CHEMBL66570;CHEMBL67003;CHEMBL67057;CHEMBL68920;CHEMBL69629;CHEMBL69960;CHEMBL69964;CHEMBL76589;CHEMBL76642;CHEMBL76904;CHEMBL76905;CHEMBL76985;CHEMBL77085;CHEMBL80155,BRICS,True
GEN_6646E9EA,O=C1Nc2ncnc(C(=O)O)c2C1=Cc1cc(C(=O)O)cc(O)c1O,CHEMBL296407;CHEMBL302552;CHEMBL304271;CHEMBL305194;CHEMBL308645;CHEMBL309625;CHEMBL310798;CHEMBL311119;CHEMBL432903;CHEMBL443268;CHEMBL65848;CHEMBL66570;CHEMBL67003;CHEMBL67057;CHEMBL68920;CHEMBL69629;CHEMBL69960;CHEMBL69964;CHEMBL76589;CHEMBL76642;CHEMBL76904;CHEMBL76905;CHEMBL76985;CHEMBL77085;CHEMBL80155,BRICS,True
GEN_0D1E9B72,COc1ncnc2c1C(=Cc1cc(C(=O)O)cc(O)c1O)C(=O)N2,CHEMBL296407;CHEMBL302552;CHEMBL304271;CHEMBL305194;CHEMBL308645;CHEMBL309625;CHEMBL310798;CHEMBL311119;CHEMBL432903;CHEMBL443268;CHEMBL65848;CHEMBL66570;CHEMBL67003;CHEMBL67057;CHEMBL68920;CHEMBL69629;CHEMBL69960;CHEMBL69964;CHEMBL76589;CHEMBL76642;CHEMBL76904;CHEMBL76905;CHEMBL76985;CHEMBL77085;CHEMBL80155,BRICS,True
GEN_A8165138,CN1CCN(c2ncnc3c2C(=Cc2cc(C(=O)O)cc(O)c2O)C(=O)N3)CC1,CHEMBL296407;CHEMBL302552;CHEMBL304271;CHEMBL305194;CHEMBL308645;CHEMBL309625;CHEMBL310798;CHEMBL311119;CHEMBL432903;CHEMBL443268;CHEMBL65848;CHEMBL66570;CHEMBL67003;CHEMBL67057;CHEMBL68920;CHEMBL69629;CHEMBL69960;CHEMBL69964;CHEMBL76589;CHEMBL76642;CHEMBL76904;CHEMBL76905;CHEMBL76985;CHEMBL77085;CHEMBL80155,BRICS,True
GEN_C2968D43,O=C1Nc2ncnc(N3CCOCC3)c2C1=Cc1cc(C(=O)O)cc(O)c1O,CHEMBL137364;CHEMBL296407;CHEMBL302552;CHEMBL304271;CHEMBL305194;CHEMBL308645;CHEMBL309625;CHEMBL310798;CHEMBL311119;CHEMBL432903;CHEMBL443268;CHEMBL65848;CHEMBL66570;CHEMBL67003;CHEMBL67057;CHEMBL68920;CHEMBL69629;CHEMBL69960;CHEMBL69964;CHEMBL76589;CHEMBL76642;CHEMBL76904;CHEMBL76905;CHEMBL76985;CHEMBL77085;CHEMBL80155,BRICS,True
GEN_D26A9E2F,C/N=N/Nc1ccc2ncnc(-c3ncnc4c3C(=Cc3cc(C(=O)O)cc(O)c3O)C(=O)N4)c2c1,CHEMBL133024;CHEMBL135592;CHEMBL296407;CHEMBL302552;CHEMBL304271;CHEMBL305194;CHEMBL308645;CHEMBL309625;CHEMBL310798;CHEMBL311119;CHEMBL432903;CHEMBL443268;CHEMBL65848;CHEMBL66570;CHEMBL67003;CHEMBL67057;CHEMBL68920;CHEMBL69629;CHEMBL69960;CHEMBL69964;CHEMBL76589;CHEMBL76642;CHEMBL76904;CHEMBL76905;CHEMBL76985;CHEMBL77085;CHEMBL80155,BRICS,True
GEN_E0A2F31C,Cc1cc(C)c(-c2ncnc3c2C(=Cc2cc(C(=O)O)cc(O)c2O)C(=O)N3)[nH]1,CHEMBL296407;CHEMBL302552;CHEMBL304271;CHEMBL305194;CHEMBL308645;CHEMBL309625;CHEMBL310798;CHEMBL311119;CHEMBL432903;CHEMBL443268;CHEMBL65848;CHEMBL66570;CHEMBL67003;CHEMBL67057;CHEMBL68920;CHEMBL69629;CHEMBL69960;CHEMBL69964;CHEMBL76589;CHEMBL76642;CHEMBL76904;CHEMBL76905;CHEMBL76985;CHEMBL77085;CHEMBL80155,BRICS,True
GEN_BBE2B17D,O=C1Nc2ncnc(-c3ccccn3)c2C1=Cc1cc(C(=O)O)cc(O)c1O,CHEMBL137635;CHEMBL138125;CHEMBL296407;CHEMBL302552;CHEMBL304271;CHEMBL305194;CHEMBL308645;CHEMBL309625;CHEMBL310798;CHEMBL311119;CHEMBL432903;CHEMBL443268;CHEMBL65848;CHEMBL66570;CHEMBL67003;CHEMBL67057;CHEMBL68920;CHEMBL69629;CHEMBL69960;CHEMBL69964;CHEMBL76589;CHEMBL76642;CHEMBL76904;CHEMBL76905;CHEMBL76985;CHEMBL77085;CHEMBL80155,BRICS,True
GEN_44CAA372,Nc1ccc2ncnc(-c3ncnc4c3C(=Cc3cc(C(=O)O)cc(O)c3O)C(=O)N4)c2c1,CHEMBL136492;CHEMBL296407;CHEMBL302552;CHEMBL304271;CHEMBL305194;CHEMBL308645;CHEMBL309625;CHEMBL310798;CHEMBL311119;CHEMBL332096;CHEMBL336113;CHEMBL343352;CHEMBL432903;CHEMBL443268;CHEMBL52765;CHEMBL65848;CHEMBL66570;CHEMBL67003;CHEMBL67057;CHEMBL68920;CHEMBL69629;CHEMBL69960;CHEMBL69964;CHEMBL76589;CHEMBL76642;CHEMBL76904;CHEMBL76905;CHEMBL76985;CHEMBL77085;CHEMBL80155,BRICS,True
GEN_001B21F1,CN(C)/N=N/c1ccc2ncnc(-c3ncnc4c3C(=Cc3cc(C(=O)O)cc(O)c3O)C(=O)N4)c2c1,CHEMBL136491;CHEMBL296407;CHEMBL302552;CHEMBL304271;CHEMBL305194;CHEMBL308645;CHEMBL309625;CHEMBL310798;CHEMBL311119;CHEMBL344652;CHEMBL432903;CHEMBL443268;CHEMBL65848;CHEMBL66570;CHEMBL67003;CHEMBL67057;CHEMBL68920;CHEMBL69629;CHEMBL69960;CHEMBL69964;CHEMBL76589;CHEMBL76642;CHEMBL76904;CHEMBL76905;CHEMBL76985;CHEMBL77085;CHEMBL80155,BRICS,True
GEN_4D6DA7F3,N#CC(C#N)=C(O)c1cc(C(=O)O)cc(O)c1O,CHEMBL305194;CHEMBL309598;CHEMBL309625;CHEMBL310798;CHEMBL311119;CHEMBL76589;CHEMBL76904;CHEMBL76905;CHEMBL77085;CHEMBL80155,BRICS,True
GEN_8D94D4AA,N#CC(C(N)=O)=C(O)c1cc(C(=O)O)cc(O)c1O,CHEMBL296407;CHEMBL305194;CHEMBL309598;CHEMBL80155,BRICS,True
GEN_436E674B,N#CC(C(=O)O)=C(O)c1cc(C(=O)O)cc(O)c1O,CHEMBL305194;CHEMBL309598;CHEMBL76642;CHEMBL76985;CHEMBL80155,BRICS,True
GEN_F43A7F79,C/N=N/Nc1ccc2ncnc(C(O)=C(O)c3cc(C(=O)O)cc(O)c3O)c2c1,CHEMBL133024;CHEMBL135592;CHEMBL305194;CHEMBL309598;CHEMBL80155,BRICS,True
GEN_E15C8E0A,Cc1cc(C)c(C(O)=C(O)c2cc(C(=O)O)cc(O)c2O)[nH]1,CHEMBL305194;CHEMBL309598;CHEMBL68920;CHEMBL80155,BRICS,True
GEN_C00FE877,O=C(O)c1cc(O)c(O)c(C(O)=C(O)c2ccccn2)c1,CHEMBL137635;CHEMBL138125;CHEMBL305194;CHEMBL309598;CHEMBL80155,BRICS,True
GEN_C7C39354,Nc1ccc2ncnc(C(O)=C(O)c3cc(C(=O)O)cc(O)c3O)c2c1,CHEMBL136492;CHEMBL305194;CHEMBL309598;CHEMBL332096;CHEMBL336113;CHEMBL343352;CHEMBL52765;CHEMBL80155,BRICS,True
GEN_C9F6A491,CN(C)/N=N/c1ccc2ncnc(C(O)=C(O)c3cc(C(=O)O)cc(O)c3O)c2c1,CHEMBL136491;CHEMBL305194;CHEMBL309598;CHEMBL344652;CHEMBL80155,BRICS,True
GEN_BA6D2F30,O=C(O)c1cc(O)c(O)c(C(O)=C(O)c2cc(O)ccc2[N+](=O)[O-])c1,CHEMBL305194;CHEMBL309598;CHEMBL77085;CHEMBL80155,BRICS,True
GEN_AD6DE7E1,O=Cc1ccc(C(O)=C(O)c2cc(C(=O)O)cc(O)c2O)cc1,CHEMBL305194;CHEMBL309598;CHEMBL311119;CHEMBL76985;CHEMBL80155,BRICS,True
GEN_1AC6A7A8,O=C(O)c1cc(O)c(O)c(C(O)=C(O)c2cccc(Br)c2)c1,CHEMBL137364;CHEMBL138125;CHEMBL305194;CHEMBL309598;CHEMBL52765;CHEMBL80155,BRICS,True
GEN_614D44B3,O=C(O)c1cc(O)c(O)c(C(O)=C(O)c2cccc(Cl)c2)c1,CHEMBL133024;CHEMBL136491;CHEMBL305194;CHEMBL309598;CHEMBL343352;CHEMBL80155,BRICS,True
GEN_938379F6,Cc1cccc(C(O)=C(O)c2cc(C(=O)O)cc(O)c2O)c1,CHEMBL305194;CHEMBL309598;CHEMBL336113;CHEMBL80155,BRICS,True
GEN_E06ECD57,O=C(O)c1cc(O)c(O)c(C(O)=C(O)c2ccc(F)c(Cl)c2)c1,CHEMBL302552;CHEMBL304271;CHEMBL305194;CHEMBL308645;CHEMBL309598;CHEMBL432903;CHEMBL443268;CHEMBL66570;CHEMBL68920;CHEMBL69629;CHEMBL69960;CHEMBL69964;CHEMBL80155,BRICS,True
GEN_B8E3C187,O=C(O)c1cc(O)c(O)c(C(O)=C(O)c2ccc3c(c2)CCC3)c1,CHEMBL305194;CHEMBL309598;CHEMBL65848;CHEMBL80155,BRICS,True
GEN_6C75833D,O=C(O)c1cc(O)c(O)c(C(O)=C(O)c2ccc(O)c([N+](=O)[O-])c2)c1,CHEMBL305194;CHEMBL309598;CHEMBL309625;CHEMBL80155,BRICS,True
GEN_8E240D75,O=C(O)c1cc(O)c(O)c(C(O)=C(O)c2cc(O)cc(O)c2)c1,CHEMBL305194;CHEMBL309598;CHEMBL76905;CHEMBL80155,BRICS,True
GEN_EFF4A306,O=C(O)c1cc(O)c(O)c(C(O)=C(O)c2cc(O)ccc2O)c1,CHEMBL305194;CHEMBL309598;CHEMBL76642;CHEMBL80155,BRICS,True
GEN_0138BB77,O=C(O)c1cc(O)c(O)c(C(O)=C(O)c2ccccc2)c1,CHEMBL135592;CHEMBL136492;CHEMBL137635;CHEMBL305194;CHEMBL309598;CHEMBL332096;CHEMBL344652;CHEMBL67003;CHEMBL67057;CHEMBL80155,BRICS,True
GEN_999FE6C6,O=C(O)c1cc(O)c(O)c(C(O)=C(O)c2ccc(O)c(O)c2)c1,CHEMBL296407;CHEMBL305194;CHEMBL309598;CHEMBL76904;CHEMBL80155,BRICS,True
GEN_260CD775,O=C(O)c1cc(O)c(O)c(C(O)=C(O)c2ccc(O)cc2)c1,CHEMBL305194;CHEMBL309598;CHEMBL76589;CHEMBL80155,BRICS,True
GEN_1E3C9F51,O=C(O)c1cc(O)c(O)c(C(O)=C(O)c2cc(O)c(O)c(O)c2)c1,CHEMBL305194;CHEMBL309598;CHEMBL310798;CHEMBL80155,BRICS,True
GEN_34D2F8E7,C/N=N/Nc1ccc2ncnc(C=C(O)c3cc(C(=O)O)cc(O)c3O)c2c1,CHEMBL133024;CHEMBL135592;CHEMBL296407;CHEMBL302552;CHEMBL304271;CHEMBL305194;CHEMBL308645;CHEMBL309598;CHEMBL309625;CHEMBL310798;CHEMBL311119;CHEMBL432903;CHEMBL443268;CHEMBL65848;CHEMBL66570;CHEMBL67003;CHEMBL67057;CHEMBL68920;CHEMBL69629;CHEMBL69960;CHEMBL69964;CHEMBL76589;CHEMBL76642;CHEMBL76904;CHEMBL76905;CHEMBL76985;CHEMBL77085;CHEMBL80155,BRICS,True
GEN_A76BA53D,Cc1cc(C)c(C=C(O)c2cc(C(=O)O)cc(O)c2O)[nH]1,CHEMBL296407;CHEMBL302552;CHEMBL304271;CHEMBL305194;CHEMBL308645;CHEMBL309598;CHEMBL309625;CHEMBL310798;CHEMBL311119;CHEMBL432903;CHEMBL443268;CHEMBL65848;CHEMBL66570;CHEMBL67003;CHEMBL67057;CHEMBL68920;CHEMBL69629;CHEMBL69960;CHEMBL69964;CHEMBL76589;CHEMBL76642;CHEMBL76904;CHEMBL76905;CHEMBL76985;CHEMBL77085;CHEMBL80155,BRICS,True
GEN_575E103C,O=C(O)c1cc(O)c(O)c(C(O)=Cc2ccccn2)c1,CHEMBL137635;CHEMBL138125;CHEMBL296407;CHEMBL302552;CHEMBL304271;CHEMBL305194;CHEMBL308645;CHEMBL309598;CHEMBL309625;CHEMBL310798;CHEMBL311119;CHEMBL432903;CHEMBL443268;CHEMBL65848;CHEMBL66570;CHEMBL67003;CHEMBL67057;CHEMBL68920;CHEMBL69629;CHEMBL69960;CHEMBL69964;CHEMBL76589;CHEMBL76642;CHEMBL76904;CHEMBL76905;CHEMBL76985;CHEMBL77085;CHEMBL80155,BRICS,True
GEN_0514B41B,Nc1ccc2ncnc(C=C(O)c3cc(C(=O)O)cc(O)c3O)c2c1,CHEMBL136492;CHEMBL296407;CHEMBL302552;CHEMBL304271;CHEMBL305194;CHEMBL308645;CHEMBL309598;CHEMBL309625;CHEMBL310798;CHEMBL311119;CHEMBL332096;CHEMBL336113;CHEMBL343352;CHEMBL432903;CHEMBL443268;CHEMBL52765;CHEMBL65848;CHEMBL66570;CHEMBL67003;CHEMBL67057;CHEMBL68920;CHEMBL69629;CHEMBL69960;CHEMBL69964;CHEMBL76589;CHEMBL76642;CHEMBL76904;CHEMBL76905;CHEMBL76985;CHEMBL77085;CHEMBL80155,BRICS,True
GEN_3263B4F0,CN(C)/N=N/c1ccc2ncnc(C=C(O)c3cc(C(=O)O)cc(O)c3O)c2c1,CHEMBL136491;CHEMBL296407;CHEMBL302552;CHEMBL304271;CHEMBL305194;CHEMBL308645;CHEMBL309598;CHEMBL309625;CHEMBL310798;CHEMBL311119;CHEMBL344652;CHEMBL432903;CHEMBL443268;CHEMBL65848;CHEMBL66570;CHEMBL67003;CHEMBL67057;CHEMBL68920;CHEMBL69629;CHEMBL69960;CHEMBL69964;CHEMBL76589;CHEMBL76642;CHEMBL76904;CHEMBL76905;CHEMBL76985;CHEMBL77085;CHEMBL80155,BRICS,True
GEN_5BD25F1B,O=C(O)c1cc(O)c(O)c(C(O)=Cc2cc(O)ccc2[N+](=O)[O-])c1,CHEMBL296407;CHEMBL302552;CHEMBL304271;CHEMBL305194;CHEMBL308645;CHEMBL309598;CHEMBL309625;CHEMBL310798;CHEMBL311119;CHEMBL432903;CHEMBL443268;CHEMBL65848;CHEMBL66570;CHEMBL67003;CHEMBL67057;CHEMBL68920;CHEMBL69629;CHEMBL69960;CHEMBL69964;CHEMBL76589;CHEMBL76642;CHEMBL76904;CHEMBL76905;CHEMBL76985;CHEMBL77085;CHEMBL80155,BRICS,True
GEN_E6FE1A8B,O=Cc1ccc(C=C(O)c2cc(C(=O)O)cc(O)c2O)cc1,CHEMBL296407;CHEMBL302552;CHEMBL304271;CHEMBL305194;CHEMBL308645;CHEMBL309598;CHEMBL309625;CHEMBL310798;CHEMBL311119;CHEMBL432903;CHEMBL443268;CHEMBL65848;CHEMBL66570;CHEMBL67003;CHEMBL67057;CHEMBL68920;CHEMBL69629;CHEMBL69960;CHEMBL69964;CHEMBL76589;CHEMBL76642;CHEMBL76904;CHEMBL76905;CHEMBL76985;CHEMBL77085;CHEMBL80155,BRICS,True
GEN_0137E85A,O=C(O)c1cc(O)c(O)c(C(O)=Cc2cccc(Br)c2)c1,CHEMBL137364;CHEMBL138125;CHEMBL296407;CHEMBL302552;CHEMBL304271;CHEMBL305194;CHEMBL308645;CHEMBL309598;CHEMBL309625;CHEMBL310798;CHEMBL311119;CHEMBL432903;CHEMBL443268;CHEMBL52765;CHEMBL65848;CHEMBL66570;CHEMBL67003;CHEMBL67057;CHEMBL68920;CHEMBL69629;CHEMBL69960;CHEMBL69964;CHEMBL76589;CHEMBL76642;CHEMBL76904;CHEMBL76905;CHEMBL76985;CHEMBL77085;CHEMBL80155,BRICS,True
GEN_AA8C3E52,O=C(O)c1cc(O)c(O)c(C(O)=Cc2cccc(Cl)c2)c1,CHEMBL133024;CHEMBL136491;CHEMBL296407;CHEMBL302552;CHEMBL304271;CHEMBL305194;CHEMBL308645;CHEMBL309598;CHEMBL309625;CHEMBL310798;CHEMBL311119;CHEMBL343352;CHEMBL432903;CHEMBL443268;CHEMBL65848;CHEMBL66570;CHEMBL67003;CHEMBL67057;CHEMBL68920;CHEMBL69629;CHEMBL69960;CHEMBL69964;CHEMBL76589;CHEMBL76642;CHEMBL76904;CHEMBL76905;CHEMBL76985;CHEMBL77085;CHEMBL80155,BRICS,True
GEN_90CA4674,Cc1cccc(C=C(O)c2cc(C(=O)O)cc(O)c2O)c1,CHEMBL296407;CHEMBL302552;CHEMBL304271;CHEMBL305194;CHEMBL308645;CHEMBL309598;CHEMBL309625;CHEMBL310798;CHEMBL311119;CHEMBL336113;CHEMBL432903;CHEMBL443268;CHEMBL65848;CHEMBL66570;CHEMBL67003;CHEMBL67057;CHEMBL68920;CHEMBL69629;CHEMBL69960;CHEMBL69964;CHEMBL76589;CHEMBL76642;CHEMBL76904;CHEMBL76905;CHEMBL76985;CHEMBL77085;CHEMBL80155,BRICS,True
GEN_408609F9,O=C(O)c1cc(O)c(O)c(C(O)=Cc2ccc(F)c(Cl)c2)c1,CHEMBL296407;CHEMBL302552;CHEMBL304271;CHEMBL305194;CHEMBL308645;CHEMBL309598;CHEMBL309625;CHEMBL310798;CHEMBL311119;CHEMBL432903;CHEMBL443268;CHEMBL65848;CHEMBL66570;CHEMBL67003;CHEMBL67057;CHEMBL68920;CHEMBL69629;CHEMBL69960;CHEMBL69964;CHEMBL76589;CHEMBL76642;CHEMBL76904;CHEMBL76905;CHEMBL76985;CHEMBL77085;CHEMBL80155,BRICS,True
GEN_B5C4F42A,O=C(O)c1cc(O)c(O)c(C(O)=Cc2ccc3c(c2)CCC3)c1,CHEMBL296407;CHEMBL302552;CHEMBL304271;CHEMBL305194;CHEMBL308645;CHEMBL309598;CHEMBL309625;CHEMBL310798;CHEMBL311119;CHEMBL432903;CHEMBL443268;CHEMBL65848;CHEMBL66570;CHEMBL67003;CHEMBL67057;CHEMBL68920;CHEMBL69629;CHEMBL69960;CHEMBL69964;CHEMBL76589;CHEMBL76642;CHEMBL76904;CHEMBL76905;CHEMBL76985;CHEMBL77085;CHEMBL80155,BRICS,True
GEN_806B1D3D,O=C(O)c1cc(O)c(O)c(C(O)=Cc2ccc(O)c([N+](=O)[O-])c2)c1,CHEMBL296407;CHEMBL302552;CHEMBL304271;CHEMBL305194;CHEMBL308645;CHEMBL309598;CHEMBL309625;CHEMBL310798;CHEMBL311119;CHEMBL432903;CHEMBL443268;CHEMBL65848;CHEMBL66570;CHEMBL67003;CHEMBL67057;CHEMBL68920;CHEMBL69629;CHEMBL69960;CHEMBL69964;CHEMBL76589;CHEMBL76642;CHEMBL76904;CHEMBL76905;CHEMBL76985;CHEMBL77085;CHEMBL80155,BRICS,True
GEN_5FA5AC15,O=C(O)c1cc(O)c(O)c(C(O)=Cc2cc(O)cc(O)c2)c1,CHEMBL296407;CHEMBL302552;CHEMBL304271;CHEMBL305194;CHEMBL308645;CHEMBL309598;CHEMBL309625;CHEMBL310798;CHEMBL311119;CHEMBL432903;CHEMBL443268;CHEMBL65848;CHEMBL66570;CHEMBL67003;CHEMBL67057;CHEMBL68920;CHEMBL69629;CHEMBL69960;CHEMBL69964;CHEMBL76589;CHEMBL76642;CHEMBL76904;CHEMBL76905;CHEMBL76985;CHEMBL77085;CHEMBL80155,BRICS,True
GEN_35302291,O=C(O)c1cc(O)c(O)c(C(O)=Cc2cc(O)ccc2O)c1,CHEMBL296407;CHEMBL302552;CHEMBL304271;CHEMBL305194;CHEMBL308645;CHEMBL309598;CHEMBL309625;CHEMBL310798;CHEMBL311119;CHEMBL432903;CHEMBL443268;CHEMBL65848;CHEMBL66570;CHEMBL67003;CHEMBL67057;CHEMBL68920;CHEMBL69629;CHEMBL69960;CHEMBL69964;CHEMBL76589;CHEMBL76642;CHEMBL76904;CHEMBL76905;CHEMBL76985;CHEMBL77085;CHEMBL80155,BRICS,True
GEN_19B90342,O=C(O)c1cc(O)c(O)c(C(O)=Cc2ccccc2)c1,CHEMBL135592;CHEMBL136492;CHEMBL137635;CHEMBL296407;CHEMBL302552;CHEMBL304271;CHEMBL305194;CHEMBL308645;CHEMBL309598;CHEMBL309625;CHEMBL310798;CHEMBL311119;CHEMBL332096;CHEMBL344652;CHEMBL432903;CHEMBL443268;CHEMBL65848;CHEMBL66570;CHEMBL67003;CHEMBL67057;CHEMBL68920;CHEMBL69629;CHEMBL69960;CHEMBL69964;CHEMBL76589;CHEMBL76642;CHEMBL76904;CHEMBL76905;CHEMBL76985;CHEMBL77085;CHEMBL80155,BRICS,True
GEN_60D56608,O=C(O)c1cc(O)c(O)c(C(O)=Cc2ccc(O)c(O)c2)c1,CHEMBL296407;CHEMBL302552;CHEMBL304271;CHEMBL305194;CHEMBL308645;CHEMBL309598;CHEMBL309625;CHEMBL310798;CHEMBL311119;CHEMBL432903;CHEMBL443268;CHEMBL65848;CHEMBL66570;CHEMBL67003;CHEMBL67057;CHEMBL68920;CHEMBL69629;CHEMBL69960;CHEMBL69964;CHEMBL76589;CHEMBL76642;CHEMBL76904;CHEMBL76905;CHEMBL76985;CHEMBL77085;CHEMBL80155,BRICS,True
GEN_7A8414C0,O=C(O)c1cc(O)c(O)c(C(O)=Cc2ccc(O)cc2)c1,CHEMBL296407;CHEMBL302552;CHEMBL304271;CHEMBL305194;CHEMBL308645;CHEMBL309598;CHEMBL309625;CHEMBL310798;CHEMBL311119;CHEMBL432903;CHEMBL443268;CHEMBL65848;CHEMBL66570;CHEMBL67003;CHEMBL67057;CHEMBL68920;CHEMBL69629;CHEMBL69960;CHEMBL69964;CHEMBL76589;CHEMBL76642;CHEMBL76904;CHEMBL76905;CHEMBL76985;CHEMBL77085;CHEMBL80155,BRICS,True
GEN_E789DE33,O=C(O)c1cc(O)c(O)c(C(O)=Cc2cc(O)c(O)c(O)c2)c1,CHEMBL296407;CHEMBL302552;CHEMBL304271;CHEMBL305194;CHEMBL308645;CHEMBL309598;CHEMBL309625;CHEMBL310798;CHEMBL311119;CHEMBL432903;CHEMBL443268;CHEMBL65848;CHEMBL66570;CHEMBL67003;CHEMBL67057;CHEMBL68920;CHEMBL69629;CHEMBL69960;CHEMBL69964;CHEMBL76589;CHEMBL76642;CHEMBL76904;CHEMBL76905;CHEMBL76985;CHEMBL77085;CHEMBL80155,BRICS,True
GEN_B60822E1,COc1ncnc2c1C(=C(O)c1cc(C(=O)O)cc(O)c1O)C(=O)N2C,CHEMBL305194;CHEMBL309598;CHEMBL443268;CHEMBL80155,BRICS,True
GEN_0AE70AE7,CN1C(=O)C(=C(O)c2cc(C(=O)O)cc(O)c2O)c2c(C(=O)O)ncnc21,CHEMBL305194;CHEMBL309598;CHEMBL443268;CHEMBL80155,BRICS,True
GEN_3455C674,CN1C(=O)C(=C(O)c2cc(C(=O)O)cc(O)c2O)c2c(CCC(=O)O)ncnc21,CHEMBL305194;CHEMBL308645;CHEMBL309598;CHEMBL443268;CHEMBL80155,BRICS,True
GEN_0541F1C6,CN1C(=O)C(=C(O)c2cc(C(=O)O)cc(O)c2O)c2c(-c3cc(O)ccc3[N+](=O)[O-])ncnc21,CHEMBL305194;CHEMBL309598;CHEMBL443268;CHEMBL77085;CHEMBL80155,BRICS,True
GEN_51BCDC20,CN1C(=O)C(=C(O)c2cc(C(=O)O)cc(O)c2O)c2c(-c3ccc(C=O)cc3)ncnc21,CHEMBL305194;CHEMBL309598;CHEMBL311119;CHEMBL443268;CHEMBL76985;CHEMBL80155,BRICS,True
GEN_BD1CC825,CN1C(=O)C(=C(O)c2cc(C(=O)O)cc(O)c2O)c2c(-c3cccc(Br)c3)ncnc21,CHEMBL137364;CHEMBL138125;CHEMBL305194;CHEMBL309598;CHEMBL443268;CHEMBL52765;CHEMBL80155,BRICS,True
GEN_4007A400,CN1C(=O)C(=C(O)c2cc(C(=O)O)cc(O)c2O)c2c(-c3cccc(Cl)c3)ncnc21,CHEMBL133024;CHEMBL136491;CHEMBL305194;CHEMBL309598;CHEMBL343352;CHEMBL443268;CHEMBL80155,BRICS,True
GEN_8CAFA979,Cc1cccc(-c2ncnc3c2C(=C(O)c2cc(C(=O)O)cc(O)c2O)C(=O)N3C)c1,CHEMBL305194;CHEMBL309598;CHEMBL336113;CHEMBL443268;CHEMBL80155,BRICS,True
GEN_58F474F7,CN1C(=O)C(=C(O)c2cc(C(=O)O)cc(O)c2O)c2c(-c3ccc(F)c(Cl)c3)ncnc21,CHEMBL302552;CHEMBL304271;CHEMBL305194;CHEMBL308645;CHEMBL309598;CHEMBL432903;CHEMBL443268;CHEMBL66570;CHEMBL68920;CHEMBL69629;CHEMBL69960;CHEMBL69964;CHEMBL80155,BRICS,True
GEN_A460C87B,CN1C(=O)C(=C(O)c2cc(C(=O)O)cc(O)c2O)c2c(-c3ccc4c(c3)CCC4)ncnc21,CHEMBL305194;CHEMBL309598;CHEMBL443268;CHEMBL65848;CHEMBL80155,BRICS,True
GEN_7592FEC1,CN1C(=O)C(=C(O)c2cc(C(=O)O)cc(O)c2O)c2c(-c3ccc(O)c([N+](=O)[O-])c3)ncnc21,CHEMBL305194;CHEMBL309598;CHEMBL309625;CHEMBL443268;CHEMBL80155,BRICS,True
GEN_7FA5CEF7,CN1C(=O)C(=C(O)c2cc(C(=O)O)cc(O)c2O)c2c(-c3cc(O)cc(O)c3)ncnc21,CHEMBL305194;CHEMBL309598;CHEMBL443268;CHEMBL76905;CHEMBL80155,BRICS,True
GEN_5EDADBFC,CN1C(=O)C(=C(O)c2cc(C(=O)O)cc(O)c2O)c2c(-c3cc(O)ccc3O)ncnc21,CHEMBL305194;CHEMBL309598;CHEMBL443268;CHEMBL76642;CHEMBL80155,BRICS,True
GEN_3E30D891,CN1C(=O)C(=C(O)c2cc(C(=O)O)cc(O)c2O)c2c(-c3ccccc3)ncnc21,CHEMBL135592;CHEMBL136492;CHEMBL137635;CHEMBL305194;CHEMBL309598;CHEMBL332096;CHEMBL344652;CHEMBL443268;CHEMBL67003;CHEMBL67057;CHEMBL80155,BRICS,True
GEN_D26EC61E,CN1C(=O)C(=C(O)c2cc(C(=O)O)cc(O)c2O)c2c(-c3ccc(O)c(O)c3)ncnc21,CHEMBL296407;CHEMBL305194;CHEMBL309598;CHEMBL443268;CHEMBL76904;CHEMBL80155,BRICS,True
GEN_AF36F1F0,CN1C(=O)C(=C(O)c2cc(C(=O)O)cc(O)c2O)c2c(-c3ccc(O)cc3)ncnc21,CHEMBL305194;CHEMBL309598;CHEMBL443268;CHEMBL76589;CHEMBL80155,BRICS,True
GEN_B6D759F2,CN1C(=O)C(=C(O)c2cc(C(=O)O)cc(O)c2O)c2c(-c3cc(O)c(O)c(O)c3)ncnc21,CHEMBL305194;CHEMBL309598;CHEMBL310798;CHEMBL443268;CHEMBL80155,BRICS,True
GEN_60EB6DBE,C/N=N/Nc1ccc2ncnc(-c3ncnc4c3C(=C(O)c3cc(C(=O)O)cc(O)c3O)C(=O)N4C)c2c1,CHEMBL133024;CHEMBL135592;CHEMBL305194;CHEMBL309598;CHEMBL443268;CHEMBL80155,BRICS,True
GEN_5ABD9CFA,Cc1cc(C)c(-c2ncnc3c2C(=C(O)c2cc(C(=O)O)cc(O)c2O)C(=O)N3C)[nH]1,CHEMBL305194;CHEMBL309598;CHEMBL443268;CHEMBL68920;CHEMBL80155,BRICS,True
GEN_863EA243,CN1C(=O)C(=C(O)c2cc(C(=O)O)cc(O)c2O)c2c(-c3ccccn3)ncnc21,CHEMBL137635;CHEMBL138125;CHEMBL305194;CHEMBL309598;CHEMBL443268;CHEMBL80155,BRICS,True
GEN_5F126A3D,CN1C(=O)C(=C(O)c2cc(C(=O)O)cc(O)c2O)c2c(-c3ncnc4ccc(N)cc34)ncnc21,CHEMBL136492;CHEMBL305194;CHEMBL309598;CHEMBL332096;CHEMBL336113;CHEMBL343352;CHEMBL443268;CHEMBL52765;CHEMBL80155,BRICS,True
GEN_ED7F0065,CN(C)/N=N/c1ccc2ncnc(-c3ncnc4c3C(=C(O)c3cc(C(=O)O)cc(O)c3O)C(=O)N4C)c2c1,CHEMBL136491;CHEMBL305194;CHEMBL309598;CHEMBL344652;CHEMBL443268;CHEMBL80155,BRICS,True
GEN_2C33C287,CN1CCN(c2ncnc3c2C(=C(O)c2cc(C(=O)O)cc(O)c2O)C(=O)N3C)CC1,CHEMBL305194;CHEMBL309598;CHEMBL443268;CHEMBL69964;CHEMBL80155,BRICS,True
GEN_821E5AE0,CN1C(=O)C(=C(O)c2cc(C(=O)O)cc(O)c2O)c2c(N3CCOCC3)ncnc21,CHEMBL137364;CHEMBL302552;CHEMBL305194;CHEMBL309598;CHEMBL443268;CHEMBL65848;CHEMBL67003;CHEMBL67057;CHEMBL69629;CHEMBL69960;CHEMBL80155,BRICS,True
GEN_2CC593A9,COc1ncnc2c1C(=C(O)c1cc(C(=O)O)cc(O)c1O)C(=O)N2,CHEMBL302552;CHEMBL304271;CHEMBL305194;CHEMBL308645;CHEMBL309598;CHEMBL432903;CHEMBL65848;CHEMBL66570;CHEMBL67003;CHEMBL67057;CHEMBL68920;CHEMBL69629;CHEMBL69960;CHEMBL69964;CHEMBL80155,BRICS,True
GEN_54C95DB5,O=C1Nc2ncnc(C(=O)O)c2C1=C(O)c1cc(C(=O)O)cc(O)c1O,CHEMBL302552;CHEMBL304271;CHEMBL305194;CHEMBL308645;CHEMBL309598;CHEMBL432903;CHEMBL65848;CHEMBL66570;CHEMBL67003;CHEMBL67057;CHEMBL68920;CHEMBL69629;CHEMBL69960;CHEMBL69964;CHEMBL80155,BRICS,True
GEN_10E52B6A,O=C(O)CCc1ncnc2c1C(=C(O)c1cc(C(=O)O)cc(O)c1O)C(=O)N2,CHEMBL302552;CHEMBL304271;CHEMBL305194;CHEMBL308645;CHEMBL309598;CHEMBL432903;CHEMBL65848;CHEMBL66570;CHEMBL67003;CHEMBL67057;CHEMBL68920;CHEMBL69629;CHEMBL69960;CHEMBL69964;CHEMBL80155,BRICS,True
GEN_7752B43C,O=C1Nc2ncnc(-c3cc(O)ccc3[N+](=O)[O-])c2C1=C(O)c1cc(C(=O)O)cc(O)c1O,CHEMBL302552;CHEMBL304271;CHEMBL305194;CHEMBL308645;CHEMBL309598;CHEMBL432903;CHEMBL65848;CHEMBL66570;CHEMBL67003;CHEMBL67057;CHEMBL68920;CHEMBL69629;CHEMBL69960;CHEMBL69964;CHEMBL77085;CHEMBL80155,BRICS,True
GEN_DCE21BE5,O=Cc1ccc(-c2ncnc3c2C(=C(O)c2cc(C(=O)O)cc(O)c2O)C(=O)N3)cc1,CHEMBL302552;CHEMBL304271;CHEMBL305194;CHEMBL308645;CHEMBL309598;CHEMBL311119;CHEMBL432903;CHEMBL65848;CHEMBL66570;CHEMBL67003;CHEMBL67057;CHEMBL68920;CHEMBL69629;CHEMBL69960;CHEMBL69964;CHEMBL76985;CHEMBL80155,BRICS,True
GEN_A07185EE,O=C1Nc2ncnc(-c3cccc(Br)c3)c2C1=C(O)c1cc(C(=O)O)cc(O)c1O,CHEMBL137364;CHEMBL138125;CHEMBL302552;CHEMBL304271;CHEMBL305194;CHEMBL308645;CHEMBL309598;CHEMBL432903;CHEMBL52765;CHEMBL65848;CHEMBL66570;CHEMBL67003;CHEMBL67057;CHEMBL68920;CHEMBL69629;CHEMBL69960;CHEMBL69964;CHEMBL80155,BRICS,True
GEN_659A7809,O=C1Nc2ncnc(-c3cccc(Cl)c3)c2C1=C(O)c1cc(C(=O)O)cc(O)c1O,CHEMBL133024;CHEMBL136491;CHEMBL302552;CHEMBL304271;CHEMBL305194;CHEMBL308645;CHEMBL309598;CHEMBL343352;CHEMBL432903;CHEMBL65848;CHEMBL66570;CHEMBL67003;CHEMBL67057;CHEMBL68920;CHEMBL69629;CHEMBL69960;CHEMBL69964;CHEMBL80155,BRICS,True
GEN_7AB1AC9C,Cc1cccc(-c2ncnc3c2C(=C(O)c2cc(C(=O)O)cc(O)c2O)C(=O)N3)c1,CHEMBL302552;CHEMBL304271;CHEMBL305194;CHEMBL308645;CHEMBL309598;CHEMBL336113;CHEMBL432903;CHEMBL65848;CHEMBL66570;CHEMBL67003;CHEMBL67057;CHEMBL68920;CHEMBL69629;CHEMBL69960;CHEMBL69964;CHEMBL80155,BRICS,True
GEN_4DF69AB3,O=C1Nc2ncnc(-c3ccc(F)c(Cl)c3)c2C1=C(O)c1cc(C(=O)O)cc(O)c1O,CHEMBL302552;CHEMBL304271;CHEMBL305194;CHEMBL308645;CHEMBL309598;CHEMBL432903;CHEMBL443268;CHEMBL65848;CHEMBL66570;CHEMBL67003;CHEMBL67057;CHEMBL68920;CHEMBL69629;CHEMBL69960;CHEMBL69964;CHEMBL80155,BRICS,True
GEN_A14EB4A4,O=C1Nc2ncnc(-c3ccc4c(c3)CCC4)c2C1=C(O)c1cc(C(=O)O)cc(O)c1O,CHEMBL302552;CHEMBL304271;CHEMBL305194;CHEMBL308645;CHEMBL309598;CHEMBL432903;CHEMBL65848;CHEMBL66570;CHEMBL67003;CHEMBL67057;CHEMBL68920;CHEMBL69629;CHEMBL69960;CHEMBL69964;CHEMBL80155,BRICS,True
GEN_B41AA6EC,O=C1Nc2ncnc(-c3ccc(O)c([N+](=O)[O-])c3)c2C1=C(O)c1cc(C(=O)O)cc(O)c1O,CHEMBL302552;CHEMBL304271;CHEMBL305194;CHEMBL308645;CHEMBL309598;CHEMBL309625;CHEMBL432903;CHEMBL65848;CHEMBL66570;CHEMBL67003;CHEMBL67057;CHEMBL68920;CHEMBL69629;CHEMBL69960;CHEMBL69964;CHEMBL80155,BRICS,True
GEN_D0DBEC39,O=C1Nc2ncnc(-c3cc(O)cc(O)c3)c2C1=C(O)c1cc(C(=O)O)cc(O)c1O,CHEMBL302552;CHEMBL304271;CHEMBL305194;CHEMBL308645;CHEMBL309598;CHEMBL432903;CHEMBL65848;CHEMBL66570;CHEMBL67003;CHEMBL67057;CHEMBL68920;CHEMBL69629;CHEMBL69960;CHEMBL69964;CHEMBL76905;CHEMBL80155,BRICS,True
GEN_B8367E46,O=C1Nc2ncnc(-c3cc(O)ccc3O)c2C1=C(O)c1cc(C(=O)O)cc(O)c1O,CHEMBL302552;CHEMBL304271;CHEMBL305194;CHEMBL308645;CHEMBL309598;CHEMBL432903;CHEMBL65848;CHEMBL66570;CHEMBL67003;CHEMBL67057;CHEMBL68920;CHEMBL69629;CHEMBL69960;CHEMBL69964;CHEMBL76642;CHEMBL80155,BRICS,True
GEN_56451B4A,O=C1Nc2ncnc(-c3ccccc3)c2C1=C(O)c1cc(C(=O)O)cc(O)c1O,CHEMBL135592;CHEMBL136492;CHEMBL137635;CHEMBL302552;CHEMBL304271;CHEMBL305194;CHEMBL308645;CHEMBL309598;CHEMBL332096;CHEMBL344652;CHEMBL432903;CHEMBL65848;CHEMBL66570;CHEMBL67003;CHEMBL67057;CHEMBL68920;CHEMBL69629;CHEMBL69960;CHEMBL69964;CHEMBL80155,BRICS,True
GEN_0A16BAF9,O=C1Nc2ncnc(-c3ccc(O)c(O)c3)c2C1=C(O)c1cc(C(=O)O)cc(O)c1O,CHEMBL296407;CHEMBL302552;CHEMBL304271;CHEMBL305194;CHEMBL308645;CHEMBL309598;CHEMBL432903;CHEMBL65848;CHEMBL66570;CHEMBL67003;CHEMBL67057;CHEMBL68920;CHEMBL69629;CHEMBL69960;CHEMBL69964;CHEMBL76904;CHEMBL80155,BRICS,True
GEN_42E83675,O=C1Nc2ncnc(-c3ccc(O)cc3)c2C1=C(O)c1cc(C(=O)O)cc(O)c1O,CHEMBL302552;CHEMBL304271;CHEMBL305194;CHEMBL308645;CHEMBL309598;CHEMBL432903;CHEMBL65848;CHEMBL66570;CHEMBL67003;CHEMBL67057;CHEMBL68920;CHEMBL69629;CHEMBL69960;CHEMBL69964;CHEMBL76589;CHEMBL80155,BRICS,True
GEN_0C7338D3,O=C1Nc2ncnc(-c3cc(O)c(O)c(O)c3)c2C1=C(O)c1cc(C(=O)O)cc(O)c1O,CHEMBL302552;CHEMBL304271;CHEMBL305194;CHEMBL308645;CHEMBL309598;CHEMBL310798;CHEMBL432903;CHEMBL65848;CHEMBL66570;CHEMBL67003;CHEMBL67057;CHEMBL68920;CHEMBL69629;CHEMBL69960;CHEMBL69964;CHEMBL80155,BRICS,True
GEN_D54D71F3,C/N=N/Nc1ccc2ncnc(-c3ncnc4c3C(=C(O)c3cc(C(=O)O)cc(O)c3O)C(=O)N4)c2c1,CHEMBL133024;CHEMBL135592;CHEMBL302552;CHEMBL304271;CHEMBL305194;CHEMBL308645;CHEMBL309598;CHEMBL432903;CHEMBL65848;CHEMBL66570;CHEMBL67003;CHEMBL67057;CHEMBL68920;CHEMBL69629;CHEMBL69960;CHEMBL69964;CHEMBL80155,BRICS,True
GEN_F1D34E1C,Cc1cc(C)c(-c2ncnc3c2C(=C(O)c2cc(C(=O)O)cc(O)c2O)C(=O)N3)[nH]1,CHEMBL302552;CHEMBL304271;CHEMBL305194;CHEMBL308645;CHEMBL309598;CHEMBL432903;CHEMBL65848;CHEMBL66570;CHEMBL67003;CHEMBL67057;CHEMBL68920;CHEMBL69629;CHEMBL69960;CHEMBL69964;CHEMBL80155,BRICS,True
GEN_B9BEC1CB,O=C1Nc2ncnc(-c3ccccn3)c2C1=C(O)c1cc(C(=O)O)cc(O)c1O,CHEMBL137635;CHEMBL138125;CHEMBL302552;CHEMBL304271;CHEMBL305194;CHEMBL308645;CHEMBL309598;CHEMBL432903;CHEMBL65848;CHEMBL66570;CHEMBL67003;CHEMBL67057;CHEMBL68920;CHEMBL69629;CHEMBL69960;CHEMBL69964;CHEMBL80155,BRICS,True
GEN_BE056FEC,Nc1ccc2ncnc(-c3ncnc4c3C(=C(O)c3cc(C(=O)O)cc(O)c3O)C(=O)N4)c2c1,CHEMBL136492;CHEMBL302552;CHEMBL304271;CHEMBL305194;CHEMBL308645;CHEMBL309598;CHEMBL332096;CHEMBL336113;CHEMBL343352;CHEMBL432903;CHEMBL52765;CHEMBL65848;CHEMBL66570;CHEMBL67003;CHEMBL67057;CHEMBL68920;CHEMBL69629;CHEMBL69960;CHEMBL69964;CHEMBL80155,BRICS,True
GEN_79631DE8,CN(C)/N=N/c1ccc2ncnc(-c3ncnc4c3C(=C(O)c3cc(C(=O)O)cc(O)c3O)C(=O)N4)c2c1,CHEMBL136491;CHEMBL302552;CHEMBL304271;CHEMBL305194;CHEMBL308645;CHEMBL309598;CHEMBL344652;CHEMBL432903;CHEMBL65848;CHEMBL66570;CHEMBL67003;CHEMBL67057;CHEMBL68920;CHEMBL69629;CHEMBL69960;CHEMBL69964;CHEMBL80155,BRICS,True
GEN_686B605C,CN1CCN(c2ncnc3c2C(=C(O)c2cc(C(=O)O)cc(O)c2O)C(=O)N3)CC1,CHEMBL302552;CHEMBL304271;CHEMBL305194;CHEMBL308645;CHEMBL309598;CHEMBL432903;CHEMBL65848;CHEMBL66570;CHEMBL67003;CHEMBL67057;CHEMBL68920;CHEMBL69629;CHEMBL69960;CHEMBL69964;CHEMBL80155,BRICS,True
GEN_0479884A,O=C1Nc2ncnc(N3CCOCC3)c2C1=C(O)c1cc(C(=O)O)cc(O)c1O,CHEMBL137364;CHEMBL302552;CHEMBL304271;CHEMBL305194;CHEMBL308645;CHEMBL309598;CHEMBL432903;CHEMBL443268;CHEMBL65848;CHEMBL66570;CHEMBL67003;CHEMBL67057;CHEMBL68920;CHEMBL69629;CHEMBL69960;CHEMBL69964;CHEMBL80155,BRICS,True
GEN_14BAF697,N#CC(C#N)=C(N)C(C#N)=C(O)c1cc(C(=O)O)cc(O)c1O,CHEMBL305194;CHEMBL309598;CHEMBL309625;CHEMBL310798;CHEMBL311119;CHEMBL76589;CHEMBL76904;CHEMBL76905;CHEMBL77085;CHEMBL80155,BRICS,True
GEN_E9643149,N#CC(C(N)=O)=C(N)C(C#N)=C(O)c1cc(C(=O)O)cc(O)c1O,CHEMBL296407;CHEMBL305194;CHEMBL309598;CHEMBL309625;CHEMBL76589;CHEMBL80155,BRICS,True
GEN_EE40FC2F,N#CC(C(=O)O)=C(N)C(C#N)=C(O)c1cc(C(=O)O)cc(O)c1O,CHEMBL305194;CHEMBL309598;CHEMBL309625;CHEMBL76589;CHEMBL76642;CHEMBL76985;CHEMBL80155,BRICS,True
GEN_5BDE1E38,N#CC(C#N)=C(C#N)C(N)=C(O)c1cc(C(=O)O)cc(O)c1O,CHEMBL305194;CHEMBL309598;CHEMBL309625;CHEMBL310798;CHEMBL311119;CHEMBL76589;CHEMBL76904;CHEMBL76905;CHEMBL77085;CHEMBL80155,BRICS,True
GEN_7EFE4CA9,N#CC(C(N)=O)=C(C#N)C(N)=C(O)c1cc(C(=O)O)cc(O)c1O,CHEMBL296407;CHEMBL305194;CHEMBL309598;CHEMBL309625;CHEMBL76589;CHEMBL80155,BRICS,True
GEN_96D792C2,N#CC(C(=O)O)=C(C#N)C(N)=C(O)c1cc(C(=O)O)cc(O)c1O,CHEMBL305194;CHEMBL309598;CHEMBL309625;CHEMBL76589;CHEMBL76642;CHEMBL76985;CHEMBL80155,BRICS,True
GEN_20A0F17B,COCC/N=N/Nc1ccc2ncnc(-c3cc(C(=O)O)cc(O)c3O)c2c1,CHEMBL137364;CHEMBL305194;CHEMBL80155,BRICS,True
GEN_43801CB0,CN1CCN(CC/N=N/Nc2ccc3ncnc(-c4cc(C(=O)O)cc(O)c4O)c3c2)CC1,CHEMBL137364;CHEMBL305194;CHEMBL69964;CHEMBL80155,BRICS,True
GEN_D83BB199,O=C(O)c1cc(O)c(O)c(-c2ncnc3ccc(N/N=N/CCN4CCOCC4)cc23)c1,CHEMBL137364;CHEMBL302552;CHEMBL305194;CHEMBL443268;CHEMBL65848;CHEMBL67003;CHEMBL67057;CHEMBL69629;CHEMBL69960;CHEMBL80155,BRICS,True
GEN_21241FAE,C/N=N/Nc1ccc2ncnc(NCC/N=N/Nc3ccc4ncnc(-c5cc(C(=O)O)cc(O)c5O)c4c3)c2c1,CHEMBL133024;CHEMBL135592;CHEMBL136491;CHEMBL137364;CHEMBL138125;CHEMBL302552;CHEMBL304271;CHEMBL305194;CHEMBL308645;CHEMBL332096;CHEMBL336113;CHEMBL343352;CHEMBL432903;CHEMBL443268;CHEMBL52765;CHEMBL65848;CHEMBL66570;CHEMBL67003;CHEMBL67057;CHEMBL68920;CHEMBL69629;CHEMBL69960;CHEMBL69964;CHEMBL80155,BRICS,True
GEN_00F33078,Cc1cc(C)c(NCC/N=N/Nc2ccc3ncnc(-c4cc(C(=O)O)cc(O)c4O)c3c2)[nH]1,CHEMBL133024;CHEMBL136491;CHEMBL137364;CHEMBL138125;CHEMBL302552;CHEMBL304271;CHEMBL305194;CHEMBL308645;CHEMBL332096;CHEMBL336113;CHEMBL343352;CHEMBL432903;CHEMBL443268;CHEMBL52765;CHEMBL65848;CHEMBL66570;CHEMBL67003;CHEMBL67057;CHEMBL68920;CHEMBL69629;CHEMBL69960;CHEMBL69964;CHEMBL80155,BRICS,True
GEN_00C79C0B,O=C(O)c1cc(O)c(O)c(-c2ncnc3ccc(N/N=N/CCNc4ccccn4)cc23)c1,CHEMBL133024;CHEMBL136491;CHEMBL137364;CHEMBL137635;CHEMBL138125;CHEMBL302552;CHEMBL304271;CHEMBL305194;CHEMBL308645;CHEMBL332096;CHEMBL336113;CHEMBL343352;CHEMBL432903;CHEMBL443268;CHEMBL52765;CHEMBL65848;CHEMBL66570;CHEMBL67003;CHEMBL67057;CHEMBL68920;CHEMBL69629;CHEMBL69960;CHEMBL69964;CHEMBL80155,BRICS,True
GEN_7DD9C138,Nc1ccc2ncnc(NCC/N=N/Nc3ccc4ncnc(-c5cc(C(=O)O)cc(O)c5O)c4c3)c2c1,CHEMBL133024;CHEMBL136491;CHEMBL136492;CHEMBL137364;CHEMBL138125;CHEMBL302552;CHEMBL304271;CHEMBL305194;CHEMBL308645;CHEMBL332096;CHEMBL336113;CHEMBL343352;CHEMBL432903;CHEMBL443268;CHEMBL52765;CHEMBL65848;CHEMBL66570;CHEMBL67003;CHEMBL67057;CHEMBL68920;CHEMBL69629;CHEMBL69960;CHEMBL69964;CHEMBL80155,BRICS,True
GEN_8059D04C,CN(C)/N=N/c1ccc2ncnc(NCC/N=N/Nc3ccc4ncnc(-c5cc(C(=O)O)cc(O)c5O)c4c3)c2c1,CHEMBL133024;CHEMBL136491;CHEMBL137364;CHEMBL138125;CHEMBL302552;CHEMBL304271;CHEMBL305194;CHEMBL308645;CHEMBL332096;CHEMBL336113;CHEMBL343352;CHEMBL344652;CHEMBL432903;CHEMBL443268;CHEMBL52765;CHEMBL65848;CHEMBL66570;CHEMBL67003;CHEMBL67057;CHEMBL68920;CHEMBL69629;CHEMBL69960;CHEMBL69964;CHEMBL80155,BRICS,True
GEN_B9031C31,CCNCC/N=N/Nc1ccc2ncnc(-c3cc(C(=O)O)cc(O)c3O)c2c1,CHEMBL133024;CHEMBL136491;CHEMBL137364;CHEMBL138125;CHEMBL302552;CHEMBL304271;CHEMBL305194;CHEMBL308645;CHEMBL332096;CHEMBL336113;CHEMBL343352;CHEMBL432903;CHEMBL443268;CHEMBL52765;CHEMBL65848;CHEMBL66570;CHEMBL67003;CHEMBL67057;CHEMBL68920;CHEMBL69629;CHEMBL69960;CHEMBL69964;CHEMBL80155,BRICS,True
GEN_70868DF5,O=C(O)c1cc(O)c(O)c(-c2ncnc3ccc(N/N=N/CCNc4cc(O)ccc4[N+](=O)[O-])cc23)c1,CHEMBL133024;CHEMBL136491;CHEMBL137364;CHEMBL138125;CHEMBL302552;CHEMBL304271;CHEMBL305194;CHEMBL308645;CHEMBL332096;CHEMBL336113;CHEMBL343352;CHEMBL432903;CHEMBL443268;CHEMBL52765;CHEMBL65848;CHEMBL66570;CHEMBL67003;CHEMBL67057;CHEMBL68920;CHEMBL69629;CHEMBL69960;CHEMBL69964;CHEMBL77085;CHEMBL80155,BRICS,True
GEN_CCDBE6F1,O=Cc1ccc(NCC/N=N/Nc2ccc3ncnc(-c4cc(C(=O)O)cc(O)c4O)c3c2)cc1,CHEMBL133024;CHEMBL136491;CHEMBL137364;CHEMBL138125;CHEMBL302552;CHEMBL304271;CHEMBL305194;CHEMBL308645;CHEMBL311119;CHEMBL332096;CHEMBL336113;CHEMBL343352;CHEMBL432903;CHEMBL443268;CHEMBL52765;CHEMBL65848;CHEMBL66570;CHEMBL67003;CHEMBL67057;CHEMBL68920;CHEMBL69629;CHEMBL69960;CHEMBL69964;CHEMBL76985;CHEMBL80155,BRICS,True
GEN_BDDD8A26,O=C(O)c1cc(O)c(O)c(-c2ncnc3ccc(N/N=N/CCNc4cccc(Br)c4)cc23)c1,CHEMBL133024;CHEMBL136491;CHEMBL137364;CHEMBL138125;CHEMBL302552;CHEMBL304271;CHEMBL305194;CHEMBL308645;CHEMBL332096;CHEMBL336113;CHEMBL343352;CHEMBL432903;CHEMBL443268;CHEMBL52765;CHEMBL65848;CHEMBL66570;CHEMBL67003;CHEMBL67057;CHEMBL68920;CHEMBL69629;CHEMBL69960;CHEMBL69964;CHEMBL80155,BRICS,True
GEN_C506BBE4,O=C(O)c1cc(O)c(O)c(-c2ncnc3ccc(N/N=N/CCNc4cccc(Cl)c4)cc23)c1,CHEMBL133024;CHEMBL136491;CHEMBL137364;CHEMBL138125;CHEMBL302552;CHEMBL304271;CHEMBL305194;CHEMBL308645;CHEMBL332096;CHEMBL336113;CHEMBL343352;CHEMBL432903;CHEMBL443268;CHEMBL52765;CHEMBL65848;CHEMBL66570;CHEMBL67003;CHEMBL67057;CHEMBL68920;CHEMBL69629;CHEMBL69960;CHEMBL69964;CHEMBL80155,BRICS,True
GEN_29CAC6B2,Cc1cccc(NCC/N=N/Nc2ccc3ncnc(-c4cc(C(=O)O)cc(O)c4O)c3c2)c1,CHEMBL133024;CHEMBL136491;CHEMBL137364;CHEMBL138125;CHEMBL302552;CHEMBL304271;CHEMBL305194;CHEMBL308645;CHEMBL332096;CHEMBL336113;CHEMBL343352;CHEMBL432903;CHEMBL443268;CHEMBL52765;CHEMBL65848;CHEMBL66570;CHEMBL67003;CHEMBL67057;CHEMBL68920;CHEMBL69629;CHEMBL69960;CHEMBL69964;CHEMBL80155,BRICS,True
GEN_942947AF,O=C(O)c1cc(O)c(O)c(-c2ncnc3ccc(N/N=N/CCNc4ccc(F)c(Cl)c4)cc23)c1,CHEMBL133024;CHEMBL136491;CHEMBL137364;CHEMBL138125;CHEMBL302552;CHEMBL304271;CHEMBL305194;CHEMBL308645;CHEMBL332096;CHEMBL336113;CHEMBL343352;CHEMBL432903;CHEMBL443268;CHEMBL52765;CHEMBL65848;CHEMBL66570;CHEMBL67003;CHEMBL67057;CHEMBL68920;CHEMBL69629;CHEMBL69960;CHEMBL69964;CHEMBL80155,BRICS,True
GEN_D75001F6,O=C(O)c1cc(O)c(O)c(-c2ncnc3ccc(N/N=N/CCNc4ccc5c(c4)CCC5)cc23)c1,CHEMBL133024;CHEMBL136491;CHEMBL137364;CHEMBL138125;CHEMBL302552;CHEMBL304271;CHEMBL305194;CHEMBL308645;CHEMBL332096;CHEMBL336113;CHEMBL343352;CHEMBL432903;CHEMBL443268;CHEMBL52765;CHEMBL65848;CHEMBL66570;CHEMBL67003;CHEMBL67057;CHEMBL68920;CHEMBL69629;CHEMBL69960;CHEMBL69964;CHEMBL80155,BRICS,True
GEN_9977343F,O=C(O)c1cc(O)c(O)c(-c2ncnc3ccc(N/N=N/CCNc4ccc(O)c([N+](=O)[O-])c4)cc23)c1,CHEMBL133024;CHEMBL136491;CHEMBL137364;CHEMBL138125;CHEMBL302552;CHEMBL304271;CHEMBL305194;CHEMBL308645;CHEMBL309625;CHEMBL332096;CHEMBL336113;CHEMBL343352;CHEMBL432903;CHEMBL443268;CHEMBL52765;CHEMBL65848;CHEMBL66570;CHEMBL67003;CHEMBL67057;CHEMBL68920;CHEMBL69629;CHEMBL69960;CHEMBL69964;CHEMBL80155,BRICS,True
GEN_EED1AE56,O=C(O)c1cc(O)c(O)c(-c2ncnc3ccc(N/N=N/CCNc4cc(O)cc(O)c4)cc23)c1,CHEMBL133024;CHEMBL136491;CHEMBL137364;CHEMBL138125;CHEMBL302552;CHEMBL304271;CHEMBL305194;CHEMBL308645;CHEMBL332096;CHEMBL336113;CHEMBL343352;CHEMBL432903;CHEMBL443268;CHEMBL52765;CHEMBL65848;CHEMBL66570;CHEMBL67003;CHEMBL67057;CHEMBL68920;CHEMBL69629;CHEMBL69960;CHEMBL69964;CHEMBL76905;CHEMBL80155,BRICS,True
GEN_DA6BDAFD,O=C(O)c1cc(O)c(O)c(-c2ncnc3ccc(N/N=N/CCNc4cc(O)ccc4O)cc23)c1,CHEMBL133024;CHEMBL136491;CHEMBL137364;CHEMBL138125;CHEMBL302552;CHEMBL304271;CHEMBL305194;CHEMBL308645;CHEMBL332096;CHEMBL336113;CHEMBL343352;CHEMBL432903;CHEMBL443268;CHEMBL52765;CHEMBL65848;CHEMBL66570;CHEMBL67003;CHEMBL67057;CHEMBL68920;CHEMBL69629;CHEMBL69960;CHEMBL69964;CHEMBL76642;CHEMBL80155,BRICS,True
GEN_978B8344,O=C(O)c1cc(O)c(O)c(-c2ncnc3ccc(N/N=N/CCNc4ccccc4)cc23)c1,CHEMBL133024;CHEMBL135592;CHEMBL136491;CHEMBL136492;CHEMBL137364;CHEMBL137635;CHEMBL138125;CHEMBL302552;CHEMBL304271;CHEMBL305194;CHEMBL308645;CHEMBL332096;CHEMBL336113;CHEMBL343352;CHEMBL344652;CHEMBL432903;CHEMBL443268;CHEMBL52765;CHEMBL65848;CHEMBL66570;CHEMBL67003;CHEMBL67057;CHEMBL68920;CHEMBL69629;CHEMBL69960;CHEMBL69964;CHEMBL80155,BRICS,True
GEN_5955ACB6,O=C(O)c1cc(O)c(O)c(-c2ncnc3ccc(N/N=N/CCNc4ccc(O)c(O)c4)cc23)c1,CHEMBL133024;CHEMBL136491;CHEMBL137364;CHEMBL138125;CHEMBL296407;CHEMBL302552;CHEMBL304271;CHEMBL305194;CHEMBL308645;CHEMBL332096;CHEMBL336113;CHEMBL343352;CHEMBL432903;CHEMBL443268;CHEMBL52765;CHEMBL65848;CHEMBL66570;CHEMBL67003;CHEMBL67057;CHEMBL68920;CHEMBL69629;CHEMBL69960;CHEMBL69964;CHEMBL76904;CHEMBL80155,BRICS,True
GEN_874AD8F3,O=C(O)c1cc(O)c(O)c(-c2ncnc3ccc(N/N=N/CCNc4ccc(O)cc4)cc23)c1,CHEMBL133024;CHEMBL136491;CHEMBL137364;CHEMBL138125;CHEMBL302552;CHEMBL304271;CHEMBL305194;CHEMBL308645;CHEMBL332096;CHEMBL336113;CHEMBL343352;CHEMBL432903;CHEMBL443268;CHEMBL52765;CHEMBL65848;CHEMBL66570;CHEMBL67003;CHEMBL67057;CHEMBL68920;CHEMBL69629;CHEMBL69960;CHEMBL69964;CHEMBL76589;CHEMBL80155,BRICS,True
GEN_2EA6370F,O=C(O)c1cc(O)c(O)c(-c2ncnc3ccc(N/N=N/CCNc4cc(O)c(O)c(O)c4)cc23)c1,CHEMBL133024;CHEMBL136491;CHEMBL137364;CHEMBL138125;CHEMBL302552;CHEMBL304271;CHEMBL305194;CHEMBL308645;CHEMBL309598;CHEMBL310798;CHEMBL332096;CHEMBL336113;CHEMBL343352;CHEMBL432903;CHEMBL443268;CHEMBL52765;CHEMBL65848;CHEMBL66570;CHEMBL67003;CHEMBL67057;CHEMBL68920;CHEMBL69629;CHEMBL69960;CHEMBL69964;CHEMBL80155,BRICS,True
GEN_6CEB7A6C,C/N=N/Nc1ccc2ncnc(N3CCN(CC/N=N/Nc4ccc5ncnc(-c6cc(C(=O)O)cc(O)c6O)c5c4)CC3)c2c1,CHEMBL133024;CHEMBL135592;CHEMBL137364;CHEMBL305194;CHEMBL66570;CHEMBL80155,BRICS,True
GEN_92D1AD80,Cc1cc(C)c(N2CCN(CC/N=N/Nc3ccc4ncnc(-c5cc(C(=O)O)cc(O)c5O)c4c3)CC2)[nH]1,CHEMBL137364;CHEMBL305194;CHEMBL66570;CHEMBL68920;CHEMBL80155,BRICS,True
GEN_39AB01BD,O=C(O)c1cc(O)c(O)c(-c2ncnc3ccc(N/N=N/CCN4CCN(c5ccccn5)CC4)cc23)c1,CHEMBL137364;CHEMBL137635;CHEMBL138125;CHEMBL305194;CHEMBL66570;CHEMBL80155,BRICS,True
GEN_EB3761F6,Nc1ccc2ncnc(N3CCN(CC/N=N/Nc4ccc5ncnc(-c6cc(C(=O)O)cc(O)c6O)c5c4)CC3)c2c1,CHEMBL136492;CHEMBL137364;CHEMBL305194;CHEMBL332096;CHEMBL336113;CHEMBL343352;CHEMBL52765;CHEMBL66570;CHEMBL80155,BRICS,True
GEN_86075740,CN(C)/N=N/c1ccc2ncnc(N3CCN(CC/N=N/Nc4ccc5ncnc(-c6cc(C(=O)O)cc(O)c6O)c5c4)CC3)c2c1,CHEMBL136491;CHEMBL137364;CHEMBL305194;CHEMBL344652;CHEMBL66570;CHEMBL80155,BRICS,True
GEN_E36482EC,CCN1CCN(CC/N=N/Nc2ccc3ncnc(-c4cc(C(=O)O)cc(O)c4O)c3c2)CC1,CHEMBL137364;CHEMBL304271;CHEMBL305194;CHEMBL432903;CHEMBL66570;CHEMBL80155,BRICS,True
GEN_441EA326,O=C(O)c1cc(O)c(O)c(-c2ncnc3ccc(N/N=N/CCN4CCN(c5cc(O)ccc5[N+](=O)[O-])CC4)cc23)c1,CHEMBL137364;CHEMBL305194;CHEMBL66570;CHEMBL77085;CHEMBL80155,BRICS,True
GEN_673F8811,O=Cc1ccc(N2CCN(CC/N=N/Nc3ccc4ncnc(-c5cc(C(=O)O)cc(O)c5O)c4c3)CC2)cc1,CHEMBL137364;CHEMBL305194;CHEMBL311119;CHEMBL66570;CHEMBL76985;CHEMBL80155,BRICS,True
GEN_3EB7AA71,O=C(O)c1cc(O)c(O)c(-c2ncnc3ccc(N/N=N/CCN4CCN(c5cccc(Br)c5)CC4)cc23)c1,CHEMBL137364;CHEMBL138125;CHEMBL305194;CHEMBL52765;CHEMBL66570;CHEMBL80155,BRICS,True
GEN_C47BCB7F,O=C(O)c1cc(O)c(O)c(-c2ncnc3ccc(N/N=N/CCN4CCN(c5cccc(Cl)c5)CC4)cc23)c1,CHEMBL133024;CHEMBL136491;CHEMBL137364;CHEMBL305194;CHEMBL343352;CHEMBL66570;CHEMBL80155,BRICS,True
GEN_0BFD871D,Cc1cccc(N2CCN(CC/N=N/Nc3ccc4ncnc(-c5cc(C(=O)O)cc(O)c5O)c4c3)CC2)c1,CHEMBL137364;CHEMBL305194;CHEMBL336113;CHEMBL66570;CHEMBL80155,BRICS,True
GEN_7291D07F,O=C(O)c1cc(O)c(O)c(-c2ncnc3ccc(N/N=N/CCN4CCN(c5ccc(F)c(Cl)c5)CC4)cc23)c1,CHEMBL137364;CHEMBL302552;CHEMBL304271;CHEMBL305194;CHEMBL308645;CHEMBL432903;CHEMBL443268;CHEMBL66570;CHEMBL68920;CHEMBL69629;CHEMBL69960;CHEMBL69964;CHEMBL80155,BRICS,True
GEN_CC742E09,O=C(O)c1cc(O)c(O)c(-c2ncnc3ccc(N/N=N/CCN4CCN(c5ccc6c(c5)CCC6)CC4)cc23)c1,CHEMBL137364;CHEMBL305194;CHEMBL65848;CHEMBL66570;CHEMBL80155,BRICS,True
GEN_1831948C,O=C(O)c1cc(O)c(O)c(-c2ncnc3ccc(N/N=N/CCN4CCN(c5ccc(O)c([N+](=O)[O-])c5)CC4)cc23)c1,CHEMBL137364;CHEMBL305194;CHEMBL309625;CHEMBL66570;CHEMBL80155,BRICS,True
GEN_588A4259,O=C(O)c1cc(O)c(O)c(-c2ncnc3ccc(N/N=N/CCN4CCN(c5cc(O)cc(O)c5)CC4)cc23)c1,CHEMBL137364;CHEMBL305194;CHEMBL66570;CHEMBL76905;CHEMBL80155,BRICS,True
GEN_7EAC4EC8,O=C(O)c1cc(O)c(O)c(-c2ncnc3ccc(N/N=N/CCN4CCN(c5cc(O)ccc5O)CC4)cc23)c1,CHEMBL137364;CHEMBL305194;CHEMBL66570;CHEMBL76642;CHEMBL80155,BRICS,True
GEN_E8F6FFE9,O=C(O)c1cc(O)c(O)c(-c2ncnc3ccc(N/N=N/CCN4CCN(c5ccccc5)CC4)cc23)c1,CHEMBL135592;CHEMBL136492;CHEMBL137364;CHEMBL137635;CHEMBL305194;CHEMBL332096;CHEMBL344652;CHEMBL66570;CHEMBL67003;CHEMBL67057;CHEMBL80155,BRICS,True
GEN_67314D30,O=C(O)c1cc(O)c(O)c(-c2ncnc3ccc(N/N=N/CCN4CCN(c5ccc(O)c(O)c5)CC4)cc23)c1,CHEMBL137364;CHEMBL296407;CHEMBL305194;CHEMBL66570;CHEMBL76904;CHEMBL80155,BRICS,True
GEN_4E136FF8,O=C(O)c1cc(O)c(O)c(-c2ncnc3ccc(N/N=N/CCN4CCN(c5ccc(O)cc5)CC4)cc23)c1,CHEMBL137364;CHEMBL305194;CHEMBL66570;CHEMBL76589;CHEMBL80155,BRICS,True
GEN_888D5D02,O=C(O)c1cc(O)c(O)c(-c2ncnc3ccc(N/N=N/CCN4CCN(c5cc(O)c(O)c(O)c5)CC4)cc23)c1,CHEMBL137364;CHEMBL305194;CHEMBL309598;CHEMBL310798;CHEMBL66570;CHEMBL80155,BRICS,True
GEN_6DCFCFB7,C/N=N/Nc1ccc2ncnc(N(C)CC/N=N/Nc3ccc4ncnc(-c5cc(C(=O)O)cc(O)c5O)c4c3)c2c1,CHEMBL133024;CHEMBL135592;CHEMBL136492;CHEMBL137364;CHEMBL137635;CHEMBL305194;CHEMBL344652;CHEMBL80155,BRICS,True
GEN_FB1B7AC2,Cc1cc(C)c(N(C)CC/N=N/Nc2ccc3ncnc(-c4cc(C(=O)O)cc(O)c4O)c3c2)[nH]1,CHEMBL135592;CHEMBL136492;CHEMBL137364;CHEMBL137635;CHEMBL305194;CHEMBL344652;CHEMBL68920;CHEMBL80155,BRICS,True
GEN_10D28D1C,CN(CC/N=N/Nc1ccc2ncnc(-c3cc(C(=O)O)cc(O)c3O)c2c1)c1ccccn1,CHEMBL135592;CHEMBL136492;CHEMBL137364;CHEMBL137635;CHEMBL138125;CHEMBL305194;CHEMBL344652;CHEMBL80155,BRICS,True
GEN_BFF636C7,CN(CC/N=N/Nc1ccc2ncnc(-c3cc(C(=O)O)cc(O)c3O)c2c1)c1ncnc2ccc(N)cc12,CHEMBL135592;CHEMBL136492;CHEMBL137364;CHEMBL137635;CHEMBL305194;CHEMBL332096;CHEMBL336113;CHEMBL343352;CHEMBL344652;CHEMBL52765;CHEMBL80155,BRICS,True
GEN_D726ABC7,CN(C)/N=N/c1ccc2ncnc(N(C)CC/N=N/Nc3ccc4ncnc(-c5cc(C(=O)O)cc(O)c5O)c4c3)c2c1,CHEMBL135592;CHEMBL136491;CHEMBL136492;CHEMBL137364;CHEMBL137635;CHEMBL305194;CHEMBL344652;CHEMBL80155,BRICS,True
GEN_B04DAB7F,CCN(C)CC/N=N/Nc1ccc2ncnc(-c3cc(C(=O)O)cc(O)c3O)c2c1,CHEMBL135592;CHEMBL136492;CHEMBL137364;CHEMBL137635;CHEMBL304271;CHEMBL305194;CHEMBL344652;CHEMBL432903;CHEMBL66570;CHEMBL80155,BRICS,True
GEN_708844AF,CN(CC/N=N/Nc1ccc2ncnc(-c3cc(C(=O)O)cc(O)c3O)c2c1)c1cc(O)ccc1[N+](=O)[O-],CHEMBL135592;CHEMBL136492;CHEMBL137364;CHEMBL137635;CHEMBL305194;CHEMBL344652;CHEMBL77085;CHEMBL80155,BRICS,True
GEN_A51CB4C1,CN(CC/N=N/Nc1ccc2ncnc(-c3cc(C(=O)O)cc(O)c3O)c2c1)c1ccc(C=O)cc1,CHEMBL135592;CHEMBL136492;CHEMBL137364;CHEMBL137635;CHEMBL305194;CHEMBL311119;CHEMBL344652;CHEMBL76985;CHEMBL80155,BRICS,True
GEN_B81B94D6,CN(CC/N=N/Nc1ccc2ncnc(-c3cc(C(=O)O)cc(O)c3O)c2c1)c1cccc(Br)c1,CHEMBL135592;CHEMBL136492;CHEMBL137364;CHEMBL137635;CHEMBL138125;CHEMBL305194;CHEMBL344652;CHEMBL52765;CHEMBL80155,BRICS,True
GEN_10B3C5BB,CN(CC/N=N/Nc1ccc2ncnc(-c3cc(C(=O)O)cc(O)c3O)c2c1)c1cccc(Cl)c1,CHEMBL133024;CHEMBL135592;CHEMBL136491;CHEMBL136492;CHEMBL137364;CHEMBL137635;CHEMBL305194;CHEMBL343352;CHEMBL344652;CHEMBL80155,BRICS,True
GEN_11121A76,Cc1cccc(N(C)CC/N=N/Nc2ccc3ncnc(-c4cc(C(=O)O)cc(O)c4O)c3c2)c1,CHEMBL135592;CHEMBL136492;CHEMBL137364;CHEMBL137635;CHEMBL305194;CHEMBL336113;CHEMBL344652;CHEMBL80155,BRICS,True
GEN_F5D319A9,CN(CC/N=N/Nc1ccc2ncnc(-c3cc(C(=O)O)cc(O)c3O)c2c1)c1ccc(F)c(Cl)c1,CHEMBL135592;CHEMBL136492;CHEMBL137364;CHEMBL137635;CHEMBL302552;CHEMBL304271;CHEMBL305194;CHEMBL308645;CHEMBL344652;CHEMBL432903;CHEMBL443268;CHEMBL66570;CHEMBL68920;CHEMBL69629;CHEMBL69960;CHEMBL69964;CHEMBL80155,BRICS,True
GEN_7B62AA5E,CN(CC/N=N/Nc1ccc2ncnc(-c3cc(C(=O)O)cc(O)c3O)c2c1)c1ccc2c(c1)CCC2,CHEMBL135592;CHEMBL136492;CHEMBL137364;CHEMBL137635;CHEMBL305194;CHEMBL344652;CHEMBL65848;CHEMBL80155,BRICS,True
GEN_00837859,CN(CC/N=N/Nc1ccc2ncnc(-c3cc(C(=O)O)cc(O)c3O)c2c1)c1ccc(O)c([N+](=O)[O-])c1,CHEMBL135592;CHEMBL136492;CHEMBL137364;CHEMBL137635;CHEMBL305194;CHEMBL309625;CHEMBL344652;CHEMBL80155,BRICS,True
GEN_E1AE8CDC,CN(CC/N=N/Nc1ccc2ncnc(-c3cc(C(=O)O)cc(O)c3O)c2c1)c1cc(O)cc(O)c1,CHEMBL135592;CHEMBL136492;CHEMBL137364;CHEMBL137635;CHEMBL305194;CHEMBL344652;CHEMBL76905;CHEMBL80155,BRICS,True
GEN_24910EE1,CN(CC/N=N/Nc1ccc2ncnc(-c3cc(C(=O)O)cc(O)c3O)c2c1)c1cc(O)ccc1O,CHEMBL135592;CHEMBL136492;CHEMBL137364;CHEMBL137635;CHEMBL305194;CHEMBL344652;CHEMBL76642;CHEMBL80155,BRICS,True
GEN_CB43DC47,CN(CC/N=N/Nc1ccc2ncnc(-c3cc(C(=O)O)cc(O)c3O)c2c1)c1ccccc1,CHEMBL135592;CHEMBL136492;CHEMBL137364;CHEMBL137635;CHEMBL305194;CHEMBL332096;CHEMBL344652;CHEMBL67003;CHEMBL67057;CHEMBL80155,BRICS,True
GEN_0E6B872B,CN(CC/N=N/Nc1ccc2ncnc(-c3cc(C(=O)O)cc(O)c3O)c2c1)c1ccc(O)c(O)c1,CHEMBL135592;CHEMBL136492;CHEMBL137364;CHEMBL137635;CHEMBL296407;CHEMBL305194;CHEMBL344652;CHEMBL76904;CHEMBL80155,BRICS,True
GEN_3D077CBF,CN(CC/N=N/Nc1ccc2ncnc(-c3cc(C(=O)O)cc(O)c3O)c2c1)c1ccc(O)cc1,CHEMBL135592;CHEMBL136492;CHEMBL137364;CHEMBL137635;CHEMBL305194;CHEMBL344652;CHEMBL76589;CHEMBL80155,BRICS,True
GEN_CB1398E4,CN(CC/N=N/Nc1ccc2ncnc(-c3cc(C(=O)O)cc(O)c3O)c2c1)c1cc(O)c(O)c(O)c1,CHEMBL135592;CHEMBL136492;CHEMBL137364;CHEMBL137635;CHEMBL305194;CHEMBL309598;CHEMBL310798;CHEMBL344652;CHEMBL80155,BRICS,True
GEN_2828F480,O=C(O)c1cc(O)c(O)c(N2CCN(c3cc(O)ccc3[N+](=O)[O-])CC2)c1,CHEMBL305194;CHEMBL66570;CHEMBL77085;CHEMBL80155,BRICS,True
GEN_D30EBD8F,O=Cc1ccc(N2CCN(c3cc(C(=O)O)cc(O)c3O)CC2)cc1,CHEMBL305194;CHEMBL311119;CHEMBL66570;CHEMBL76985;CHEMBL80155,BRICS,True
GEN_A41CEB39,O=C(O)c1cc(O)c(O)c(N2CCN(c3cccc(Br)c3)CC2)c1,CHEMBL137364;CHEMBL138125;CHEMBL305194;CHEMBL52765;CHEMBL66570;CHEMBL80155,BRICS,True
GEN_F375C5D3,O=C(O)c1cc(O)c(O)c(N2CCN(c3cccc(Cl)c3)CC2)c1,CHEMBL133024;CHEMBL136491;CHEMBL305194;CHEMBL343352;CHEMBL66570;CHEMBL80155,BRICS,True
GEN_A54071A2,Cc1cccc(N2CCN(c3cc(C(=O)O)cc(O)c3O)CC2)c1,CHEMBL305194;CHEMBL336113;CHEMBL66570;CHEMBL80155,BRICS,True
GEN_60EA4263,O=C(O)c1cc(O)c(O)c(N2CCN(c3ccc(F)c(Cl)c3)CC2)c1,CHEMBL302552;CHEMBL304271;CHEMBL305194;CHEMBL308645;CHEMBL432903;CHEMBL443268;CHEMBL66570;CHEMBL68920;CHEMBL69629;CHEMBL69960;CHEMBL69964;CHEMBL80155,BRICS,True
GEN_D6EFFB34,O=C(O)c1cc(O)c(O)c(N2CCN(c3ccc4c(c3)CCC4)CC2)c1,CHEMBL305194;CHEMBL65848;CHEMBL66570;CHEMBL80155,BRICS,True
GEN_B3920959,O=C(O)c1cc(O)c(O)c(N2CCN(c3ccc(O)c([N+](=O)[O-])c3)CC2)c1,CHEMBL305194;CHEMBL309625;CHEMBL66570;CHEMBL80155,BRICS,True
GEN_E2CB5724,O=C(O)c1cc(O)c(O)c(N2CCN(c3cc(O)cc(O)c3)CC2)c1,CHEMBL305194;CHEMBL66570;CHEMBL76905;CHEMBL80155,BRICS,True
GEN_E02139AF,O=C(O)c1cc(O)c(O)c(N2CCN(c3cc(O)ccc3O)CC2)c1,CHEMBL305194;CHEMBL66570;CHEMBL76642;CHEMBL80155,BRICS,True
GEN_618F9EFA,O=C(O)c1cc(O)c(O)c(N2CCN(c3ccccc3)CC2)c1,CHEMBL135592;CHEMBL136492;CHEMBL137635;CHEMBL305194;CHEMBL332096;CHEMBL344652;CHEMBL66570;CHEMBL67003;CHEMBL67057;CHEMBL80155,BRICS,True
GEN_F281AEC9,O=C(O)c1cc(O)c(O)c(N2CCN(c3ccc(O)c(O)c3)CC2)c1,CHEMBL296407;CHEMBL305194;CHEMBL66570;CHEMBL76904;CHEMBL80155,BRICS,True
GEN_F9B87FE2,O=C(O)c1cc(O)c(O)c(N2CCN(c3ccc(O)cc3)CC2)c1,CHEMBL305194;CHEMBL66570;CHEMBL76589;CHEMBL80155,BRICS,True
GEN_B9292D68,O=C(O)c1cc(O)c(O)c(N2CCN(c3cc(O)c(O)c(O)c3)CC2)c1,CHEMBL305194;CHEMBL309598;CHEMBL310798;CHEMBL66570;CHEMBL80155,BRICS,True
GEN_E471A817,C/N=N/Nc1ccc2ncnc(N3CCN(c4cc(C(=O)O)cc(O)c4O)CC3)c2c1,CHEMBL133024;CHEMBL135592;CHEMBL305194;CHEMBL66570;CHEMBL80155,BRICS,True
GEN_D21C1865,Cc1cc(C)c(N2CCN(c3cc(C(=O)O)cc(O)c3O)CC2)[nH]1,CHEMBL305194;CHEMBL66570;CHEMBL68920;CHEMBL80155,BRICS,True
GEN_AD24F1A4,O=C(O)c1cc(O)c(O)c(N2CCN(c3ccccn3)CC2)c1,CHEMBL137635;CHEMBL138125;CHEMBL305194;CHEMBL66570;CHEMBL80155,BRICS,True
GEN_07256DA1,Nc1ccc2ncnc(N3CCN(c4cc(C(=O)O)cc(O)c4O)CC3)c2c1,CHEMBL136492;CHEMBL305194;CHEMBL332096;CHEMBL336113;CHEMBL343352;CHEMBL52765;CHEMBL66570;CHEMBL80155,BRICS,True
GEN_49E335F7,CN(C)/N=N/c1ccc2ncnc(N3CCN(c4cc(C(=O)O)cc(O)c4O)CC3)c2c1,CHEMBL136491;CHEMBL305194;CHEMBL344652;CHEMBL66570;CHEMBL80155,BRICS,True
GEN_C4744742,CCN1CCN(c2cc(C(=O)O)cc(O)c2O)CC1,CHEMBL304271;CHEMBL305194;CHEMBL432903;CHEMBL66570;CHEMBL80155,BRICS,True
GEN_C7D2A441,O=C(O)c1cc(O)c(O)c(N2CCN(C(=O)c3cc(O)ccc3[N+](=O)[O-])CC2)c1,CHEMBL302552;CHEMBL304271;CHEMBL305194;CHEMBL432903;CHEMBL443268;CHEMBL65848;CHEMBL66570;CHEMBL67003;CHEMBL67057;CHEMBL69629;CHEMBL69960;CHEMBL69964;CHEMBL77085;CHEMBL80155,BRICS,True
GEN_805F7E42,O=Cc1ccc(C(=O)N2CCN(c3cc(C(=O)O)cc(O)c3O)CC2)cc1,CHEMBL302552;CHEMBL304271;CHEMBL305194;CHEMBL311119;CHEMBL432903;CHEMBL443268;CHEMBL65848;CHEMBL66570;CHEMBL67003;CHEMBL67057;CHEMBL69629;CHEMBL69960;CHEMBL69964;CHEMBL76985;CHEMBL80155,BRICS,True
GEN_2D79236A,O=C(O)c1cc(O)c(O)c(N2CCN(C(=O)c3cccc(Br)c3)CC2)c1,CHEMBL137364;CHEMBL138125;CHEMBL302552;CHEMBL304271;CHEMBL305194;CHEMBL432903;CHEMBL443268;CHEMBL52765;CHEMBL65848;CHEMBL66570;CHEMBL67003;CHEMBL67057;CHEMBL69629;CHEMBL69960;CHEMBL69964;CHEMBL80155,BRICS,True
GEN_7571AD4E,O=C(O)c1cc(O)c(O)c(N2CCN(C(=O)c3cccc(Cl)c3)CC2)c1,CHEMBL133024;CHEMBL136491;CHEMBL302552;CHEMBL304271;CHEMBL305194;CHEMBL343352;CHEMBL432903;CHEMBL443268;CHEMBL65848;CHEMBL66570;CHEMBL67003;CHEMBL67057;CHEMBL69629;CHEMBL69960;CHEMBL69964;CHEMBL80155,BRICS,True
GEN_4981D420,Cc1cccc(C(=O)N2CCN(c3cc(C(=O)O)cc(O)c3O)CC2)c1,CHEMBL302552;CHEMBL304271;CHEMBL305194;CHEMBL336113;CHEMBL432903;CHEMBL443268;CHEMBL65848;CHEMBL66570;CHEMBL67003;CHEMBL67057;CHEMBL69629;CHEMBL69960;CHEMBL69964;CHEMBL80155,BRICS,True
GEN_42E01451,O=C(O)c1cc(O)c(O)c(N2CCN(C(=O)c3ccc(F)c(Cl)c3)CC2)c1,CHEMBL302552;CHEMBL304271;CHEMBL305194;CHEMBL308645;CHEMBL432903;CHEMBL443268;CHEMBL65848;CHEMBL66570;CHEMBL67003;CHEMBL67057;CHEMBL68920;CHEMBL69629;CHEMBL69960;CHEMBL69964;CHEMBL80155,BRICS,True
GEN_B2BB7B5B,O=C(O)c1cc(O)c(O)c(N2CCN(C(=O)c3ccc4c(c3)CCC4)CC2)c1,CHEMBL302552;CHEMBL304271;CHEMBL305194;CHEMBL432903;CHEMBL443268;CHEMBL65848;CHEMBL66570;CHEMBL67003;CHEMBL67057;CHEMBL69629;CHEMBL69960;CHEMBL69964;CHEMBL80155,BRICS,True
GEN_9E1124BC,O=C(O)c1cc(O)c(O)c(N2CCN(C(=O)c3ccc(O)c([N+](=O)[O-])c3)CC2)c1,CHEMBL302552;CHEMBL304271;CHEMBL305194;CHEMBL309625;CHEMBL432903;CHEMBL443268;CHEMBL65848;CHEMBL66570;CHEMBL67003;CHEMBL67057;CHEMBL69629;CHEMBL69960;CHEMBL69964;CHEMBL80155,BRICS,True
GEN_A2087938,O=C(O)c1cc(O)c(O)c(N2CCN(C(=O)c3cc(O)cc(O)c3)CC2)c1,CHEMBL302552;CHEMBL304271;CHEMBL305194;CHEMBL432903;CHEMBL443268;CHEMBL65848;CHEMBL66570;CHEMBL67003;CHEMBL67057;CHEMBL69629;CHEMBL69960;CHEMBL69964;CHEMBL76905;CHEMBL80155,BRICS,True
GEN_324EDD1F,O=C(O)c1cc(O)c(O)c(N2CCN(C(=O)c3cc(O)ccc3O)CC2)c1,CHEMBL302552;CHEMBL304271;CHEMBL305194;CHEMBL432903;CHEMBL443268;CHEMBL65848;CHEMBL66570;CHEMBL67003;CHEMBL67057;CHEMBL69629;CHEMBL69960;CHEMBL69964;CHEMBL76642;CHEMBL80155,BRICS,True
GEN_520C4804,O=C(O)c1cc(O)c(O)c(N2CCN(C(=O)c3ccccc3)CC2)c1,CHEMBL135592;CHEMBL136492;CHEMBL137635;CHEMBL302552;CHEMBL304271;CHEMBL305194;CHEMBL332096;CHEMBL344652;CHEMBL432903;CHEMBL443268;CHEMBL65848;CHEMBL66570;CHEMBL67003;CHEMBL67057;CHEMBL69629;CHEMBL69960;CHEMBL69964;CHEMBL80155,BRICS,True
GEN_F440EFD0,O=C(O)c1cc(O)c(O)c(N2CCN(C(=O)c3ccc(O)c(O)c3)CC2)c1,CHEMBL296407;CHEMBL302552;CHEMBL304271;CHEMBL305194;CHEMBL432903;CHEMBL443268;CHEMBL65848;CHEMBL66570;CHEMBL67003;CHEMBL67057;CHEMBL69629;CHEMBL69960;CHEMBL69964;CHEMBL76904;CHEMBL80155,BRICS,True
GEN_91EF9027,O=C(O)c1cc(O)c(O)c(N2CCN(C(=O)c3ccc(O)cc3)CC2)c1,CHEMBL302552;CHEMBL304271;CHEMBL305194;CHEMBL432903;CHEMBL443268;CHEMBL65848;CHEMBL66570;CHEMBL67003;CHEMBL67057;CHEMBL69629;CHEMBL69960;CHEMBL69964;CHEMBL76589;CHEMBL80155,BRICS,True
GEN_7891DC58,O=C(O)c1cc(O)c(O)c(N2CCN(C(=O)c3cc(O)c(O)c(O)c3)CC2)c1,CHEMBL302552;CHEMBL304271;CHEMBL305194;CHEMBL309598;CHEMBL310798;CHEMBL432903;CHEMBL443268;CHEMBL65848;CHEMBL66570;CHEMBL67003;CHEMBL67057;CHEMBL69629;CHEMBL69960;CHEMBL69964;CHEMBL80155,BRICS,True
GEN_23D47E05,C/N=N/Nc1ccc2ncnc(C(=O)N3CCN(c4cc(C(=O)O)cc(O)c4O)CC3)c2c1,CHEMBL133024;CHEMBL135592;CHEMBL302552;CHEMBL304271;CHEMBL305194;CHEMBL432903;CHEMBL443268;CHEMBL65848;CHEMBL66570;CHEMBL67003;CHEMBL67057;CHEMBL69629;CHEMBL69960;CHEMBL69964;CHEMBL80155,BRICS,True
GEN_25972E76,Cc1cc(C)c(C(=O)N2CCN(c3cc(C(=O)O)cc(O)c3O)CC2)[nH]1,CHEMBL302552;CHEMBL304271;CHEMBL305194;CHEMBL432903;CHEMBL443268;CHEMBL65848;CHEMBL66570;CHEMBL67003;CHEMBL67057;CHEMBL68920;CHEMBL69629;CHEMBL69960;CHEMBL69964;CHEMBL80155,BRICS,True
GEN_281BD28B,O=C(O)c1cc(O)c(O)c(N2CCN(C(=O)c3ccccn3)CC2)c1,CHEMBL137635;CHEMBL138125;CHEMBL302552;CHEMBL304271;CHEMBL305194;CHEMBL432903;CHEMBL443268;CHEMBL65848;CHEMBL66570;CHEMBL67003;CHEMBL67057;CHEMBL69629;CHEMBL69960;CHEMBL69964;CHEMBL80155,BRICS,True
GEN_EBBE24A0,Nc1ccc2ncnc(C(=O)N3CCN(c4cc(C(=O)O)cc(O)c4O)CC3)c2c1,CHEMBL136492;CHEMBL302552;CHEMBL304271;CHEMBL305194;CHEMBL332096;CHEMBL336113;CHEMBL343352;CHEMBL432903;CHEMBL443268;CHEMBL52765;CHEMBL65848;CHEMBL66570;CHEMBL67003;CHEMBL67057;CHEMBL69629;CHEMBL69960;CHEMBL69964;CHEMBL80155,BRICS,True
GEN_1E133F8C,CN(C)/N=N/c1ccc2ncnc(C(=O)N3CCN(c4cc(C(=O)O)cc(O)c4O)CC3)c2c1,CHEMBL136491;CHEMBL302552;CHEMBL304271;CHEMBL305194;CHEMBL344652;CHEMBL432903;CHEMBL443268;CHEMBL65848;CHEMBL66570;CHEMBL67003;CHEMBL67057;CHEMBL69629;CHEMBL69960;CHEMBL69964;CHEMBL80155,BRICS,True
GEN_1C37801D,O=C(O)c1cc(O)c(O)c(N2CCN(c3ccc4c(ccn4-c4cc(O)ccc4[N+](=O)[O-])c3)CC2)c1,CHEMBL305194;CHEMBL66570;CHEMBL67057;CHEMBL77085;CHEMBL80155,BRICS,True
GEN_B268682D,O=Cc1ccc(-n2ccc3cc(N4CCN(c5cc(C(=O)O)cc(O)c5O)CC4)ccc32)cc1,CHEMBL305194;CHEMBL311119;CHEMBL66570;CHEMBL67057;CHEMBL76985;CHEMBL80155,BRICS,True
GEN_781585FF,O=C(O)c1cc(O)c(O)c(N2CCN(c3ccc4c(ccn4-c4cccc(Br)c4)c3)CC2)c1,CHEMBL137364;CHEMBL138125;CHEMBL305194;CHEMBL52765;CHEMBL66570;CHEMBL67057;CHEMBL80155,BRICS,True
GEN_9E08AF41,O=C(O)c1cc(O)c(O)c(N2CCN(c3ccc4c(ccn4-c4cccc(Cl)c4)c3)CC2)c1,CHEMBL133024;CHEMBL136491;CHEMBL305194;CHEMBL343352;CHEMBL66570;CHEMBL67057;CHEMBL80155,BRICS,True
GEN_F7689E53,Cc1cccc(-n2ccc3cc(N4CCN(c5cc(C(=O)O)cc(O)c5O)CC4)ccc32)c1,CHEMBL305194;CHEMBL336113;CHEMBL66570;CHEMBL67057;CHEMBL80155,BRICS,True
GEN_8C5F3681,O=C(O)c1cc(O)c(O)c(N2CCN(c3ccc4c(ccn4-c4ccc(F)c(Cl)c4)c3)CC2)c1,CHEMBL302552;CHEMBL304271;CHEMBL305194;CHEMBL308645;CHEMBL432903;CHEMBL443268;CHEMBL66570;CHEMBL67057;CHEMBL68920;CHEMBL69629;CHEMBL69960;CHEMBL69964;CHEMBL80155,BRICS,True
GEN_ACED15C0,O=C(O)c1cc(O)c(O)c(N2CCN(c3ccc4c(ccn4-c4ccc5c(c4)CCC5)c3)CC2)c1,CHEMBL305194;CHEMBL65848;CHEMBL66570;CHEMBL67057;CHEMBL80155,BRICS,True
GEN_772AD3C0,O=C(O)c1cc(O)c(O)c(N2CCN(c3ccc4c(ccn4-c4ccc(O)c([N+](=O)[O-])c4)c3)CC2)c1,CHEMBL305194;CHEMBL309625;CHEMBL66570;CHEMBL67057;CHEMBL80155,BRICS,True
GEN_78EF39F4,O=C(O)c1cc(O)c(O)c(N2CCN(c3ccc4c(ccn4-c4cc(O)cc(O)c4)c3)CC2)c1,CHEMBL305194;CHEMBL66570;CHEMBL67057;CHEMBL76905;CHEMBL80155,BRICS,True
GEN_E7E34C11,O=C(O)c1cc(O)c(O)c(N2CCN(c3ccc4c(ccn4-c4cc(O)ccc4O)c3)CC2)c1,CHEMBL305194;CHEMBL66570;CHEMBL67057;CHEMBL76642;CHEMBL80155,BRICS,True
GEN_29A52C3C,O=C(O)c1cc(O)c(O)c(N2CCN(c3ccc4c(ccn4-c4ccccc4)c3)CC2)c1,CHEMBL135592;CHEMBL136492;CHEMBL137635;CHEMBL305194;CHEMBL332096;CHEMBL344652;CHEMBL66570;CHEMBL67003;CHEMBL67057;CHEMBL80155,BRICS,True
GEN_B38B17D8,O=C(O)c1cc(O)c(O)c(N2CCN(c3ccc4c(ccn4-c4ccc(O)c(O)c4)c3)CC2)c1,CHEMBL296407;CHEMBL305194;CHEMBL66570;CHEMBL67057;CHEMBL76904;CHEMBL80155,BRICS,True
GEN_E902AEFD,O=C(O)c1cc(O)c(O)c(N2CCN(c3ccc4c(ccn4-c4ccc(O)cc4)c3)CC2)c1,CHEMBL305194;CHEMBL66570;CHEMBL67057;CHEMBL76589;CHEMBL80155,BRICS,True
GEN_F46E1BA0,O=C(O)c1cc(O)c(O)c(N2CCN(c3ccc4c(ccn4-c4cc(O)c(O)c(O)c4)c3)CC2)c1,CHEMBL305194;CHEMBL309598;CHEMBL310798;CHEMBL66570;CHEMBL67057;CHEMBL80155,BRICS,True
GEN_D8D813B6,C/N=N/Nc1ccc2ncnc(-n3ccc4cc(N5CCN(c6cc(C(=O)O)cc(O)c6O)CC5)ccc43)c2c1,CHEMBL133024;CHEMBL135592;CHEMBL305194;CHEMBL66570;CHEMBL67057;CHEMBL80155,BRICS,True
GEN_6B7B3966,Cc1cc(C)c(-n2ccc3cc(N4CCN(c5cc(C(=O)O)cc(O)c5O)CC4)ccc32)[nH]1,CHEMBL305194;CHEMBL66570;CHEMBL67057;CHEMBL68920;CHEMBL80155,BRICS,True
GEN_359A0FE8,O=C(O)c1cc(O)c(O)c(N2CCN(c3ccc4c(ccn4-c4ccccn4)c3)CC2)c1,CHEMBL137635;CHEMBL138125;CHEMBL305194;CHEMBL66570;CHEMBL67057;CHEMBL80155,BRICS,True
GEN_7D9D9415,Nc1ccc2ncnc(-n3ccc4cc(N5CCN(c6cc(C(=O)O)cc(O)c6O)CC5)ccc43)c2c1,CHEMBL136492;CHEMBL305194;CHEMBL332096;CHEMBL336113;CHEMBL343352;CHEMBL52765;CHEMBL66570;CHEMBL67057;CHEMBL80155,BRICS,True
GEN_986ECA76,CN(C)/N=N/c1ccc2ncnc(-n3ccc4cc(N5CCN(c6cc(C(=O)O)cc(O)c6O)CC5)ccc43)c2c1,CHEMBL136491;CHEMBL305194;CHEMBL344652;CHEMBL66570;CHEMBL67057;CHEMBL80155,BRICS,True
GEN_C3B81CAA,O=C(O)CCn1ccc2cc(N3CCN(c4cc(C(=O)O)cc(O)c4O)CC3)ccc21,CHEMBL305194;CHEMBL308645;CHEMBL66570;CHEMBL67057;CHEMBL80155,BRICS,True
GEN_3382727C,CN1C(=O)C(=C(C#N)C#N)c2c(N3CCN(c4cc(C(=O)O)cc(O)c4O)CC3)ncnc21,CHEMBL305194;CHEMBL309598;CHEMBL309625;CHEMBL310798;CHEMBL311119;CHEMBL443268;CHEMBL66570;CHEMBL76589;CHEMBL76904;CHEMBL76905;CHEMBL77085;CHEMBL80155,BRICS,True
GEN_0E106EB5,CN1C(=O)C(=C(C#N)C(N)=O)c2c(N3CCN(c4cc(C(=O)O)cc(O)c4O)CC3)ncnc21,CHEMBL296407;CHEMBL305194;CHEMBL443268;CHEMBL66570;CHEMBL80155,BRICS,True
GEN_D6DF6A98,CN1C(=O)C(=C(C#N)C(=O)O)c2c(N3CCN(c4cc(C(=O)O)cc(O)c4O)CC3)ncnc21,CHEMBL305194;CHEMBL443268;CHEMBL66570;CHEMBL76642;CHEMBL76985;CHEMBL80155,BRICS,True
GEN_31D1408D,C/N=N/Nc1ccc2ncnc(-c3cc(O)c(O)c(N4CCN(c5cc(C(=O)O)cc(O)c5O)CC4)c3)c2c1,CHEMBL133024;CHEMBL135592;CHEMBL305194;CHEMBL66570;CHEMBL80155,BRICS,True
GEN_316FD17C,Cc1cc(C)c(-c2cc(O)c(O)c(N3CCN(c4cc(C(=O)O)cc(O)c4O)CC3)c2)[nH]1,CHEMBL305194;CHEMBL66570;CHEMBL68920;CHEMBL80155,BRICS,True
GEN_EFBE4862,O=C(O)c1cc(O)c(O)c(N2CCN(c3cc(-c4ccccn4)cc(O)c3O)CC2)c1,CHEMBL137635;CHEMBL138125;CHEMBL305194;CHEMBL66570;CHEMBL80155,BRICS,True
GEN_F34870C8,Nc1ccc2ncnc(-c3cc(O)c(O)c(N4CCN(c5cc(C(=O)O)cc(O)c5O)CC4)c3)c2c1,CHEMBL136492;CHEMBL305194;CHEMBL332096;CHEMBL336113;CHEMBL343352;CHEMBL52765;CHEMBL66570;CHEMBL80155,BRICS,True
GEN_675E3D2E,CN(C)/N=N/c1ccc2ncnc(-c3cc(O)c(O)c(N4CCN(c5cc(C(=O)O)cc(O)c5O)CC4)c3)c2c1,CHEMBL136491;CHEMBL305194;CHEMBL344652;CHEMBL66570;CHEMBL80155,BRICS,True
GEN_015E5060,O=C(O)c1cc(O)c(O)c(N2CCN(c3cc(C(=O)O)cc(O)c3O)CC2)c1,CHEMBL305194;CHEMBL66570;CHEMBL80155,BRICS,True
GEN_7C33FB07,O=C(O)c1cc(O)c(O)c(N2CCN(c3cc(-c4cc(O)ccc4[N+](=O)[O-])cc(O)c3O)CC2)c1,CHEMBL305194;CHEMBL66570;CHEMBL77085;CHEMBL80155,BRICS,True
GEN_A2B3C6D0,O=Cc1ccc(-c2cc(O)c(O)c(N3CCN(c4cc(C(=O)O)cc(O)c4O)CC3)c2)cc1,CHEMBL305194;CHEMBL311119;CHEMBL66570;CHEMBL76985;CHEMBL80155,BRICS,True
GEN_323CBF30,O=C(O)c1cc(O)c(O)c(N2CCN(c3cc(-c4cccc(Br)c4)cc(O)c3O)CC2)c1,CHEMBL137364;CHEMBL138125;CHEMBL305194;CHEMBL52765;CHEMBL66570;CHEMBL80155,BRICS,True
GEN_0C3310AF,O=C(O)c1cc(O)c(O)c(N2CCN(c3cc(-c4cccc(Cl)c4)cc(O)c3O)CC2)c1,CHEMBL133024;CHEMBL136491;CHEMBL305194;CHEMBL343352;CHEMBL66570;CHEMBL80155,BRICS,True
GEN_A3A3B5EC,Cc1cccc(-c2cc(O)c(O)c(N3CCN(c4cc(C(=O)O)cc(O)c4O)CC3)c2)c1,CHEMBL305194;CHEMBL336113;CHEMBL66570;CHEMBL80155,BRICS,True
GEN_D2A07C75,O=C(O)c1cc(O)c(O)c(N2CCN(c3cc(-c4ccc(F)c(Cl)c4)cc(O)c3O)CC2)c1,CHEMBL302552;CHEMBL304271;CHEMBL305194;CHEMBL308645;CHEMBL432903;CHEMBL443268;CHEMBL66570;CHEMBL68920;CHEMBL69629;CHEMBL69960;CHEMBL69964;CHEMBL80155,BRICS,True
GEN_1458F2DC,O=C(O)c1cc(O)c(O)c(N2CCN(c3cc(-c4ccc5c(c4)CCC5)cc(O)c3O)CC2)c1,CHEMBL305194;CHEMBL65848;CHEMBL66570;CHEMBL80155,BRICS,True
GEN_DFD02055,O=C(O)c1cc(O)c(O)c(N2CCN(c3cc(-c4ccc(O)c([N+](=O)[O-])c4)cc(O)c3O)CC2)c1,CHEMBL305194;CHEMBL309625;CHEMBL66570;CHEMBL80155,BRICS,True
GEN_6D52A8DC,O=C(O)c1cc(O)c(O)c(N2CCN(c3cc(-c4cc(O)cc(O)c4)cc(O)c3O)CC2)c1,CHEMBL305194;CHEMBL66570;CHEMBL76905;CHEMBL80155,BRICS,True
GEN_CBC9A205,O=C(O)c1cc(O)c(O)c(N2CCN(c3cc(-c4cc(O)ccc4O)cc(O)c3O)CC2)c1,CHEMBL305194;CHEMBL66570;CHEMBL76642;CHEMBL80155,BRICS,True
GEN_F0BD009B,O=C(O)c1cc(O)c(O)c(N2CCN(c3cc(-c4ccccc4)cc(O)c3O)CC2)c1,CHEMBL135592;CHEMBL136492;CHEMBL137635;CHEMBL305194;CHEMBL332096;CHEMBL344652;CHEMBL66570;CHEMBL67003;CHEMBL67057;CHEMBL80155,BRICS,True
GEN_43D4476D,O=C(O)c1cc(O)c(O)c(N2CCN(c3cc(-c4ccc(O)c(O)c4)cc(O)c3O)CC2)c1,CHEMBL296407;CHEMBL305194;CHEMBL66570;CHEMBL76904;CHEMBL80155,BRICS,True
GEN_7485B848,O=C(O)c1cc(O)c(O)c(N2CCN(c3cc(-c4ccc(O)cc4)cc(O)c3O)CC2)c1,CHEMBL305194;CHEMBL66570;CHEMBL76589;CHEMBL80155,BRICS,True
GEN_9A40EAFE,O=C(O)c1cc(O)c(O)c(N2CCN(c3cc(-c4cc(O)c(O)c(O)c4)cc(O)c3O)CC2)c1,CHEMBL305194;CHEMBL309598;CHEMBL310798;CHEMBL66570;CHEMBL80155,BRICS,True
GEN_D2231D12,O=C(O)CCc1cc(O)c(O)c(N2CCN(c3cc(C(=O)O)cc(O)c3O)CC2)c1,CHEMBL305194;CHEMBL308645;CHEMBL66570;CHEMBL80155,BRICS,True
GEN_B3F70D1F,CN1CCN(c2cc(O)c(O)c(N3CCN(c4cc(C(=O)O)cc(O)c4O)CC3)c2)CC1,CHEMBL305194;CHEMBL66570;CHEMBL69964;CHEMBL80155,BRICS,True
GEN_2E7DE19B,O=C(O)c1cc(O)c(O)c(N2CCN(c3cc(N4CCOCC4)cc(O)c3O)CC2)c1,CHEMBL137364;CHEMBL302552;CHEMBL305194;CHEMBL443268;CHEMBL65848;CHEMBL66570;CHEMBL67003;CHEMBL67057;CHEMBL69629;CHEMBL69960;CHEMBL80155,BRICS,True
GEN_C1445C42,COc1cc(O)c(O)c(N2CCN(c3cc(C(=O)O)cc(O)c3O)CC2)c1,CHEMBL305194;CHEMBL66570;CHEMBL80155,BRICS,True
GEN_CF671ECE,C/N=N/Nc1ccc2ncnc(CN3CCN(c4cc(C(=O)O)cc(O)c4O)CC3)c2c1,CHEMBL133024;CHEMBL135592;CHEMBL305194;CHEMBL332096;CHEMBL66570;CHEMBL80155,BRICS,True
GEN_2C14E30E,Cc1cc(C)c(CN2CCN(c3cc(C(=O)O)cc(O)c3O)CC2)[nH]1,CHEMBL305194;CHEMBL332096;CHEMBL66570;CHEMBL68920;CHEMBL80155,BRICS,True
GEN_80BBA8C0,O=C(O)c1cc(O)c(O)c(N2CCN(Cc3ccccn3)CC2)c1,CHEMBL137635;CHEMBL138125;CHEMBL305194;CHEMBL332096;CHEMBL66570;CHEMBL80155,BRICS,True
GEN_054F5D73,Nc1ccc2ncnc(CN3CCN(c4cc(C(=O)O)cc(O)c4O)CC3)c2c1,CHEMBL136492;CHEMBL305194;CHEMBL332096;CHEMBL336113;CHEMBL343352;CHEMBL52765;CHEMBL66570;CHEMBL80155,BRICS,True
GEN_C83042F3,CN(C)/N=N/c1ccc2ncnc(CN3CCN(c4cc(C(=O)O)cc(O)c4O)CC3)c2c1,CHEMBL136491;CHEMBL305194;CHEMBL332096;CHEMBL344652;CHEMBL66570;CHEMBL80155,BRICS,True
GEN_E5BAD8BF,O=C(O)c1cc(O)c(O)c(N2CCN(Cc3cc(O)ccc3[N+](=O)[O-])CC2)c1,CHEMBL305194;CHEMBL332096;CHEMBL66570;CHEMBL77085;CHEMBL80155,BRICS,True
GEN_D6448D45,O=Cc1ccc(CN2CCN(c3cc(C(=O)O)cc(O)c3O)CC2)cc1,CHEMBL305194;CHEMBL311119;CHEMBL332096;CHEMBL66570;CHEMBL76985;CHEMBL80155,BRICS,True
GEN_C85A134B,O=C(O)c1cc(O)c(O)c(N2CCN(Cc3cccc(Br)c3)CC2)c1,CHEMBL137364;CHEMBL138125;CHEMBL305194;CHEMBL332096;CHEMBL52765;CHEMBL66570;CHEMBL80155,BRICS,True
GEN_F31C29EB,O=C(O)c1cc(O)c(O)c(N2CCN(Cc3cccc(Cl)c3)CC2)c1,CHEMBL133024;CHEMBL136491;CHEMBL305194;CHEMBL332096;CHEMBL343352;CHEMBL66570;CHEMBL80155,BRICS,True
GEN_1B632668,Cc1cccc(CN2CCN(c3cc(C(=O)O)cc(O)c3O)CC2)c1,CHEMBL305194;CHEMBL332096;CHEMBL336113;CHEMBL66570;CHEMBL80155,BRICS,True
GEN_DB5937DE,O=C(O)c1cc(O)c(O)c(N2CCN(Cc3ccc(F)c(Cl)c3)CC2)c1,CHEMBL302552;CHEMBL304271;CHEMBL305194;CHEMBL308645;CHEMBL332096;CHEMBL432903;CHEMBL443268;CHEMBL66570;CHEMBL68920;CHEMBL69629;CHEMBL69960;CHEMBL69964;CHEMBL80155,BRICS,True
GEN_A512580B,O=C(O)c1cc(O)c(O)c(N2CCN(Cc3ccc4c(c3)CCC4)CC2)c1,CHEMBL305194;CHEMBL332096;CHEMBL65848;CHEMBL66570;CHEMBL80155,BRICS,True
GEN_4C38D403,O=C(O)c1cc(O)c(O)c(N2CCN(Cc3ccc(O)c([N+](=O)[O-])c3)CC2)c1,CHEMBL305194;CHEMBL309625;CHEMBL332096;CHEMBL66570;CHEMBL80155,BRICS,True
GEN_35A830E6,O=C(O)c1cc(O)c(O)c(N2CCN(Cc3cc(O)cc(O)c3)CC2)c1,CHEMBL305194;CHEMBL332096;CHEMBL66570;CHEMBL76905;CHEMBL80155,BRICS,True
GEN_68FDB26E,O=C(O)c1cc(O)c(O)c(N2CCN(Cc3cc(O)ccc3O)CC2)c1,CHEMBL305194;CHEMBL332096;CHEMBL66570;CHEMBL76642;CHEMBL80155,BRICS,True
GEN_D0FCDE2F,O=C(O)c1cc(O)c(O)c(N2CCN(Cc3ccccc3)CC2)c1,CHEMBL135592;CHEMBL136492;CHEMBL137635;CHEMBL305194;CHEMBL332096;CHEMBL344652;CHEMBL66570;CHEMBL67003;CHEMBL67057;CHEMBL80155,BRICS,True
GEN_62A11957,O=C(O)c1cc(O)c(O)c(N2CCN(Cc3ccc(O)c(O)c3)CC2)c1,CHEMBL296407;CHEMBL305194;CHEMBL332096;CHEMBL66570;CHEMBL76904;CHEMBL80155,BRICS,True
GEN_29A289C1,O=C(O)c1cc(O)c(O)c(N2CCN(Cc3ccc(O)cc3)CC2)c1,CHEMBL305194;CHEMBL332096;CHEMBL66570;CHEMBL76589;CHEMBL80155,BRICS,True
GEN_1EFC00D2,O=C(O)c1cc(O)c(O)c(N2CCN(Cc3cc(O)c(O)c(O)c3)CC2)c1,CHEMBL305194;CHEMBL309598;CHEMBL310798;CHEMBL332096;CHEMBL66570;CHEMBL80155,BRICS,True
GEN_BB5A66AF,CN1CCN(CC(O)CN2CCN(c3cc(C(=O)O)cc(O)c3O)CC2)CC1,CHEMBL304271;CHEMBL305194;CHEMBL66570;CHEMBL69964;CHEMBL80155,BRICS,True
GEN_B1DA3B3D,O=C(O)c1cc(O)c(O)c(N2CCN(CC(O)CN3CCOCC3)CC2)c1,CHEMBL137364;CHEMBL302552;CHEMBL304271;CHEMBL305194;CHEMBL443268;CHEMBL65848;CHEMBL66570;CHEMBL67003;CHEMBL67057;CHEMBL69629;CHEMBL69960;CHEMBL80155,BRICS,True
GEN_B285D226,COCC(O)CN1CCN(c2cc(C(=O)O)cc(O)c2O)CC1,CHEMBL304271;CHEMBL305194;CHEMBL66570;CHEMBL80155,BRICS,True
GEN_FF6C7A99,C/N=N/Nc1ccc2ncnc(-c3c(C)[nH]c(N4CCN(c5cc(C(=O)O)cc(O)c5O)CC4)c3C)c2c1,CHEMBL133024;CHEMBL135592;CHEMBL305194;CHEMBL432903;CHEMBL66570;CHEMBL80155,BRICS,True
GEN_7221475C,Cc1cc(C)c(-c2c(C)[nH]c(N3CCN(c4cc(C(=O)O)cc(O)c4O)CC3)c2C)[nH]1,CHEMBL305194;CHEMBL432903;CHEMBL66570;CHEMBL68920;CHEMBL80155,BRICS,True
GEN_E12FF213,Cc1[nH]c(N2CCN(c3cc(C(=O)O)cc(O)c3O)CC2)c(C)c1-c1ccccn1,CHEMBL137635;CHEMBL138125;CHEMBL305194;CHEMBL432903;CHEMBL66570;CHEMBL80155,BRICS,True
GEN_7DC38687,Cc1[nH]c(N2CCN(c3cc(C(=O)O)cc(O)c3O)CC2)c(C)c1-c1ncnc2ccc(N)cc12,CHEMBL136492;CHEMBL305194;CHEMBL332096;CHEMBL336113;CHEMBL343352;CHEMBL432903;CHEMBL52765;CHEMBL66570;CHEMBL80155,BRICS,True
GEN_30FA89A9,Cc1[nH]c(N2CCN(c3cc(C(=O)O)cc(O)c3O)CC2)c(C)c1-c1ncnc2ccc(/N=N/N(C)C)cc12,CHEMBL136491;CHEMBL305194;CHEMBL344652;CHEMBL432903;CHEMBL66570;CHEMBL80155,BRICS,True
GEN_AA4DC2F0,Cc1[nH]c(N2CCN(c3cc(C(=O)O)cc(O)c3O)CC2)c(C)c1C(=O)O,CHEMBL305194;CHEMBL432903;CHEMBL66570;CHEMBL80155,BRICS,True
GEN_07C847B2,Cc1[nH]c(N2CCN(c3cc(C(=O)O)cc(O)c3O)CC2)c(C)c1-c1cc(O)ccc1[N+](=O)[O-],CHEMBL305194;CHEMBL432903;CHEMBL66570;CHEMBL77085;CHEMBL80155,BRICS,True
GEN_4A5F6B54,Cc1[nH]c(N2CCN(c3cc(C(=O)O)cc(O)c3O)CC2)c(C)c1-c1ccc(C=O)cc1,CHEMBL305194;CHEMBL311119;CHEMBL432903;CHEMBL66570;CHEMBL76985;CHEMBL80155,BRICS,True
GEN_3180EE14,Cc1[nH]c(N2CCN(c3cc(C(=O)O)cc(O)c3O)CC2)c(C)c1-c1cccc(Br)c1,CHEMBL137364;CHEMBL138125;CHEMBL305194;CHEMBL432903;CHEMBL52765;CHEMBL66570;CHEMBL80155,BRICS,True
GEN_E61A3F39,Cc1[nH]c(N2CCN(c3cc(C(=O)O)cc(O)c3O)CC2)c(C)c1-c1cccc(Cl)c1,CHEMBL133024;CHEMBL136491;CHEMBL305194;CHEMBL343352;CHEMBL432903;CHEMBL66570;CHEMBL80155,BRICS,True
GEN_EA2FEBCF,Cc1cccc(-c2c(C)[nH]c(N3CCN(c4cc(C(=O)O)cc(O)c4O)CC3)c2C)c1,CHEMBL305194;CHEMBL336113;CHEMBL432903;CHEMBL66570;CHEMBL80155,BRICS,True
GEN_1C53C5DF,Cc1[nH]c(N2CCN(c3cc(C(=O)O)cc(O)c3O)CC2)c(C)c1-c1ccc(F)c(Cl)c1,CHEMBL302552;CHEMBL304271;CHEMBL305194;CHEMBL308645;CHEMBL432903;CHEMBL443268;CHEMBL66570;CHEMBL68920;CHEMBL69629;CHEMBL69960;CHEMBL69964;CHEMBL80155,BRICS,True
GEN_DD867514,Cc1[nH]c(N2CCN(c3cc(C(=O)O)cc(O)c3O)CC2)c(C)c1-c1ccc2c(c1)CCC2,CHEMBL305194;CHEMBL432903;CHEMBL65848;CHEMBL66570;CHEMBL80155,BRICS,True
GEN_6B4218C6,Cc1[nH]c(N2CCN(c3cc(C(=O)O)cc(O)c3O)CC2)c(C)c1-c1ccc(O)c([N+](=O)[O-])c1,CHEMBL305194;CHEMBL309625;CHEMBL432903;CHEMBL66570;CHEMBL80155,BRICS,True
GEN_55A60E36,Cc1[nH]c(N2CCN(c3cc(C(=O)O)cc(O)c3O)CC2)c(C)c1-c1cc(O)cc(O)c1,CHEMBL305194;CHEMBL432903;CHEMBL66570;CHEMBL76905;CHEMBL80155,BRICS,True
GEN_5B9848C6,Cc1[nH]c(N2CCN(c3cc(C(=O)O)cc(O)c3O)CC2)c(C)c1-c1cc(O)ccc1O,CHEMBL305194;CHEMBL432903;CHEMBL66570;CHEMBL76642;CHEMBL80155,BRICS,True
GEN_64B70972,Cc1[nH]c(N2CCN(c3cc(C(=O)O)cc(O)c3O)CC2)c(C)c1-c1ccccc1,CHEMBL135592;CHEMBL136492;CHEMBL137635;CHEMBL305194;CHEMBL332096;CHEMBL344652;CHEMBL432903;CHEMBL66570;CHEMBL67003;CHEMBL67057;CHEMBL80155,BRICS,True
GEN_5D4C7F34,Cc1[nH]c(N2CCN(c3cc(C(=O)O)cc(O)c3O)CC2)c(C)c1-c1ccc(O)c(O)c1,CHEMBL296407;CHEMBL305194;CHEMBL432903;CHEMBL66570;CHEMBL76904;CHEMBL80155,BRICS,True
GEN_CE0C3B46,Cc1[nH]c(N2CCN(c3cc(C(=O)O)cc(O)c3O)CC2)c(C)c1-c1ccc(O)cc1,CHEMBL305194;CHEMBL432903;CHEMBL66570;CHEMBL76589;CHEMBL80155,BRICS,True
GEN_7E84A8C9,Cc1[nH]c(N2CCN(c3cc(C(=O)O)cc(O)c3O)CC2)c(C)c1-c1cc(O)c(O)c(O)c1,CHEMBL305194;CHEMBL309598;CHEMBL310798;CHEMBL432903;CHEMBL66570;CHEMBL80155,BRICS,True
GEN_9614EECC,Cc1[nH]c(N2CCN(c3cc(C(=O)O)cc(O)c3O)CC2)c(C)c1CCC(=O)O,CHEMBL305194;CHEMBL308645;CHEMBL432903;CHEMBL66570;CHEMBL80155,BRICS,True
GEN_ADDCC198,Cc1[nH]c(N2CCN(c3cc(C(=O)O)cc(O)c3O)CC2)c(C)c1N1CCN(C)CC1,CHEMBL305194;CHEMBL432903;CHEMBL66570;CHEMBL69964;CHEMBL80155,BRICS,True
GEN_DF073CBC,Cc1[nH]c(N2CCN(c3cc(C(=O)O)cc(O)c3O)CC2)c(C)c1N1CCOCC1,CHEMBL137364;CHEMBL302552;CHEMBL305194;CHEMBL432903;CHEMBL443268;CHEMBL65848;CHEMBL66570;CHEMBL67003;CHEMBL67057;CHEMBL69629;CHEMBL69960;CHEMBL80155,BRICS,True
GEN_D7C8B36A,COc1c(C)[nH]c(N2CCN(c3cc(C(=O)O)cc(O)c3O)CC2)c1C,CHEMBL305194;CHEMBL432903;CHEMBL66570;CHEMBL80155,BRICS,True
GEN_7E7F96B7,C/N=N/Nc1ccc2ncnc(C/N=N/Nc3ccc4ncnc(N5CCN(c6cc(C(=O)O)cc(O)c6O)CC5)c4c3)c2c1,CHEMBL133024;CHEMBL135592;CHEMBL137635;CHEMBL138125;CHEMBL305194;CHEMBL66570;CHEMBL80155,BRICS,True
GEN_25F4573C,Cc1cc(C)c(C/N=N/Nc2ccc3ncnc(N4CCN(c5cc(C(=O)O)cc(O)c5O)CC4)c3c2)[nH]1,CHEMBL137635;CHEMBL138125;CHEMBL305194;CHEMBL66570;CHEMBL68920;CHEMBL80155,BRICS,True
GEN_5BF8D99F,O=C(O)c1cc(O)c(O)c(N2CCN(c3ncnc4ccc(N/N=N/Cc5ccccn5)cc34)CC2)c1,CHEMBL137635;CHEMBL138125;CHEMBL305194;CHEMBL66570;CHEMBL80155,BRICS,True
GEN_BE8ABAED,Nc1ccc2ncnc(C/N=N/Nc3ccc4ncnc(N5CCN(c6cc(C(=O)O)cc(O)c6O)CC5)c4c3)c2c1,CHEMBL136492;CHEMBL137635;CHEMBL138125;CHEMBL305194;CHEMBL332096;CHEMBL336113;CHEMBL343352;CHEMBL52765;CHEMBL66570;CHEMBL80155,BRICS,True
GEN_37C4797C,CN(C)/N=N/c1ccc2ncnc(C/N=N/Nc3ccc4ncnc(N5CCN(c6cc(C(=O)O)cc(O)c6O)CC5)c4c3)c2c1,CHEMBL136491;CHEMBL137635;CHEMBL138125;CHEMBL305194;CHEMBL344652;CHEMBL66570;CHEMBL80155,BRICS,True
GEN_0A10AB45,O=C(O)c1cc(O)c(O)c(N2CCN(c3ncnc4ccc(N/N=N/Cc5cc(O)ccc5[N+](=O)[O-])cc34)CC2)c1,CHEMBL137635;CHEMBL138125;CHEMBL305194;CHEMBL66570;CHEMBL77085;CHEMBL80155,BRICS,True
GEN_7269812B,O=Cc1ccc(C/N=N/Nc2ccc3ncnc(N4CCN(c5cc(C(=O)O)cc(O)c5O)CC4)c3c2)cc1,CHEMBL137635;CHEMBL138125;CHEMBL305194;CHEMBL311119;CHEMBL66570;CHEMBL76985;CHEMBL80155,BRICS,True
GEN_E51108FB,O=C(O)c1cc(O)c(O)c(N2CCN(c3ncnc4ccc(N/N=N/Cc5cccc(Br)c5)cc34)CC2)c1,CHEMBL137364;CHEMBL137635;CHEMBL138125;CHEMBL305194;CHEMBL52765;CHEMBL66570;CHEMBL80155,BRICS,True
GEN_5407BCF6,O=C(O)c1cc(O)c(O)c(N2CCN(c3ncnc4ccc(N/N=N/Cc5cccc(Cl)c5)cc34)CC2)c1,CHEMBL133024;CHEMBL136491;CHEMBL137635;CHEMBL138125;CHEMBL305194;CHEMBL343352;CHEMBL66570;CHEMBL80155,BRICS,True
GEN_D2FEF18F,Cc1cccc(C/N=N/Nc2ccc3ncnc(N4CCN(c5cc(C(=O)O)cc(O)c5O)CC4)c3c2)c1,CHEMBL137635;CHEMBL138125;CHEMBL305194;CHEMBL336113;CHEMBL66570;CHEMBL80155,BRICS,True
GEN_62980D76,O=C(O)c1cc(O)c(O)c(N2CCN(c3ncnc4ccc(N/N=N/Cc5ccc(F)c(Cl)c5)cc34)CC2)c1,CHEMBL137635;CHEMBL138125;CHEMBL302552;CHEMBL304271;CHEMBL305194;CHEMBL308645;CHEMBL432903;CHEMBL443268;CHEMBL66570;CHEMBL68920;CHEMBL69629;CHEMBL69960;CHEMBL69964;CHEMBL80155,BRICS,True
GEN_21BAB539,O=C(O)c1cc(O)c(O)c(N2CCN(c3ncnc4ccc(N/N=N/Cc5ccc6c(c5)CCC6)cc34)CC2)c1,CHEMBL137635;CHEMBL138125;CHEMBL305194;CHEMBL65848;CHEMBL66570;CHEMBL80155,BRICS,True
GEN_A507FE10,O=C(O)c1cc(O)c(O)c(N2CCN(c3ncnc4ccc(N/N=N/Cc5ccc(O)c([N+](=O)[O-])c5)cc34)CC2)c1,CHEMBL137635;CHEMBL138125;CHEMBL305194;CHEMBL309625;CHEMBL66570;CHEMBL80155,BRICS,True
GEN_15140FC2,O=C(O)c1cc(O)c(O)c(N2CCN(c3ncnc4ccc(N/N=N/Cc5cc(O)cc(O)c5)cc34)CC2)c1,CHEMBL137635;CHEMBL138125;CHEMBL305194;CHEMBL66570;CHEMBL76905;CHEMBL80155,BRICS,True
GEN_C6FE7963,O=C(O)c1cc(O)c(O)c(N2CCN(c3ncnc4ccc(N/N=N/Cc5cc(O)ccc5O)cc34)CC2)c1,CHEMBL137635;CHEMBL138125;CHEMBL305194;CHEMBL66570;CHEMBL76642;CHEMBL80155,BRICS,True
GEN_5AD48182,O=C(O)c1cc(O)c(O)c(N2CCN(c3ncnc4ccc(N/N=N/Cc5ccccc5)cc34)CC2)c1,CHEMBL135592;CHEMBL136492;CHEMBL137635;CHEMBL138125;CHEMBL305194;CHEMBL332096;CHEMBL344652;CHEMBL66570;CHEMBL67003;CHEMBL67057;CHEMBL80155,BRICS,True
GEN_53D98013,O=C(O)c1cc(O)c(O)c(N2CCN(c3ncnc4ccc(N/N=N/Cc5ccc(O)c(O)c5)cc34)CC2)c1,CHEMBL137635;CHEMBL138125;CHEMBL296407;CHEMBL305194;CHEMBL66570;CHEMBL76904;CHEMBL80155,BRICS,True
GEN_26211C56,O=C(O)c1cc(O)c(O)c(N2CCN(c3ncnc4ccc(N/N=N/Cc5ccc(O)cc5)cc34)CC2)c1,CHEMBL137635;CHEMBL138125;CHEMBL305194;CHEMBL66570;CHEMBL76589;CHEMBL80155,BRICS,True
GEN_044394C2,O=C(O)c1cc(O)c(O)c(N2CCN(c3ncnc4ccc(N/N=N/Cc5cc(O)c(O)c(O)c5)cc34)CC2)c1,CHEMBL137635;CHEMBL138125;CHEMBL305194;CHEMBL309598;CHEMBL310798;CHEMBL66570;CHEMBL80155,BRICS,True
GEN_F37C6256,CN1CCN(CC/N=N/Nc2ccc3ncnc(N4CCN(c5cc(C(=O)O)cc(O)c5O)CC4)c3c2)CC1,CHEMBL137364;CHEMBL305194;CHEMBL66570;CHEMBL69964;CHEMBL80155,BRICS,True
GEN_4BCE92C8,O=C(O)c1cc(O)c(O)c(N2CCN(c3ncnc4ccc(N/N=N/CCN5CCOCC5)cc34)CC2)c1,CHEMBL137364;CHEMBL302552;CHEMBL305194;CHEMBL443268;CHEMBL65848;CHEMBL66570;CHEMBL67003;CHEMBL67057;CHEMBL69629;CHEMBL69960;CHEMBL80155,BRICS,True
GEN_BA69DE9A,COCC/N=N/Nc1ccc2ncnc(N3CCN(c4cc(C(=O)O)cc(O)c4O)CC3)c2c1,CHEMBL137364;CHEMBL305194;CHEMBL66570;CHEMBL80155,BRICS,True
GEN_2E6017E3,N#CC(C#N)=C1C(=O)Nc2ncnc(N3CCN(c4cc(C(=O)O)cc(O)c4O)CC3)c21,CHEMBL302552;CHEMBL304271;CHEMBL305194;CHEMBL308645;CHEMBL309598;CHEMBL309625;CHEMBL310798;CHEMBL311119;CHEMBL432903;CHEMBL65848;CHEMBL66570;CHEMBL67003;CHEMBL67057;CHEMBL68920;CHEMBL69629;CHEMBL69960;CHEMBL69964;CHEMBL76589;CHEMBL76904;CHEMBL76905;CHEMBL77085;CHEMBL80155,BRICS,True
GEN_529E4145,N#CC(C(N)=O)=C1C(=O)Nc2ncnc(N3CCN(c4cc(C(=O)O)cc(O)c4O)CC3)c21,CHEMBL296407;CHEMBL302552;CHEMBL304271;CHEMBL305194;CHEMBL308645;CHEMBL432903;CHEMBL65848;CHEMBL66570;CHEMBL67003;CHEMBL67057;CHEMBL68920;CHEMBL69629;CHEMBL69960;CHEMBL69964;CHEMBL80155,BRICS,True
GEN_675DD973,N#CC(C(=O)O)=C1C(=O)Nc2ncnc(N3CCN(c4cc(C(=O)O)cc(O)c4O)CC3)c21,CHEMBL302552;CHEMBL304271;CHEMBL305194;CHEMBL308645;CHEMBL432903;CHEMBL65848;CHEMBL66570;CHEMBL67003;CHEMBL67057;CHEMBL68920;CHEMBL69629;CHEMBL69960;CHEMBL69964;CHEMBL76642;CHEMBL76985;CHEMBL80155,BRICS,True
GEN_86A64D4A,CN1CCN(CCN2CCN(c3cc(C(=O)O)cc(O)c3O)CC2)CC1,CHEMBL302552;CHEMBL305194;CHEMBL432903;CHEMBL443268;CHEMBL66570;CHEMBL69629;CHEMBL69964;CHEMBL80155,BRICS,True
GEN_EDBF7EDB,O=C(O)c1cc(O)c(O)c(N2CCN(CCN3CCOCC3)CC2)c1,CHEMBL137364;CHEMBL302552;CHEMBL305194;CHEMBL432903;CHEMBL443268;CHEMBL65848;CHEMBL66570;CHEMBL67003;CHEMBL67057;CHEMBL69629;CHEMBL69960;CHEMBL80155,BRICS,True
GEN_8BC5C16B,COCCN1CCN(c2cc(C(=O)O)cc(O)c2O)CC1,CHEMBL302552;CHEMBL305194;CHEMBL432903;CHEMBL443268;CHEMBL66570;CHEMBL69629;CHEMBL80155,BRICS,True
GEN_C2C0FEEA,Cc1cc(N2CCN(c3cc(C(=O)O)cc(O)c3O)CC2)[nH]c1-c1cc(O)ccc1[N+](=O)[O-],CHEMBL304271;CHEMBL305194;CHEMBL308645;CHEMBL443268;CHEMBL65848;CHEMBL66570;CHEMBL67003;CHEMBL67057;CHEMBL69629;CHEMBL69960;CHEMBL69964;CHEMBL77085;CHEMBL80155,BRICS,True
GEN_9AE98D8A,Cc1cc(N2CCN(c3cc(C(=O)O)cc(O)c3O)CC2)[nH]c1-c1ccc(C=O)cc1,CHEMBL304271;CHEMBL305194;CHEMBL308645;CHEMBL311119;CHEMBL443268;CHEMBL65848;CHEMBL66570;CHEMBL67003;CHEMBL67057;CHEMBL69629;CHEMBL69960;CHEMBL69964;CHEMBL76985;CHEMBL80155,BRICS,True
GEN_93AB6879,Cc1cc(N2CCN(c3cc(C(=O)O)cc(O)c3O)CC2)[nH]c1-c1cccc(Br)c1,CHEMBL137364;CHEMBL138125;CHEMBL304271;CHEMBL305194;CHEMBL308645;CHEMBL443268;CHEMBL52765;CHEMBL65848;CHEMBL66570;CHEMBL67003;CHEMBL67057;CHEMBL69629;CHEMBL69960;CHEMBL69964;CHEMBL80155,BRICS,True
GEN_8703106A,Cc1cc(N2CCN(c3cc(C(=O)O)cc(O)c3O)CC2)[nH]c1-c1cccc(Cl)c1,CHEMBL133024;CHEMBL136491;CHEMBL304271;CHEMBL305194;CHEMBL308645;CHEMBL343352;CHEMBL443268;CHEMBL65848;CHEMBL66570;CHEMBL67003;CHEMBL67057;CHEMBL69629;CHEMBL69960;CHEMBL69964;CHEMBL80155,BRICS,True
GEN_6B235B6B,Cc1cccc(-c2[nH]c(N3CCN(c4cc(C(=O)O)cc(O)c4O)CC3)cc2C)c1,CHEMBL304271;CHEMBL305194;CHEMBL308645;CHEMBL336113;CHEMBL443268;CHEMBL65848;CHEMBL66570;CHEMBL67003;CHEMBL67057;CHEMBL69629;CHEMBL69960;CHEMBL69964;CHEMBL80155,BRICS,True
GEN_1B44521C,Cc1cc(N2CCN(c3cc(C(=O)O)cc(O)c3O)CC2)[nH]c1-c1ccc(F)c(Cl)c1,CHEMBL302552;CHEMBL304271;CHEMBL305194;CHEMBL308645;CHEMBL432903;CHEMBL443268;CHEMBL65848;CHEMBL66570;CHEMBL67003;CHEMBL67057;CHEMBL68920;CHEMBL69629;CHEMBL69960;CHEMBL69964;CHEMBL80155,BRICS,True
GEN_EE173D66,Cc1cc(N2CCN(c3cc(C(=O)O)cc(O)c3O)CC2)[nH]c1-c1ccc2c(c1)CCC2,CHEMBL304271;CHEMBL305194;CHEMBL308645;CHEMBL443268;CHEMBL65848;CHEMBL66570;CHEMBL67003;CHEMBL67057;CHEMBL69629;CHEMBL69960;CHEMBL69964;CHEMBL80155,BRICS,True
GEN_355340C1,Cc1cc(N2CCN(c3cc(C(=O)O)cc(O)c3O)CC2)[nH]c1-c1ccc(O)c([N+](=O)[O-])c1,CHEMBL304271;CHEMBL305194;CHEMBL308645;CHEMBL309625;CHEMBL443268;CHEMBL65848;CHEMBL66570;CHEMBL67003;CHEMBL67057;CHEMBL69629;CHEMBL69960;CHEMBL69964;CHEMBL80155,BRICS,True
GEN_942C1397,Cc1cc(N2CCN(c3cc(C(=O)O)cc(O)c3O)CC2)[nH]c1-c1cc(O)cc(O)c1,CHEMBL304271;CHEMBL305194;CHEMBL308645;CHEMBL443268;CHEMBL65848;CHEMBL66570;CHEMBL67003;CHEMBL67057;CHEMBL69629;CHEMBL69960;CHEMBL69964;CHEMBL76905;CHEMBL80155,BRICS,True
GEN_CA0C3484,Cc1cc(N2CCN(c3cc(C(=O)O)cc(O)c3O)CC2)[nH]c1-c1cc(O)ccc1O,CHEMBL304271;CHEMBL305194;CHEMBL308645;CHEMBL443268;CHEMBL65848;CHEMBL66570;CHEMBL67003;CHEMBL67057;CHEMBL69629;CHEMBL69960;CHEMBL69964;CHEMBL76642;CHEMBL80155,BRICS,True
GEN_E66749E2,Cc1cc(N2CCN(c3cc(C(=O)O)cc(O)c3O)CC2)[nH]c1-c1ccccc1,CHEMBL135592;CHEMBL136492;CHEMBL137635;CHEMBL304271;CHEMBL305194;CHEMBL308645;CHEMBL332096;CHEMBL344652;CHEMBL443268;CHEMBL65848;CHEMBL66570;CHEMBL67003;CHEMBL67057;CHEMBL69629;CHEMBL69960;CHEMBL69964;CHEMBL80155,BRICS,True
GEN_D99F1267,Cc1cc(N2CCN(c3cc(C(=O)O)cc(O)c3O)CC2)[nH]c1-c1ccc(O)c(O)c1,CHEMBL296407;CHEMBL304271;CHEMBL305194;CHEMBL308645;CHEMBL443268;CHEMBL65848;CHEMBL66570;CHEMBL67003;CHEMBL67057;CHEMBL69629;CHEMBL69960;CHEMBL69964;CHEMBL76904;CHEMBL80155,BRICS,True
GEN_7CB44A27,Cc1cc(N2CCN(c3cc(C(=O)O)cc(O)c3O)CC2)[nH]c1-c1ccc(O)cc1,CHEMBL304271;CHEMBL305194;CHEMBL308645;CHEMBL443268;CHEMBL65848;CHEMBL66570;CHEMBL67003;CHEMBL67057;CHEMBL69629;CHEMBL69960;CHEMBL69964;CHEMBL76589;CHEMBL80155,BRICS,True
GEN_9FD38BC4,Cc1cc(N2CCN(c3cc(C(=O)O)cc(O)c3O)CC2)[nH]c1-c1cc(O)c(O)c(O)c1,CHEMBL304271;CHEMBL305194;CHEMBL308645;CHEMBL309598;CHEMBL310798;CHEMBL443268;CHEMBL65848;CHEMBL66570;CHEMBL67003;CHEMBL67057;CHEMBL69629;CHEMBL69960;CHEMBL69964;CHEMBL80155,BRICS,True
GEN_AB27CD07,Cc1cc(N2CCN(c3cc(C(=O)O)cc(O)c3O)CC2)[nH]c1CCC(=O)O,CHEMBL304271;CHEMBL305194;CHEMBL308645;CHEMBL443268;CHEMBL65848;CHEMBL66570;CHEMBL67003;CHEMBL67057;CHEMBL69629;CHEMBL69960;CHEMBL69964;CHEMBL80155,BRICS,True
GEN_1D68BAC7,COc1[nH]c(N2CCN(c3cc(C(=O)O)cc(O)c3O)CC2)cc1C,CHEMBL304271;CHEMBL305194;CHEMBL308645;CHEMBL443268;CHEMBL65848;CHEMBL66570;CHEMBL67003;CHEMBL67057;CHEMBL69629;CHEMBL69960;CHEMBL69964;CHEMBL80155,BRICS,True
GEN_1A0117E8,Cc1cc(N2CCN(c3cc(C(=O)O)cc(O)c3O)CC2)[nH]c1C(=O)O,CHEMBL304271;CHEMBL305194;CHEMBL308645;CHEMBL443268;CHEMBL65848;CHEMBL66570;CHEMBL67003;CHEMBL67057;CHEMBL69629;CHEMBL69960;CHEMBL69964;CHEMBL80155,BRICS,True
GEN_33CEE6BA,Cc1cc(N2CCN(c3cc(C(=O)O)cc(O)c3O)CC2)[nH]c1N1CCN(C)CC1,CHEMBL304271;CHEMBL305194;CHEMBL308645;CHEMBL443268;CHEMBL65848;CHEMBL66570;CHEMBL67003;CHEMBL67057;CHEMBL69629;CHEMBL69960;CHEMBL69964;CHEMBL80155,BRICS,True
GEN_3CD7C375,Cc1cc(N2CCN(c3cc(C(=O)O)cc(O)c3O)CC2)[nH]c1N1CCOCC1,CHEMBL137364;CHEMBL302552;CHEMBL304271;CHEMBL305194;CHEMBL308645;CHEMBL443268;CHEMBL65848;CHEMBL66570;CHEMBL67003;CHEMBL67057;CHEMBL69629;CHEMBL69960;CHEMBL69964;CHEMBL80155,BRICS,True
GEN_4777F551,C/N=N/Nc1ccc2ncnc(-c3[nH]c(N4CCN(c5cc(C(=O)O)cc(O)c5O)CC4)cc3C)c2c1,CHEMBL133024;CHEMBL135592;CHEMBL304271;CHEMBL305194;CHEMBL308645;CHEMBL443268;CHEMBL65848;CHEMBL66570;CHEMBL67003;CHEMBL67057;CHEMBL69629;CHEMBL69960;CHEMBL69964;CHEMBL80155,BRICS,True
GEN_AD88B754,Cc1cc(C)c(-c2[nH]c(N3CCN(c4cc(C(=O)O)cc(O)c4O)CC3)cc2C)[nH]1,CHEMBL304271;CHEMBL305194;CHEMBL308645;CHEMBL443268;CHEMBL65848;CHEMBL66570;CHEMBL67003;CHEMBL67057;CHEMBL68920;CHEMBL69629;CHEMBL69960;CHEMBL69964;CHEMBL80155,BRICS,True
GEN_3499A99A,Cc1cc(N2CCN(c3cc(C(=O)O)cc(O)c3O)CC2)[nH]c1-c1ccccn1,CHEMBL137635;CHEMBL138125;CHEMBL304271;CHEMBL305194;CHEMBL308645;CHEMBL443268;CHEMBL65848;CHEMBL66570;CHEMBL67003;CHEMBL67057;CHEMBL69629;CHEMBL69960;CHEMBL69964;CHEMBL80155,BRICS,True
GEN_85F9A321,Cc1cc(N2CCN(c3cc(C(=O)O)cc(O)c3O)CC2)[nH]c1-c1ncnc2ccc(N)cc12,CHEMBL136492;CHEMBL304271;CHEMBL305194;CHEMBL308645;CHEMBL332096;CHEMBL336113;CHEMBL343352;CHEMBL443268;CHEMBL52765;CHEMBL65848;CHEMBL66570;CHEMBL67003;CHEMBL67057;CHEMBL69629;CHEMBL69960;CHEMBL69964;CHEMBL80155,BRICS,True
GEN_1B98A161,Cc1cc(N2CCN(c3cc(C(=O)O)cc(O)c3O)CC2)[nH]c1-c1ncnc2ccc(/N=N/N(C)C)cc12,CHEMBL136491;CHEMBL304271;CHEMBL305194;CHEMBL308645;CHEMBL344652;CHEMBL443268;CHEMBL65848;CHEMBL66570;CHEMBL67003;CHEMBL67057;CHEMBL69629;CHEMBL69960;CHEMBL69964;CHEMBL80155,BRICS,True
GEN_7466672F,O=C(O)c1cc(O)c(O)c(N2CCN(CC/N=N/Nc3ccc4ncnc(-c5cc(O)ccc5[N+](=O)[O-])c4c3)CC2)c1,CHEMBL137364;CHEMBL305194;CHEMBL66570;CHEMBL77085;CHEMBL80155,BRICS,True
GEN_241F9752,O=Cc1ccc(-c2ncnc3ccc(N/N=N/CCN4CCN(c5cc(C(=O)O)cc(O)c5O)CC4)cc23)cc1,CHEMBL137364;CHEMBL305194;CHEMBL311119;CHEMBL66570;CHEMBL76985;CHEMBL80155,BRICS,True
GEN_DF36BB46,O=C(O)c1cc(O)c(O)c(N2CCN(CC/N=N/Nc3ccc4ncnc(-c5cccc(Br)c5)c4c3)CC2)c1,CHEMBL137364;CHEMBL138125;CHEMBL305194;CHEMBL52765;CHEMBL66570;CHEMBL80155,BRICS,True
GEN_853308EF,O=C(O)c1cc(O)c(O)c(N2CCN(CC/N=N/Nc3ccc4ncnc(-c5cccc(Cl)c5)c4c3)CC2)c1,CHEMBL133024;CHEMBL136491;CHEMBL137364;CHEMBL305194;CHEMBL343352;CHEMBL66570;CHEMBL80155,BRICS,True
GEN_67790D83,Cc1cccc(-c2ncnc3ccc(N/N=N/CCN4CCN(c5cc(C(=O)O)cc(O)c5O)CC4)cc23)c1,CHEMBL137364;CHEMBL305194;CHEMBL336113;CHEMBL66570;CHEMBL80155,BRICS,True
GEN_21FB532B,O=C(O)c1cc(O)c(O)c(N2CCN(CC/N=N/Nc3ccc4ncnc(-c5ccc(F)c(Cl)c5)c4c3)CC2)c1,CHEMBL137364;CHEMBL302552;CHEMBL304271;CHEMBL305194;CHEMBL308645;CHEMBL432903;CHEMBL443268;CHEMBL66570;CHEMBL68920;CHEMBL69629;CHEMBL69960;CHEMBL69964;CHEMBL80155,BRICS,True
GEN_02CACB0E,O=C(O)c1cc(O)c(O)c(N2CCN(CC/N=N/Nc3ccc4ncnc(-c5ccc6c(c5)CCC6)c4c3)CC2)c1,CHEMBL137364;CHEMBL305194;CHEMBL65848;CHEMBL66570;CHEMBL80155,BRICS,True
GEN_34FB0032,O=C(O)c1cc(O)c(O)c(N2CCN(CC/N=N/Nc3ccc4ncnc(-c5ccc(O)c([N+](=O)[O-])c5)c4c3)CC2)c1,CHEMBL137364;CHEMBL305194;CHEMBL309625;CHEMBL66570;CHEMBL80155,BRICS,True
GEN_BCE44B00,O=C(O)c1cc(O)c(O)c(N2CCN(CC/N=N/Nc3ccc4ncnc(-c5cc(O)cc(O)c5)c4c3)CC2)c1,CHEMBL137364;CHEMBL305194;CHEMBL66570;CHEMBL76905;CHEMBL80155,BRICS,True
GEN_FDFF8FB4,O=C(O)c1cc(O)c(O)c(N2CCN(CC/N=N/Nc3ccc4ncnc(-c5cc(O)ccc5O)c4c3)CC2)c1,CHEMBL137364;CHEMBL305194;CHEMBL66570;CHEMBL76642;CHEMBL80155,BRICS,True
GEN_1CE8581F,O=C(O)c1cc(O)c(O)c(N2CCN(CC/N=N/Nc3ccc4ncnc(-c5ccccc5)c4c3)CC2)c1,CHEMBL135592;CHEMBL136492;CHEMBL137364;CHEMBL137635;CHEMBL305194;CHEMBL332096;CHEMBL344652;CHEMBL66570;CHEMBL67003;CHEMBL67057;CHEMBL80155,BRICS,True
GEN_7AD0EEEC,O=C(O)c1cc(O)c(O)c(N2CCN(CC/N=N/Nc3ccc4ncnc(-c5ccc(O)c(O)c5)c4c3)CC2)c1,CHEMBL137364;CHEMBL296407;CHEMBL305194;CHEMBL66570;CHEMBL76904;CHEMBL80155,BRICS,True
GEN_B27F7C85,O=C(O)c1cc(O)c(O)c(N2CCN(CC/N=N/Nc3ccc4ncnc(-c5ccc(O)cc5)c4c3)CC2)c1,CHEMBL137364;CHEMBL305194;CHEMBL66570;CHEMBL76589;CHEMBL80155,BRICS,True
GEN_C0DC0D63,O=C(O)c1cc(O)c(O)c(N2CCN(CC/N=N/Nc3ccc4ncnc(-c5cc(O)c(O)c(O)c5)c4c3)CC2)c1,CHEMBL137364;CHEMBL305194;CHEMBL309598;CHEMBL310798;CHEMBL66570;CHEMBL80155,BRICS,True
GEN_4E94C545,O=C(O)CCc1ncnc2ccc(N/N=N/CCN3CCN(c4cc(C(=O)O)cc(O)c4O)CC3)cc12,CHEMBL137364;CHEMBL305194;CHEMBL308645;CHEMBL66570;CHEMBL80155,BRICS,True
GEN_8477D35E,COc1ncnc2ccc(N/N=N/CCN3CCN(c4cc(C(=O)O)cc(O)c4O)CC3)cc12,CHEMBL137364;CHEMBL305194;CHEMBL66570;CHEMBL80155,BRICS,True
GEN_B4FE4DE1,CN1CCN(c2ncnc3ccc(N/N=N/CCN4CCN(c5cc(C(=O)O)cc(O)c5O)CC4)cc23)CC1,CHEMBL137364;CHEMBL305194;CHEMBL66570;CHEMBL69964;CHEMBL80155,BRICS,True
GEN_FD1F9D2E,O=C(O)c1cc(O)c(O)c(N2CCN(CC/N=N/Nc3ccc4ncnc(N5CCOCC5)c4c3)CC2)c1,CHEMBL137364;CHEMBL302552;CHEMBL305194;CHEMBL443268;CHEMBL65848;CHEMBL66570;CHEMBL67003;CHEMBL67057;CHEMBL69629;CHEMBL69960;CHEMBL80155,BRICS,True
GEN_80A1DD63,C/N=N/Nc1ccc2ncnc(-c3ncnc4ccc(N/N=N/CCN5CCN(c6cc(C(=O)O)cc(O)c6O)CC5)cc34)c2c1,CHEMBL133024;CHEMBL135592;CHEMBL137364;CHEMBL305194;CHEMBL66570;CHEMBL80155,BRICS,True
GEN_8D82ABEF,Cc1cc(C)c(-c2ncnc3ccc(N/N=N/CCN4CCN(c5cc(C(=O)O)cc(O)c5O)CC4)cc23)[nH]1,CHEMBL137364;CHEMBL305194;CHEMBL66570;CHEMBL68920;CHEMBL80155,BRICS,True
GEN_025D1DE3,O=C(O)c1cc(O)c(O)c(N2CCN(CC/N=N/Nc3ccc4ncnc(-c5ccccn5)c4c3)CC2)c1,CHEMBL137364;CHEMBL137635;CHEMBL138125;CHEMBL305194;CHEMBL66570;CHEMBL80155,BRICS,True
GEN_C13B127D,Nc1ccc2ncnc(-c3ncnc4ccc(N/N=N/CCN5CCN(c6cc(C(=O)O)cc(O)c6O)CC5)cc34)c2c1,CHEMBL136492;CHEMBL137364;CHEMBL305194;CHEMBL332096;CHEMBL336113;CHEMBL343352;CHEMBL52765;CHEMBL66570;CHEMBL80155,BRICS,True
GEN_C5BB4FAC,CN(C)/N=N/c1ccc2ncnc(-c3ncnc4ccc(N/N=N/CCN5CCN(c6cc(C(=O)O)cc(O)c6O)CC5)cc34)c2c1,CHEMBL136491;CHEMBL137364;CHEMBL305194;CHEMBL344652;CHEMBL66570;CHEMBL80155,BRICS,True
GEN_DF1F0E12,O=C(O)c1cc(O)c(O)c(N2CCN(c3ccc4c(cnn4-c4cc(O)ccc4[N+](=O)[O-])c3)CC2)c1,CHEMBL305194;CHEMBL66570;CHEMBL67003;CHEMBL77085;CHEMBL80155,BRICS,True
GEN_A385B454,O=Cc1ccc(-n2ncc3cc(N4CCN(c5cc(C(=O)O)cc(O)c5O)CC4)ccc32)cc1,CHEMBL305194;CHEMBL311119;CHEMBL66570;CHEMBL67003;CHEMBL76985;CHEMBL80155,BRICS,True
GEN_CAD8E679,O=C(O)c1cc(O)c(O)c(N2CCN(c3ccc4c(cnn4-c4cccc(Br)c4)c3)CC2)c1,CHEMBL137364;CHEMBL138125;CHEMBL305194;CHEMBL52765;CHEMBL66570;CHEMBL67003;CHEMBL80155,BRICS,True
GEN_51E17B32,O=C(O)c1cc(O)c(O)c(N2CCN(c3ccc4c(cnn4-c4cccc(Cl)c4)c3)CC2)c1,CHEMBL133024;CHEMBL136491;CHEMBL305194;CHEMBL343352;CHEMBL66570;CHEMBL67003;CHEMBL80155,BRICS,True
GEN_D259DF2F,Cc1cccc(-n2ncc3cc(N4CCN(c5cc(C(=O)O)cc(O)c5O)CC4)ccc32)c1,CHEMBL305194;CHEMBL336113;CHEMBL66570;CHEMBL67003;CHEMBL80155,BRICS,True
GEN_E5D04E08,O=C(O)c1cc(O)c(O)c(N2CCN(c3ccc4c(cnn4-c4ccc(F)c(Cl)c4)c3)CC2)c1,CHEMBL302552;CHEMBL304271;CHEMBL305194;CHEMBL308645;CHEMBL432903;CHEMBL443268;CHEMBL66570;CHEMBL67003;CHEMBL68920;CHEMBL69629;CHEMBL69960;CHEMBL69964;CHEMBL80155,BRICS,True
GEN_26B06249,O=C(O)c1cc(O)c(O)c(N2CCN(c3ccc4c(cnn4-c4ccc5c(c4)CCC5)c3)CC2)c1,CHEMBL305194;CHEMBL65848;CHEMBL66570;CHEMBL67003;CHEMBL80155,BRICS,True
GEN_BCC272DD,O=C(O)c1cc(O)c(O)c(N2CCN(c3ccc4c(cnn4-c4ccc(O)c([N+](=O)[O-])c4)c3)CC2)c1,CHEMBL305194;CHEMBL309625;CHEMBL66570;CHEMBL67003;CHEMBL80155,BRICS,True
GEN_EA8482EF,O=C(O)c1cc(O)c(O)c(N2CCN(c3ccc4c(cnn4-c4cc(O)cc(O)c4)c3)CC2)c1,CHEMBL305194;CHEMBL66570;CHEMBL67003;CHEMBL76905;CHEMBL80155,BRICS,True
GEN_5FCA14CE,O=C(O)c1cc(O)c(O)c(N2CCN(c3ccc4c(cnn4-c4cc(O)ccc4O)c3)CC2)c1,CHEMBL305194;CHEMBL66570;CHEMBL67003;CHEMBL76642;CHEMBL80155,BRICS,True
GEN_E510C68B,O=C(O)c1cc(O)c(O)c(N2CCN(c3ccc4c(cnn4-c4ccccc4)c3)CC2)c1,CHEMBL135592;CHEMBL136492;CHEMBL137635;CHEMBL305194;CHEMBL332096;CHEMBL344652;CHEMBL66570;CHEMBL67003;CHEMBL67057;CHEMBL80155,BRICS,True
GEN_66C1C823,O=C(O)c1cc(O)c(O)c(N2CCN(c3ccc4c(cnn4-c4ccc(O)c(O)c4)c3)CC2)c1,CHEMBL296407;CHEMBL305194;CHEMBL66570;CHEMBL67003;CHEMBL76904;CHEMBL80155,BRICS,True
GEN_12EC3CBF,O=C(O)c1cc(O)c(O)c(N2CCN(c3ccc4c(cnn4-c4ccc(O)cc4)c3)CC2)c1,CHEMBL305194;CHEMBL66570;CHEMBL67003;CHEMBL76589;CHEMBL80155,BRICS,True
GEN_CF03D7C7,O=C(O)c1cc(O)c(O)c(N2CCN(c3ccc4c(cnn4-c4cc(O)c(O)c(O)c4)c3)CC2)c1,CHEMBL305194;CHEMBL309598;CHEMBL310798;CHEMBL66570;CHEMBL67003;CHEMBL80155,BRICS,True
GEN_E83C5C42,C/N=N/Nc1ccc2ncnc(-n3ncc4cc(N5CCN(c6cc(C(=O)O)cc(O)c6O)CC5)ccc43)c2c1,CHEMBL133024;CHEMBL135592;CHEMBL305194;CHEMBL66570;CHEMBL67003;CHEMBL80155,BRICS,True
GEN_2B165E12,Cc1cc(C)c(-n2ncc3cc(N4CCN(c5cc(C(=O)O)cc(O)c5O)CC4)ccc32)[nH]1,CHEMBL305194;CHEMBL66570;CHEMBL67003;CHEMBL68920;CHEMBL80155,BRICS,True
GEN_EA6F9870,O=C(O)c1cc(O)c(O)c(N2CCN(c3ccc4c(cnn4-c4ccccn4)c3)CC2)c1,CHEMBL137635;CHEMBL138125;CHEMBL305194;CHEMBL66570;CHEMBL67003;CHEMBL80155,BRICS,True
GEN_96242AEC,Nc1ccc2ncnc(-n3ncc4cc(N5CCN(c6cc(C(=O)O)cc(O)c6O)CC5)ccc43)c2c1,CHEMBL136492;CHEMBL305194;CHEMBL332096;CHEMBL336113;CHEMBL343352;CHEMBL52765;CHEMBL66570;CHEMBL67003;CHEMBL80155,BRICS,True
GEN_029D8C30,CN(C)/N=N/c1ccc2ncnc(-n3ncc4cc(N5CCN(c6cc(C(=O)O)cc(O)c6O)CC5)ccc43)c2c1,CHEMBL136491;CHEMBL305194;CHEMBL344652;CHEMBL66570;CHEMBL67003;CHEMBL80155,BRICS,True
GEN_7EB60BDA,O=C(O)CCn1ncc2cc(N3CCN(c4cc(C(=O)O)cc(O)c4O)CC3)ccc21,CHEMBL305194;CHEMBL308645;CHEMBL66570;CHEMBL67003;CHEMBL80155,BRICS,True
GEN_4FE15FE0,Cc1[nH]c(-c2cc(O)ccc2[N+](=O)[O-])c(C)c1N1CCN(c2cc(C(=O)O)cc(O)c2O)CC1,CHEMBL305194;CHEMBL432903;CHEMBL66570;CHEMBL77085;CHEMBL80155,BRICS,True
GEN_E47ABCE9,Cc1[nH]c(-c2ccc(C=O)cc2)c(C)c1N1CCN(c2cc(C(=O)O)cc(O)c2O)CC1,CHEMBL305194;CHEMBL311119;CHEMBL432903;CHEMBL66570;CHEMBL76985;CHEMBL80155,BRICS,True
GEN_DCE5F17B,Cc1[nH]c(-c2cccc(Br)c2)c(C)c1N1CCN(c2cc(C(=O)O)cc(O)c2O)CC1,CHEMBL137364;CHEMBL138125;CHEMBL305194;CHEMBL432903;CHEMBL52765;CHEMBL66570;CHEMBL80155,BRICS,True
GEN_E1807D76,Cc1[nH]c(-c2cccc(Cl)c2)c(C)c1N1CCN(c2cc(C(=O)O)cc(O)c2O)CC1,CHEMBL133024;CHEMBL136491;CHEMBL305194;CHEMBL343352;CHEMBL432903;CHEMBL66570;CHEMBL80155,BRICS,True
GEN_ED57FC82,Cc1cccc(-c2[nH]c(C)c(N3CCN(c4cc(C(=O)O)cc(O)c4O)CC3)c2C)c1,CHEMBL305194;CHEMBL336113;CHEMBL432903;CHEMBL66570;CHEMBL80155,BRICS,True
GEN_8CCD3464,Cc1[nH]c(-c2ccc(F)c(Cl)c2)c(C)c1N1CCN(c2cc(C(=O)O)cc(O)c2O)CC1,CHEMBL302552;CHEMBL304271;CHEMBL305194;CHEMBL308645;CHEMBL432903;CHEMBL443268;CHEMBL66570;CHEMBL68920;CHEMBL69629;CHEMBL69960;CHEMBL69964;CHEMBL80155,BRICS,True
GEN_014078B1,Cc1[nH]c(-c2ccc3c(c2)CCC3)c(C)c1N1CCN(c2cc(C(=O)O)cc(O)c2O)CC1,CHEMBL305194;CHEMBL432903;CHEMBL65848;CHEMBL66570;CHEMBL80155,BRICS,True
GEN_2735318A,Cc1[nH]c(-c2ccc(O)c([N+](=O)[O-])c2)c(C)c1N1CCN(c2cc(C(=O)O)cc(O)c2O)CC1,CHEMBL305194;CHEMBL309625;CHEMBL432903;CHEMBL66570;CHEMBL80155,BRICS,True
GEN_6F8E7AB2,Cc1[nH]c(-c2cc(O)cc(O)c2)c(C)c1N1CCN(c2cc(C(=O)O)cc(O)c2O)CC1,CHEMBL305194;CHEMBL432903;CHEMBL66570;CHEMBL76905;CHEMBL80155,BRICS,True
GEN_49B36104,Cc1[nH]c(-c2cc(O)ccc2O)c(C)c1N1CCN(c2cc(C(=O)O)cc(O)c2O)CC1,CHEMBL305194;CHEMBL432903;CHEMBL66570;CHEMBL76642;CHEMBL80155,BRICS,True
GEN_E78B5A81,Cc1[nH]c(-c2ccccc2)c(C)c1N1CCN(c2cc(C(=O)O)cc(O)c2O)CC1,CHEMBL135592;CHEMBL136492;CHEMBL137635;CHEMBL305194;CHEMBL332096;CHEMBL344652;CHEMBL432903;CHEMBL66570;CHEMBL67003;CHEMBL67057;CHEMBL80155,BRICS,True
GEN_7DDD59CB,Cc1[nH]c(-c2ccc(O)c(O)c2)c(C)c1N1CCN(c2cc(C(=O)O)cc(O)c2O)CC1,CHEMBL296407;CHEMBL305194;CHEMBL432903;CHEMBL66570;CHEMBL76904;CHEMBL80155,BRICS,True
GEN_5C32F065,Cc1[nH]c(-c2ccc(O)cc2)c(C)c1N1CCN(c2cc(C(=O)O)cc(O)c2O)CC1,CHEMBL305194;CHEMBL432903;CHEMBL66570;CHEMBL76589;CHEMBL80155,BRICS,True
GEN_4311F9E3,Cc1[nH]c(-c2cc(O)c(O)c(O)c2)c(C)c1N1CCN(c2cc(C(=O)O)cc(O)c2O)CC1,CHEMBL305194;CHEMBL309598;CHEMBL310798;CHEMBL432903;CHEMBL66570;CHEMBL80155,BRICS,True
GEN_D83EB158,Cc1[nH]c(CCC(=O)O)c(C)c1N1CCN(c2cc(C(=O)O)cc(O)c2O)CC1,CHEMBL305194;CHEMBL308645;CHEMBL432903;CHEMBL66570;CHEMBL80155,BRICS,True
GEN_F56403B6,COc1[nH]c(C)c(N2CCN(c3cc(C(=O)O)cc(O)c3O)CC2)c1C,CHEMBL305194;CHEMBL432903;CHEMBL66570;CHEMBL80155,BRICS,True
GEN_A104F2A7,Cc1[nH]c(C(=O)O)c(C)c1N1CCN(c2cc(C(=O)O)cc(O)c2O)CC1,CHEMBL305194;CHEMBL432903;CHEMBL66570;CHEMBL80155,BRICS,True
GEN_4F972765,Cc1[nH]c(N2CCN(C)CC2)c(C)c1N1CCN(c2cc(C(=O)O)cc(O)c2O)CC1,CHEMBL305194;CHEMBL432903;CHEMBL66570;CHEMBL69964;CHEMBL80155,BRICS,True
GEN_E3DD641E,Cc1[nH]c(N2CCOCC2)c(C)c1N1CCN(c2cc(C(=O)O)cc(O)c2O)CC1,CHEMBL137364;CHEMBL302552;CHEMBL305194;CHEMBL432903;CHEMBL443268;CHEMBL65848;CHEMBL66570;CHEMBL67003;CHEMBL67057;CHEMBL69629;CHEMBL69960;CHEMBL80155,BRICS,True
GEN_78715C46,C/N=N/Nc1ccc2ncnc(-c3[nH]c(C)c(N4CCN(c5cc(C(=O)O)cc(O)c5O)CC4)c3C)c2c1,CHEMBL133024;CHEMBL135592;CHEMBL305194;CHEMBL432903;CHEMBL66570;CHEMBL80155,BRICS,True
GEN_5B5BED1C,Cc1cc(C)c(-c2[nH]c(C)c(N3CCN(c4cc(C(=O)O)cc(O)c4O)CC3)c2C)[nH]1,CHEMBL305194;CHEMBL432903;CHEMBL66570;CHEMBL68920;CHEMBL80155,BRICS,True
GEN_91928C40,Cc1[nH]c(-c2ccccn2)c(C)c1N1CCN(c2cc(C(=O)O)cc(O)c2O)CC1,CHEMBL137635;CHEMBL138125;CHEMBL305194;CHEMBL432903;CHEMBL66570;CHEMBL80155,BRICS,True
GEN_D6833997,Cc1[nH]c(-c2ncnc3ccc(N)cc23)c(C)c1N1CCN(c2cc(C(=O)O)cc(O)c2O)CC1,CHEMBL136492;CHEMBL305194;CHEMBL332096;CHEMBL336113;CHEMBL343352;CHEMBL432903;CHEMBL52765;CHEMBL66570;CHEMBL80155,BRICS,True
GEN_EC96D781,Cc1[nH]c(-c2ncnc3ccc(/N=N/N(C)C)cc23)c(C)c1N1CCN(c2cc(C(=O)O)cc(O)c2O)CC1,CHEMBL136491;CHEMBL305194;CHEMBL344652;CHEMBL432903;CHEMBL66570;CHEMBL80155,BRICS,True
GEN_311EDD2E,Cc1cc(-c2cc(O)ccc2[N+](=O)[O-])[nH]c1N1CCN(c2cc(C(=O)O)cc(O)c2O)CC1,CHEMBL304271;CHEMBL305194;CHEMBL308645;CHEMBL443268;CHEMBL65848;CHEMBL66570;CHEMBL67003;CHEMBL67057;CHEMBL69629;CHEMBL69960;CHEMBL69964;CHEMBL77085;CHEMBL80155,BRICS,True
GEN_89AB5CA2,Cc1cc(-c2ccc(C=O)cc2)[nH]c1N1CCN(c2cc(C(=O)O)cc(O)c2O)CC1,CHEMBL304271;CHEMBL305194;CHEMBL308645;CHEMBL311119;CHEMBL443268;CHEMBL65848;CHEMBL66570;CHEMBL67003;CHEMBL67057;CHEMBL69629;CHEMBL69960;CHEMBL69964;CHEMBL76985;CHEMBL80155,BRICS,True
GEN_56CD9FF8,Cc1cc(-c2cccc(Br)c2)[nH]c1N1CCN(c2cc(C(=O)O)cc(O)c2O)CC1,CHEMBL137364;CHEMBL138125;CHEMBL304271;CHEMBL305194;CHEMBL308645;CHEMBL443268;CHEMBL52765;CHEMBL65848;CHEMBL66570;CHEMBL67003;CHEMBL67057;CHEMBL69629;CHEMBL69960;CHEMBL69964;CHEMBL80155,BRICS,True
GEN_8A1EA910,Cc1cc(-c2cccc(Cl)c2)[nH]c1N1CCN(c2cc(C(=O)O)cc(O)c2O)CC1,CHEMBL133024;CHEMBL136491;CHEMBL304271;CHEMBL305194;CHEMBL308645;CHEMBL343352;CHEMBL443268;CHEMBL65848;CHEMBL66570;CHEMBL67003;CHEMBL67057;CHEMBL69629;CHEMBL69960;CHEMBL69964;CHEMBL80155,BRICS,True
GEN_AA91A6D2,Cc1cccc(-c2cc(C)c(N3CCN(c4cc(C(=O)O)cc(O)c4O)CC3)[nH]2)c1,CHEMBL304271;CHEMBL305194;CHEMBL308645;CHEMBL336113;CHEMBL443268;CHEMBL65848;CHEMBL66570;CHEMBL67003;CHEMBL67057;CHEMBL69629;CHEMBL69960;CHEMBL69964;CHEMBL80155,BRICS,True
GEN_6FC9F19F,Cc1cc(-c2ccc(F)c(Cl)c2)[nH]c1N1CCN(c2cc(C(=O)O)cc(O)c2O)CC1,CHEMBL302552;CHEMBL304271;CHEMBL305194;CHEMBL308645;CHEMBL432903;CHEMBL443268;CHEMBL65848;CHEMBL66570;CHEMBL67003;CHEMBL67057;CHEMBL68920;CHEMBL69629;CHEMBL69960;CHEMBL69964;CHEMBL80155,BRICS,True
GEN_4BBB0CF4,Cc1cc(-c2ccc3c(c2)CCC3)[nH]c1N1CCN(c2cc(C(=O)O)cc(O)c2O)CC1,CHEMBL304271;CHEMBL305194;CHEMBL308645;CHEMBL443268;CHEMBL65848;CHEMBL66570;CHEMBL67003;CHEMBL67057;CHEMBL69629;CHEMBL69960;CHEMBL69964;CHEMBL80155,BRICS,True
GEN_C80BE33C,Cc1cc(-c2ccc(O)c([N+](=O)[O-])c2)[nH]c1N1CCN(c2cc(C(=O)O)cc(O)c2O)CC1,CHEMBL304271;CHEMBL305194;CHEMBL308645;CHEMBL309625;CHEMBL443268;CHEMBL65848;CHEMBL66570;CHEMBL67003;CHEMBL67057;CHEMBL69629;CHEMBL69960;CHEMBL69964;CHEMBL80155,BRICS,True
GEN_E1B6F0E4,Cc1cc(-c2cc(O)cc(O)c2)[nH]c1N1CCN(c2cc(C(=O)O)cc(O)c2O)CC1,CHEMBL304271;CHEMBL305194;CHEMBL308645;CHEMBL443268;CHEMBL65848;CHEMBL66570;CHEMBL67003;CHEMBL67057;CHEMBL69629;CHEMBL69960;CHEMBL69964;CHEMBL76905;CHEMBL80155,BRICS,True
GEN_ACACA742,Cc1cc(-c2cc(O)ccc2O)[nH]c1N1CCN(c2cc(C(=O)O)cc(O)c2O)CC1,CHEMBL304271;CHEMBL305194;CHEMBL308645;CHEMBL443268;CHEMBL65848;CHEMBL66570;CHEMBL67003;CHEMBL67057;CHEMBL69629;CHEMBL69960;CHEMBL69964;CHEMBL76642;CHEMBL80155,BRICS,True
GEN_CC6C3A56,Cc1cc(-c2ccccc2)[nH]c1N1CCN(c2cc(C(=O)O)cc(O)c2O)CC1,CHEMBL135592;CHEMBL136492;CHEMBL137635;CHEMBL304271;CHEMBL305194;CHEMBL308645;CHEMBL332096;CHEMBL344652;CHEMBL443268;CHEMBL65848;CHEMBL66570;CHEMBL67003;CHEMBL67057;CHEMBL69629;CHEMBL69960;CHEMBL69964;CHEMBL80155,BRICS,True
GEN_E2008997,Cc1cc(-c2ccc(O)c(O)c2)[nH]c1N1CCN(c2cc(C(=O)O)cc(O)c2O)CC1,CHEMBL296407;CHEMBL304271;CHEMBL305194;CHEMBL308645;CHEMBL443268;CHEMBL65848;CHEMBL66570;CHEMBL67003;CHEMBL67057;CHEMBL69629;CHEMBL69960;CHEMBL69964;CHEMBL76904;CHEMBL80155,BRICS,True
GEN_BAA79B9A,Cc1cc(-c2ccc(O)cc2)[nH]c1N1CCN(c2cc(C(=O)O)cc(O)c2O)CC1,CHEMBL304271;CHEMBL305194;CHEMBL308645;CHEMBL443268;CHEMBL65848;CHEMBL66570;CHEMBL67003;CHEMBL67057;CHEMBL69629;CHEMBL69960;CHEMBL69964;CHEMBL76589;CHEMBL80155,BRICS,True
GEN_B07BA848,Cc1cc(-c2cc(O)c(O)c(O)c2)[nH]c1N1CCN(c2cc(C(=O)O)cc(O)c2O)CC1,CHEMBL304271;CHEMBL305194;CHEMBL308645;CHEMBL309598;CHEMBL310798;CHEMBL443268;CHEMBL65848;CHEMBL66570;CHEMBL67003;CHEMBL67057;CHEMBL69629;CHEMBL69960;CHEMBL69964;CHEMBL80155,BRICS,True
GEN_D0312838,Cc1cc(CCC(=O)O)[nH]c1N1CCN(c2cc(C(=O)O)cc(O)c2O)CC1,CHEMBL304271;CHEMBL305194;CHEMBL308645;CHEMBL443268;CHEMBL65848;CHEMBL66570;CHEMBL67003;CHEMBL67057;CHEMBL69629;CHEMBL69960;CHEMBL69964;CHEMBL80155,BRICS,True
GEN_37F913FA,COc1cc(C)c(N2CCN(c3cc(C(=O)O)cc(O)c3O)CC2)[nH]1,CHEMBL304271;CHEMBL305194;CHEMBL308645;CHEMBL443268;CHEMBL65848;CHEMBL66570;CHEMBL67003;CHEMBL67057;CHEMBL69629;CHEMBL69960;CHEMBL69964;CHEMBL80155,BRICS,True
GEN_640DF71F,Cc1cc(C(=O)O)[nH]c1N1CCN(c2cc(C(=O)O)cc(O)c2O)CC1,CHEMBL304271;CHEMBL305194;CHEMBL308645;CHEMBL443268;CHEMBL65848;CHEMBL66570;CHEMBL67003;CHEMBL67057;CHEMBL69629;CHEMBL69960;CHEMBL69964;CHEMBL80155,BRICS,True
GEN_FA05010C,Cc1cc(N2CCN(C)CC2)[nH]c1N1CCN(c2cc(C(=O)O)cc(O)c2O)CC1,CHEMBL304271;CHEMBL305194;CHEMBL308645;CHEMBL443268;CHEMBL65848;CHEMBL66570;CHEMBL67003;CHEMBL67057;CHEMBL69629;CHEMBL69960;CHEMBL69964;CHEMBL80155,BRICS,True
GEN_29A6D7A0,Cc1cc(N2CCOCC2)[nH]c1N1CCN(c2cc(C(=O)O)cc(O)c2O)CC1,CHEMBL137364;CHEMBL302552;CHEMBL304271;CHEMBL305194;CHEMBL308645;CHEMBL443268;CHEMBL65848;CHEMBL66570;CHEMBL67003;CHEMBL67057;CHEMBL69629;CHEMBL69960;CHEMBL69964;CHEMBL80155,BRICS,True
GEN_A0217028,C/N=N/Nc1ccc2ncnc(-c3cc(C)c(N4CCN(c5cc(C(=O)O)cc(O)c5O)CC4)[nH]3)c2c1,CHEMBL133024;CHEMBL135592;CHEMBL304271;CHEMBL305194;CHEMBL308645;CHEMBL443268;CHEMBL65848;CHEMBL66570;CHEMBL67003;CHEMBL67057;CHEMBL69629;CHEMBL69960;CHEMBL69964;CHEMBL80155,BRICS,True
GEN_4FDE66D7,Cc1cc(C)c(-c2cc(C)c(N3CCN(c4cc(C(=O)O)cc(O)c4O)CC3)[nH]2)[nH]1,CHEMBL304271;CHEMBL305194;CHEMBL308645;CHEMBL443268;CHEMBL65848;CHEMBL66570;CHEMBL67003;CHEMBL67057;CHEMBL68920;CHEMBL69629;CHEMBL69960;CHEMBL69964;CHEMBL80155,BRICS,True
GEN_6B4D49FA,Cc1cc(-c2ccccn2)[nH]c1N1CCN(c2cc(C(=O)O)cc(O)c2O)CC1,CHEMBL137635;CHEMBL138125;CHEMBL304271;CHEMBL305194;CHEMBL308645;CHEMBL443268;CHEMBL65848;CHEMBL66570;CHEMBL67003;CHEMBL67057;CHEMBL69629;CHEMBL69960;CHEMBL69964;CHEMBL80155,BRICS,True
GEN_9344F065,Cc1cc(-c2ncnc3ccc(N)cc23)[nH]c1N1CCN(c2cc(C(=O)O)cc(O)c2O)CC1,CHEMBL136492;CHEMBL304271;CHEMBL305194;CHEMBL308645;CHEMBL332096;CHEMBL336113;CHEMBL343352;CHEMBL443268;CHEMBL52765;CHEMBL65848;CHEMBL66570;CHEMBL67003;CHEMBL67057;CHEMBL69629;CHEMBL69960;CHEMBL69964;CHEMBL80155,BRICS,True
GEN_619E9819,Cc1cc(-c2ncnc3ccc(/N=N/N(C)C)cc23)[nH]c1N1CCN(c2cc(C(=O)O)cc(O)c2O)CC1,CHEMBL136491;CHEMBL304271;CHEMBL305194;CHEMBL308645;CHEMBL344652;CHEMBL443268;CHEMBL65848;CHEMBL66570;CHEMBL67003;CHEMBL67057;CHEMBL69629;CHEMBL69960;CHEMBL69964;CHEMBL80155,BRICS,True
GEN_54E4C70D,O=C(O)c1cc(O)c(O)c(N2CCN(c3ccc(-c4cc(O)ccc4[N+](=O)[O-])[nH]3)CC2)c1,CHEMBL302552;CHEMBL305194;CHEMBL66570;CHEMBL77085;CHEMBL80155,BRICS,True
GEN_7334A0CC,O=Cc1ccc(-c2ccc(N3CCN(c4cc(C(=O)O)cc(O)c4O)CC3)[nH]2)cc1,CHEMBL302552;CHEMBL305194;CHEMBL311119;CHEMBL66570;CHEMBL76985;CHEMBL80155,BRICS,True
GEN_C13BC37A,O=C(O)c1cc(O)c(O)c(N2CCN(c3ccc(-c4cccc(Br)c4)[nH]3)CC2)c1,CHEMBL137364;CHEMBL138125;CHEMBL302552;CHEMBL305194;CHEMBL52765;CHEMBL66570;CHEMBL80155,BRICS,True
GEN_39616982,O=C(O)c1cc(O)c(O)c(N2CCN(c3ccc(-c4cccc(Cl)c4)[nH]3)CC2)c1,CHEMBL133024;CHEMBL136491;CHEMBL302552;CHEMBL305194;CHEMBL343352;CHEMBL66570;CHEMBL80155,BRICS,True
GEN_722D8C89,Cc1cccc(-c2ccc(N3CCN(c4cc(C(=O)O)cc(O)c4O)CC3)[nH]2)c1,CHEMBL302552;CHEMBL305194;CHEMBL336113;CHEMBL66570;CHEMBL80155,BRICS,True
GEN_419F06B1,O=C(O)c1cc(O)c(O)c(N2CCN(c3ccc(-c4ccc(F)c(Cl)c4)[nH]3)CC2)c1,CHEMBL302552;CHEMBL304271;CHEMBL305194;CHEMBL308645;CHEMBL432903;CHEMBL443268;CHEMBL66570;CHEMBL68920;CHEMBL69629;CHEMBL69960;CHEMBL69964;CHEMBL80155,BRICS,True
GEN_131DA456,O=C(O)c1cc(O)c(O)c(N2CCN(c3ccc(-c4ccc5c(c4)CCC5)[nH]3)CC2)c1,CHEMBL302552;CHEMBL305194;CHEMBL65848;CHEMBL66570;CHEMBL80155,BRICS,True
GEN_8842B9BF,O=C(O)c1cc(O)c(O)c(N2CCN(c3ccc(-c4ccc(O)c([N+](=O)[O-])c4)[nH]3)CC2)c1,CHEMBL302552;CHEMBL305194;CHEMBL309625;CHEMBL66570;CHEMBL80155,BRICS,True
GEN_B3F27D35,O=C(O)c1cc(O)c(O)c(N2CCN(c3ccc(-c4cc(O)cc(O)c4)[nH]3)CC2)c1,CHEMBL302552;CHEMBL305194;CHEMBL66570;CHEMBL76905;CHEMBL80155,BRICS,True
GEN_BDB2853D,O=C(O)c1cc(O)c(O)c(N2CCN(c3ccc(-c4cc(O)ccc4O)[nH]3)CC2)c1,CHEMBL302552;CHEMBL305194;CHEMBL66570;CHEMBL76642;CHEMBL80155,BRICS,True
GEN_7A144384,O=C(O)c1cc(O)c(O)c(N2CCN(c3ccc(-c4ccccc4)[nH]3)CC2)c1,CHEMBL135592;CHEMBL136492;CHEMBL137635;CHEMBL302552;CHEMBL305194;CHEMBL332096;CHEMBL344652;CHEMBL66570;CHEMBL67003;CHEMBL67057;CHEMBL80155,BRICS,True
GEN_4860CDA0,O=C(O)c1cc(O)c(O)c(N2CCN(c3ccc(-c4ccc(O)c(O)c4)[nH]3)CC2)c1,CHEMBL296407;CHEMBL302552;CHEMBL305194;CHEMBL66570;CHEMBL76904;CHEMBL80155,BRICS,True
GEN_146F53FC,O=C(O)c1cc(O)c(O)c(N2CCN(c3ccc(-c4ccc(O)cc4)[nH]3)CC2)c1,CHEMBL302552;CHEMBL305194;CHEMBL66570;CHEMBL76589;CHEMBL80155,BRICS,True
GEN_CFD7CE95,O=C(O)c1cc(O)c(O)c(N2CCN(c3ccc(-c4cc(O)c(O)c(O)c4)[nH]3)CC2)c1,CHEMBL302552;CHEMBL305194;CHEMBL309598;CHEMBL310798;CHEMBL66570;CHEMBL80155,BRICS,True
GEN_37557A1F,O=C(O)CCc1ccc(N2CCN(c3cc(C(=O)O)cc(O)c3O)CC2)[nH]1,CHEMBL302552;CHEMBL305194;CHEMBL308645;CHEMBL66570;CHEMBL80155,BRICS,True
GEN_0C67E4EE,COc1ccc(N2CCN(c3cc(C(=O)O)cc(O)c3O)CC2)[nH]1,CHEMBL302552;CHEMBL305194;CHEMBL66570;CHEMBL80155,BRICS,True
GEN_734DFF58,O=C(O)c1cc(O)c(O)c(N2CCN(c3ccc(C(=O)O)[nH]3)CC2)c1,CHEMBL302552;CHEMBL305194;CHEMBL66570;CHEMBL80155,BRICS,True
GEN_587D1DC5,CN1CCN(c2ccc(N3CCN(c4cc(C(=O)O)cc(O)c4O)CC3)[nH]2)CC1,CHEMBL302552;CHEMBL305194;CHEMBL66570;CHEMBL69964;CHEMBL80155,BRICS,True
GEN_9A57F9D3,O=C(O)c1cc(O)c(O)c(N2CCN(c3ccc(N4CCOCC4)[nH]3)CC2)c1,CHEMBL137364;CHEMBL302552;CHEMBL305194;CHEMBL443268;CHEMBL65848;CHEMBL66570;CHEMBL67003;CHEMBL67057;CHEMBL69629;CHEMBL69960;CHEMBL80155,BRICS,True
GEN_8E1DFB95,C/N=N/Nc1ccc2ncnc(-c3ccc(N4CCN(c5cc(C(=O)O)cc(O)c5O)CC4)[nH]3)c2c1,CHEMBL133024;CHEMBL135592;CHEMBL302552;CHEMBL305194;CHEMBL66570;CHEMBL80155,BRICS,True
GEN_66F202A8,Cc1cc(C)c(-c2ccc(N3CCN(c4cc(C(=O)O)cc(O)c4O)CC3)[nH]2)[nH]1,CHEMBL302552;CHEMBL305194;CHEMBL66570;CHEMBL68920;CHEMBL80155,BRICS,True
GEN_32DA015C,O=C(O)c1cc(O)c(O)c(N2CCN(c3ccc(-c4ccccn4)[nH]3)CC2)c1,CHEMBL137635;CHEMBL138125;CHEMBL302552;CHEMBL305194;CHEMBL66570;CHEMBL80155,BRICS,True
GEN_260075C3,Nc1ccc2ncnc(-c3ccc(N4CCN(c5cc(C(=O)O)cc(O)c5O)CC4)[nH]3)c2c1,CHEMBL136492;CHEMBL302552;CHEMBL305194;CHEMBL332096;CHEMBL336113;CHEMBL343352;CHEMBL52765;CHEMBL66570;CHEMBL80155,BRICS,True
GEN_79B64A0C,CN(C)/N=N/c1ccc2ncnc(-c3ccc(N4CCN(c5cc(C(=O)O)cc(O)c5O)CC4)[nH]3)c2c1,CHEMBL136491;CHEMBL302552;CHEMBL305194;CHEMBL344652;CHEMBL66570;CHEMBL80155,BRICS,True
GEN_97F62EE3,C/N=N/Nc1ccc2ncnc(-c3cc(N4CCN(c5cc(C(=O)O)cc(O)c5O)CC4)cc(O)c3O)c2c1,CHEMBL133024;CHEMBL135592;CHEMBL305194;CHEMBL66570;CHEMBL80155,BRICS,True
GEN_607625E0,Cc1cc(C)c(-c2cc(N3CCN(c4cc(C(=O)O)cc(O)c4O)CC3)cc(O)c2O)[nH]1,CHEMBL305194;CHEMBL66570;CHEMBL68920;CHEMBL80155,BRICS,True
GEN_1EE036E2,O=C(O)c1cc(O)c(O)c(N2CCN(c3cc(O)c(O)c(-c4ccccn4)c3)CC2)c1,CHEMBL137635;CHEMBL138125;CHEMBL305194;CHEMBL66570;CHEMBL80155,BRICS,True
GEN_BD6B2517,Nc1ccc2ncnc(-c3cc(N4CCN(c5cc(C(=O)O)cc(O)c5O)CC4)cc(O)c3O)c2c1,CHEMBL136492;CHEMBL305194;CHEMBL332096;CHEMBL336113;CHEMBL343352;CHEMBL52765;CHEMBL66570;CHEMBL80155,BRICS,True
GEN_BA87F1E4,CN(C)/N=N/c1ccc2ncnc(-c3cc(N4CCN(c5cc(C(=O)O)cc(O)c5O)CC4)cc(O)c3O)c2c1,CHEMBL136491;CHEMBL305194;CHEMBL344652;CHEMBL66570;CHEMBL80155,BRICS,True
GEN_F178B27D,O=C(O)c1cc(O)c(O)c(N2CCN(c3cc(O)c(O)c(C(=O)O)c3)CC2)c1,CHEMBL305194;CHEMBL66570;CHEMBL80155,BRICS,True
GEN_1F620C91,O=C(O)c1cc(O)c(O)c(N2CCN(c3cc(O)c(O)c(-c4cc(O)ccc4[N+](=O)[O-])c3)CC2)c1,CHEMBL305194;CHEMBL66570;CHEMBL77085;CHEMBL80155,BRICS,True
GEN_264ADC4B,O=Cc1ccc(-c2cc(N3CCN(c4cc(C(=O)O)cc(O)c4O)CC3)cc(O)c2O)cc1,CHEMBL305194;CHEMBL311119;CHEMBL66570;CHEMBL76985;CHEMBL80155,BRICS,True
GEN_08409325,O=C(O)c1cc(O)c(O)c(N2CCN(c3cc(O)c(O)c(-c4cccc(Br)c4)c3)CC2)c1,CHEMBL137364;CHEMBL138125;CHEMBL305194;CHEMBL52765;CHEMBL66570;CHEMBL80155,BRICS,True
GEN_EA31EC3B,O=C(O)c1cc(O)c(O)c(N2CCN(c3cc(O)c(O)c(-c4cccc(Cl)c4)c3)CC2)c1,CHEMBL133024;CHEMBL136491;CHEMBL305194;CHEMBL343352;CHEMBL66570;CHEMBL80155,BRICS,True
GEN_2C3B9776,Cc1cccc(-c2cc(N3CCN(c4cc(C(=O)O)cc(O)c4O)CC3)cc(O)c2O)c1,CHEMBL305194;CHEMBL336113;CHEMBL66570;CHEMBL80155,BRICS,True
GEN_171F9892,O=C(O)c1cc(O)c(O)c(N2CCN(c3cc(O)c(O)c(-c4ccc(F)c(Cl)c4)c3)CC2)c1,CHEMBL302552;CHEMBL304271;CHEMBL305194;CHEMBL308645;CHEMBL432903;CHEMBL443268;CHEMBL66570;CHEMBL68920;CHEMBL69629;CHEMBL69960;CHEMBL69964;CHEMBL80155,BRICS,True
GEN_8CE10705,O=C(O)c1cc(O)c(O)c(N2CCN(c3cc(O)c(O)c(-c4ccc5c(c4)CCC5)c3)CC2)c1,CHEMBL305194;CHEMBL65848;CHEMBL66570;CHEMBL80155,BRICS,True
GEN_82D54267,O=C(O)c1cc(O)c(O)c(N2CCN(c3cc(O)c(O)c(-c4ccc(O)c([N+](=O)[O-])c4)c3)CC2)c1,CHEMBL305194;CHEMBL309625;CHEMBL66570;CHEMBL80155,BRICS,True
GEN_F6F7C2E6,O=C(O)c1cc(O)c(O)c(N2CCN(c3cc(O)c(O)c(-c4cc(O)cc(O)c4)c3)CC2)c1,CHEMBL305194;CHEMBL66570;CHEMBL76905;CHEMBL80155,BRICS,True
GEN_7D63A67E,O=C(O)c1cc(O)c(O)c(N2CCN(c3cc(O)c(O)c(-c4cc(O)ccc4O)c3)CC2)c1,CHEMBL305194;CHEMBL66570;CHEMBL76642;CHEMBL80155,BRICS,True
GEN_800A0404,O=C(O)c1cc(O)c(O)c(N2CCN(c3cc(O)c(O)c(-c4ccccc4)c3)CC2)c1,CHEMBL135592;CHEMBL136492;CHEMBL137635;CHEMBL305194;CHEMBL332096;CHEMBL344652;CHEMBL66570;CHEMBL67003;CHEMBL67057;CHEMBL80155,BRICS,True
GEN_987592E9,O=C(O)c1cc(O)c(O)c(N2CCN(c3cc(O)c(O)c(-c4ccc(O)c(O)c4)c3)CC2)c1,CHEMBL296407;CHEMBL305194;CHEMBL66570;CHEMBL76904;CHEMBL80155,BRICS,True
GEN_BD98D17A,O=C(O)c1cc(O)c(O)c(N2CCN(c3cc(O)c(O)c(-c4ccc(O)cc4)c3)CC2)c1,CHEMBL305194;CHEMBL66570;CHEMBL76589;CHEMBL80155,BRICS,True
GEN_36D27BC0,O=C(O)c1cc(O)c(O)c(N2CCN(c3cc(O)c(O)c(-c4cc(O)c(O)c(O)c4)c3)CC2)c1,CHEMBL305194;CHEMBL309598;CHEMBL310798;CHEMBL66570;CHEMBL80155,BRICS,True
GEN_8A183066,O=C(O)CCc1cc(N2CCN(c3cc(C(=O)O)cc(O)c3O)CC2)cc(O)c1O,CHEMBL305194;CHEMBL308645;CHEMBL66570;CHEMBL80155,BRICS,True
GEN_6A6EF4A4,CN1CCN(c2cc(N3CCN(c4cc(C(=O)O)cc(O)c4O)CC3)cc(O)c2O)CC1,CHEMBL305194;CHEMBL66570;CHEMBL69964;CHEMBL80155,BRICS,True
GEN_80F7CA32,O=C(O)c1cc(O)c(O)c(N2CCN(c3cc(O)c(O)c(N4CCOCC4)c3)CC2)c1,CHEMBL137364;CHEMBL302552;CHEMBL305194;CHEMBL443268;CHEMBL65848;CHEMBL66570;CHEMBL67003;CHEMBL67057;CHEMBL69629;CHEMBL69960;CHEMBL80155,BRICS,True
GEN_009F8F18,COc1cc(N2CCN(c3cc(C(=O)O)cc(O)c3O)CC2)cc(O)c1O,CHEMBL305194;CHEMBL66570;CHEMBL80155,BRICS,True
GEN_F17039A3,O=C(O)c1cc(O)c(O)c(Cc2cc(O)ccc2[N+](=O)[O-])c1,CHEMBL305194;CHEMBL67003;CHEMBL67057;CHEMBL77085;CHEMBL80155,BRICS,True
GEN_0C0B180B,O=Cc1ccc(Cc2cc(C(=O)O)cc(O)c2O)cc1,CHEMBL305194;CHEMBL311119;CHEMBL67003;CHEMBL67057;CHEMBL76985;CHEMBL80155,BRICS,True
GEN_52B360A1,O=C(O)c1cc(O)c(O)c(Cc2cccc(Br)c2)c1,CHEMBL137364;CHEMBL138125;CHEMBL305194;CHEMBL52765;CHEMBL67003;CHEMBL67057;CHEMBL80155,BRICS,True
GEN_1C92724F,O=C(O)c1cc(O)c(O)c(Cc2cccc(Cl)c2)c1,CHEMBL133024;CHEMBL136491;CHEMBL305194;CHEMBL343352;CHEMBL67003;CHEMBL67057;CHEMBL80155,BRICS,True
GEN_029A4CF5,Cc1cccc(Cc2cc(C(=O)O)cc(O)c2O)c1,CHEMBL305194;CHEMBL336113;CHEMBL67003;CHEMBL67057;CHEMBL80155,BRICS,True
GEN_9D14F61A,O=C(O)c1cc(O)c(O)c(Cc2ccc(F)c(Cl)c2)c1,CHEMBL302552;CHEMBL304271;CHEMBL305194;CHEMBL308645;CHEMBL432903;CHEMBL443268;CHEMBL66570;CHEMBL67003;CHEMBL67057;CHEMBL68920;CHEMBL69629;CHEMBL69960;CHEMBL69964;CHEMBL80155,BRICS,True
GEN_86E51E77,O=C(O)c1cc(O)c(O)c(Cc2ccc3c(c2)CCC3)c1,CHEMBL305194;CHEMBL65848;CHEMBL67003;CHEMBL67057;CHEMBL80155,BRICS,True
GEN_43BB8379,O=C(O)c1cc(O)c(O)c(Cc2ccc(O)c([N+](=O)[O-])c2)c1,CHEMBL305194;CHEMBL309625;CHEMBL67003;CHEMBL67057;CHEMBL80155,BRICS,True
GEN_53120D37,O=C(O)c1cc(O)c(O)c(Cc2cc(O)cc(O)c2)c1,CHEMBL305194;CHEMBL67003;CHEMBL67057;CHEMBL76905;CHEMBL80155,BRICS,True
GEN_56259C4B,O=C(O)c1cc(O)c(O)c(Cc2cc(O)ccc2O)c1,CHEMBL305194;CHEMBL67003;CHEMBL67057;CHEMBL76642;CHEMBL80155,BRICS,True
GEN_38B2226C,O=C(O)c1cc(O)c(O)c(Cc2ccccc2)c1,CHEMBL135592;CHEMBL136492;CHEMBL137635;CHEMBL305194;CHEMBL332096;CHEMBL344652;CHEMBL67003;CHEMBL67057;CHEMBL80155,BRICS,True
GEN_7F2D5C4D,O=C(O)c1cc(O)c(O)c(Cc2ccc(O)c(O)c2)c1,CHEMBL296407;CHEMBL305194;CHEMBL67003;CHEMBL67057;CHEMBL76904;CHEMBL80155,BRICS,True
GEN_A01C7340,O=C(O)c1cc(O)c(O)c(Cc2ccc(O)cc2)c1,CHEMBL305194;CHEMBL67003;CHEMBL67057;CHEMBL76589;CHEMBL80155,BRICS,True
GEN_8DC31047,O=C(O)c1cc(O)c(O)c(Cc2cc(O)c(O)c(O)c2)c1,CHEMBL305194;CHEMBL309598;CHEMBL310798;CHEMBL67003;CHEMBL67057;CHEMBL80155,BRICS,True
GEN_355CFD98,C/N=N/Nc1ccc2ncnc(Cc3cc(C(=O)O)cc(O)c3O)c2c1,CHEMBL133024;CHEMBL135592;CHEMBL305194;CHEMBL67003;CHEMBL67057;CHEMBL80155,BRICS,True
GEN_CC02770B,Cc1cc(C)c(Cc2cc(C(=O)O)cc(O)c2O)[nH]1,CHEMBL305194;CHEMBL67003;CHEMBL67057;CHEMBL68920;CHEMBL80155,BRICS,True
GEN_D30110F1,O=C(O)c1cc(O)c(O)c(Cc2ccccn2)c1,CHEMBL137635;CHEMBL138125;CHEMBL305194;CHEMBL67003;CHEMBL67057;CHEMBL80155,BRICS,True
GEN_9D608A74,Nc1ccc2ncnc(Cc3cc(C(=O)O)cc(O)c3O)c2c1,CHEMBL136492;CHEMBL305194;CHEMBL332096;CHEMBL336113;CHEMBL343352;CHEMBL52765;CHEMBL67003;CHEMBL67057;CHEMBL80155,BRICS,True
GEN_38929C8E,CN(C)/N=N/c1ccc2ncnc(Cc3cc(C(=O)O)cc(O)c3O)c2c1,CHEMBL136491;CHEMBL305194;CHEMBL344652;CHEMBL67003;CHEMBL67057;CHEMBL80155,BRICS,True
GEN_3452B6BB,O=C(O)c1cc(O)c(O)c(Cc2ncnc3ccc(N/N=N/Cc4cc(O)ccc4[N+](=O)[O-])cc23)c1,CHEMBL137635;CHEMBL138125;CHEMBL305194;CHEMBL67003;CHEMBL67057;CHEMBL77085;CHEMBL80155,BRICS,True
GEN_C072DBF8,O=Cc1ccc(C/N=N/Nc2ccc3ncnc(Cc4cc(C(=O)O)cc(O)c4O)c3c2)cc1,CHEMBL137635;CHEMBL138125;CHEMBL305194;CHEMBL311119;CHEMBL67003;CHEMBL67057;CHEMBL76985;CHEMBL80155,BRICS,True
GEN_125759D4,O=C(O)c1cc(O)c(O)c(Cc2ncnc3ccc(N/N=N/Cc4cccc(Br)c4)cc23)c1,CHEMBL137364;CHEMBL137635;CHEMBL138125;CHEMBL305194;CHEMBL52765;CHEMBL67003;CHEMBL67057;CHEMBL80155,BRICS,True
GEN_29335D3E,O=C(O)c1cc(O)c(O)c(Cc2ncnc3ccc(N/N=N/Cc4cccc(Cl)c4)cc23)c1,CHEMBL133024;CHEMBL136491;CHEMBL137635;CHEMBL138125;CHEMBL305194;CHEMBL343352;CHEMBL67003;CHEMBL67057;CHEMBL80155,BRICS,True
GEN_3B0B4286,Cc1cccc(C/N=N/Nc2ccc3ncnc(Cc4cc(C(=O)O)cc(O)c4O)c3c2)c1,CHEMBL137635;CHEMBL138125;CHEMBL305194;CHEMBL336113;CHEMBL67003;CHEMBL67057;CHEMBL80155,BRICS,True
GEN_5EFF395E,O=C(O)c1cc(O)c(O)c(Cc2ncnc3ccc(N/N=N/Cc4ccc(F)c(Cl)c4)cc23)c1,CHEMBL137635;CHEMBL138125;CHEMBL302552;CHEMBL304271;CHEMBL305194;CHEMBL308645;CHEMBL432903;CHEMBL443268;CHEMBL66570;CHEMBL67003;CHEMBL67057;CHEMBL68920;CHEMBL69629;CHEMBL69960;CHEMBL69964;CHEMBL80155,BRICS,True
GEN_530DAFC3,O=C(O)c1cc(O)c(O)c(Cc2ncnc3ccc(N/N=N/Cc4ccc5c(c4)CCC5)cc23)c1,CHEMBL137635;CHEMBL138125;CHEMBL305194;CHEMBL65848;CHEMBL67003;CHEMBL67057;CHEMBL80155,BRICS,True
GEN_56F7DDE8,O=C(O)c1cc(O)c(O)c(Cc2ncnc3ccc(N/N=N/Cc4ccc(O)c([N+](=O)[O-])c4)cc23)c1,CHEMBL137635;CHEMBL138125;CHEMBL305194;CHEMBL309625;CHEMBL67003;CHEMBL67057;CHEMBL80155,BRICS,True
GEN_73EA855C,O=C(O)c1cc(O)c(O)c(Cc2ncnc3ccc(N/N=N/Cc4cc(O)cc(O)c4)cc23)c1,CHEMBL137635;CHEMBL138125;CHEMBL305194;CHEMBL67003;CHEMBL67057;CHEMBL76905;CHEMBL80155,BRICS,True
GEN_2A7BBB80,O=C(O)c1cc(O)c(O)c(Cc2ncnc3ccc(N/N=N/Cc4cc(O)ccc4O)cc23)c1,CHEMBL137635;CHEMBL138125;CHEMBL305194;CHEMBL67003;CHEMBL67057;CHEMBL76642;CHEMBL80155,BRICS,True
GEN_0EB383B1,O=C(O)c1cc(O)c(O)c(Cc2ncnc3ccc(N/N=N/Cc4ccccc4)cc23)c1,CHEMBL135592;CHEMBL136492;CHEMBL137635;CHEMBL138125;CHEMBL305194;CHEMBL332096;CHEMBL344652;CHEMBL67003;CHEMBL67057;CHEMBL80155,BRICS,True
GEN_5F2E95F4,O=C(O)c1cc(O)c(O)c(Cc2ncnc3ccc(N/N=N/Cc4ccc(O)c(O)c4)cc23)c1,CHEMBL137635;CHEMBL138125;CHEMBL296407;CHEMBL305194;CHEMBL67003;CHEMBL67057;CHEMBL76904;CHEMBL80155,BRICS,True
GEN_967EDF76,O=C(O)c1cc(O)c(O)c(Cc2ncnc3ccc(N/N=N/Cc4ccc(O)cc4)cc23)c1,CHEMBL137635;CHEMBL138125;CHEMBL305194;CHEMBL67003;CHEMBL67057;CHEMBL76589;CHEMBL80155,BRICS,True
GEN_9283488A,O=C(O)c1cc(O)c(O)c(Cc2ncnc3ccc(N/N=N/Cc4cc(O)c(O)c(O)c4)cc23)c1,CHEMBL137635;CHEMBL138125;CHEMBL305194;CHEMBL309598;CHEMBL310798;CHEMBL67003;CHEMBL67057;CHEMBL80155,BRICS,True
GEN_2CBF9F61,C/N=N/Nc1ccc2ncnc(C/N=N/Nc3ccc4ncnc(Cc5cc(C(=O)O)cc(O)c5O)c4c3)c2c1,CHEMBL133024;CHEMBL135592;CHEMBL137635;CHEMBL138125;CHEMBL305194;CHEMBL67003;CHEMBL67057;CHEMBL80155,BRICS,True
GEN_8EAB43FF,Cc1cc(C)c(C/N=N/Nc2ccc3ncnc(Cc4cc(C(=O)O)cc(O)c4O)c3c2)[nH]1,CHEMBL137635;CHEMBL138125;CHEMBL305194;CHEMBL67003;CHEMBL67057;CHEMBL68920;CHEMBL80155,BRICS,True
GEN_A9C5BDC9,O=C(O)c1cc(O)c(O)c(Cc2ncnc3ccc(N/N=N/Cc4ccccn4)cc23)c1,CHEMBL137635;CHEMBL138125;CHEMBL305194;CHEMBL67003;CHEMBL67057;CHEMBL80155,BRICS,True
GEN_157A8796,Nc1ccc2ncnc(C/N=N/Nc3ccc4ncnc(Cc5cc(C(=O)O)cc(O)c5O)c4c3)c2c1,CHEMBL136492;CHEMBL137635;CHEMBL138125;CHEMBL305194;CHEMBL332096;CHEMBL336113;CHEMBL343352;CHEMBL52765;CHEMBL67003;CHEMBL67057;CHEMBL80155,BRICS,True
GEN_CAA86446,CN(C)/N=N/c1ccc2ncnc(C/N=N/Nc3ccc4ncnc(Cc5cc(C(=O)O)cc(O)c5O)c4c3)c2c1,CHEMBL136491;CHEMBL137635;CHEMBL138125;CHEMBL305194;CHEMBL344652;CHEMBL67003;CHEMBL67057;CHEMBL80155,BRICS,True
GEN_7524D066,COCC/N=N/Nc1ccc2ncnc(Cc3cc(C(=O)O)cc(O)c3O)c2c1,CHEMBL137364;CHEMBL305194;CHEMBL67003;CHEMBL67057;CHEMBL80155,BRICS,True
GEN_C5615BCD,CN1CCN(CC/N=N/Nc2ccc3ncnc(Cc4cc(C(=O)O)cc(O)c4O)c3c2)CC1,CHEMBL137364;CHEMBL305194;CHEMBL67003;CHEMBL67057;CHEMBL69964;CHEMBL80155,BRICS,True
GEN_7001E55E,O=C(O)c1cc(O)c(O)c(Cc2ncnc3ccc(N/N=N/CCN4CCOCC4)cc23)c1,CHEMBL137364;CHEMBL302552;CHEMBL305194;CHEMBL443268;CHEMBL65848;CHEMBL67003;CHEMBL67057;CHEMBL69629;CHEMBL69960;CHEMBL80155,BRICS,True
GEN_D0519816,C/N=N/Nc1ccc2ncnc(-c3cc(Cc4cc(C(=O)O)cc(O)c4O)cc(O)c3O)c2c1,CHEMBL133024;CHEMBL135592;CHEMBL305194;CHEMBL67003;CHEMBL67057;CHEMBL80155,BRICS,True
GEN_28C1EFE5,Cc1cc(C)c(-c2cc(Cc3cc(C(=O)O)cc(O)c3O)cc(O)c2O)[nH]1,CHEMBL305194;CHEMBL67003;CHEMBL67057;CHEMBL68920;CHEMBL80155,BRICS,True
GEN_00BBD120,O=C(O)c1cc(O)c(O)c(Cc2cc(O)c(O)c(-c3ccccn3)c2)c1,CHEMBL137635;CHEMBL138125;CHEMBL305194;CHEMBL67003;CHEMBL67057;CHEMBL80155,BRICS,True
GEN_5F9BC214,Nc1ccc2ncnc(-c3cc(Cc4cc(C(=O)O)cc(O)c4O)cc(O)c3O)c2c1,CHEMBL136492;CHEMBL305194;CHEMBL332096;CHEMBL336113;CHEMBL343352;CHEMBL52765;CHEMBL67003;CHEMBL67057;CHEMBL80155,BRICS,True
GEN_6DC4D2E2,CN(C)/N=N/c1ccc2ncnc(-c3cc(Cc4cc(C(=O)O)cc(O)c4O)cc(O)c3O)c2c1,CHEMBL136491;CHEMBL305194;CHEMBL344652;CHEMBL67003;CHEMBL67057;CHEMBL80155,BRICS,True
GEN_F47D0316,O=C(O)c1cc(O)c(O)c(Cc2cc(O)c(O)c(-c3cc(O)ccc3[N+](=O)[O-])c2)c1,CHEMBL305194;CHEMBL67003;CHEMBL67057;CHEMBL77085;CHEMBL80155,BRICS,True
GEN_9714567F,O=Cc1ccc(-c2cc(Cc3cc(C(=O)O)cc(O)c3O)cc(O)c2O)cc1,CHEMBL305194;CHEMBL311119;CHEMBL67003;CHEMBL67057;CHEMBL76985;CHEMBL80155,BRICS,True
GEN_DB1FCC7D,O=C(O)c1cc(O)c(O)c(Cc2cc(O)c(O)c(-c3cccc(Br)c3)c2)c1,CHEMBL137364;CHEMBL138125;CHEMBL305194;CHEMBL52765;CHEMBL67003;CHEMBL67057;CHEMBL80155,BRICS,True
GEN_2AAB66C0,O=C(O)c1cc(O)c(O)c(Cc2cc(O)c(O)c(-c3cccc(Cl)c3)c2)c1,CHEMBL133024;CHEMBL136491;CHEMBL305194;CHEMBL343352;CHEMBL67003;CHEMBL67057;CHEMBL80155,BRICS,True
GEN_4896AB30,Cc1cccc(-c2cc(Cc3cc(C(=O)O)cc(O)c3O)cc(O)c2O)c1,CHEMBL305194;CHEMBL336113;CHEMBL67003;CHEMBL67057;CHEMBL80155,BRICS,True
GEN_5A6CDE2E,O=C(O)c1cc(O)c(O)c(Cc2cc(O)c(O)c(-c3ccc(F)c(Cl)c3)c2)c1,CHEMBL302552;CHEMBL304271;CHEMBL305194;CHEMBL308645;CHEMBL432903;CHEMBL443268;CHEMBL66570;CHEMBL67003;CHEMBL67057;CHEMBL68920;CHEMBL69629;CHEMBL69960;CHEMBL69964;CHEMBL80155,BRICS,True
GEN_FFBD2360,O=C(O)c1cc(O)c(O)c(Cc2cc(O)c(O)c(-c3ccc4c(c3)CCC4)c2)c1,CHEMBL305194;CHEMBL65848;CHEMBL67003;CHEMBL67057;CHEMBL80155,BRICS,True
GEN_99138C83,O=C(O)c1cc(O)c(O)c(Cc2cc(O)c(O)c(-c3ccc(O)c([N+](=O)[O-])c3)c2)c1,CHEMBL305194;CHEMBL309625;CHEMBL67003;CHEMBL67057;CHEMBL80155,BRICS,True
GEN_43435279,O=C(O)c1cc(O)c(O)c(Cc2cc(O)c(O)c(-c3cc(O)cc(O)c3)c2)c1,CHEMBL305194;CHEMBL67003;CHEMBL67057;CHEMBL76905;CHEMBL80155,BRICS,True
GEN_40F9563A,O=C(O)c1cc(O)c(O)c(Cc2cc(O)c(O)c(-c3cc(O)ccc3O)c2)c1,CHEMBL305194;CHEMBL67003;CHEMBL67057;CHEMBL76642;CHEMBL80155,BRICS,True
GEN_0DD93767,O=C(O)c1cc(O)c(O)c(Cc2cc(O)c(O)c(-c3ccccc3)c2)c1,CHEMBL135592;CHEMBL136492;CHEMBL137635;CHEMBL305194;CHEMBL332096;CHEMBL344652;CHEMBL67003;CHEMBL67057;CHEMBL80155,BRICS,True
GEN_A05F3320,O=C(O)c1cc(O)c(O)c(Cc2cc(O)c(O)c(-c3ccc(O)c(O)c3)c2)c1,CHEMBL296407;CHEMBL305194;CHEMBL67003;CHEMBL67057;CHEMBL76904;CHEMBL80155,BRICS,True
GEN_156733B7,O=C(O)c1cc(O)c(O)c(Cc2cc(O)c(O)c(-c3ccc(O)cc3)c2)c1,CHEMBL305194;CHEMBL67003;CHEMBL67057;CHEMBL76589;CHEMBL80155,BRICS,True
GEN_FA002A92,O=C(O)c1cc(O)c(O)c(Cc2cc(O)c(O)c(-c3cc(O)c(O)c(O)c3)c2)c1,CHEMBL305194;CHEMBL309598;CHEMBL310798;CHEMBL67003;CHEMBL67057;CHEMBL80155,BRICS,True
GEN_5632B3D0,COc1cc(Cc2cc(C(=O)O)cc(O)c2O)cc(O)c1O,CHEMBL305194;CHEMBL67003;CHEMBL67057;CHEMBL80155,BRICS,True
GEN_F7BB7FF1,O=C(O)CCc1cc(Cc2cc(C(=O)O)cc(O)c2O)cc(O)c1O,CHEMBL305194;CHEMBL308645;CHEMBL67003;CHEMBL67057;CHEMBL80155,BRICS,True
GEN_863B64B2,CN1CCN(c2cc(Cc3cc(C(=O)O)cc(O)c3O)cc(O)c2O)CC1,CHEMBL305194;CHEMBL67003;CHEMBL67057;CHEMBL69964;CHEMBL80155,BRICS,True
GEN_ACECFD86,O=C(O)c1cc(O)c(O)c(Cc2cc(O)c(O)c(N3CCOCC3)c2)c1,CHEMBL137364;CHEMBL302552;CHEMBL305194;CHEMBL443268;CHEMBL65848;CHEMBL67003;CHEMBL67057;CHEMBL69629;CHEMBL69960;CHEMBL80155,BRICS,True
GEN_811BBC93,O=C(O)c1cc(O)c(O)c(Cc2cc(O)c(O)c(C(=O)O)c2)c1,CHEMBL305194;CHEMBL67003;CHEMBL67057;CHEMBL80155,BRICS,True
GEN_9E0049CC,C/N=N/Nc1ccc2ncnc(-c3cc(O)c(O)c(Cc4cc(C(=O)O)cc(O)c4O)c3)c2c1,CHEMBL133024;CHEMBL135592;CHEMBL305194;CHEMBL67003;CHEMBL67057;CHEMBL80155,BRICS,True
GEN_3528E158,Cc1cc(C)c(-c2cc(O)c(O)c(Cc3cc(C(=O)O)cc(O)c3O)c2)[nH]1,CHEMBL305194;CHEMBL67003;CHEMBL67057;CHEMBL68920;CHEMBL80155,BRICS,True
GEN_BCFF3687,O=C(O)c1cc(O)c(O)c(Cc2cc(-c3ccccn3)cc(O)c2O)c1,CHEMBL137635;CHEMBL138125;CHEMBL305194;CHEMBL67003;CHEMBL67057;CHEMBL80155,BRICS,True
GEN_BE4A240A,Nc1ccc2ncnc(-c3cc(O)c(O)c(Cc4cc(C(=O)O)cc(O)c4O)c3)c2c1,CHEMBL136492;CHEMBL305194;CHEMBL332096;CHEMBL336113;CHEMBL343352;CHEMBL52765;CHEMBL67003;CHEMBL67057;CHEMBL80155,BRICS,True
GEN_0E705C58,CN(C)/N=N/c1ccc2ncnc(-c3cc(O)c(O)c(Cc4cc(C(=O)O)cc(O)c4O)c3)c2c1,CHEMBL136491;CHEMBL305194;CHEMBL344652;CHEMBL67003;CHEMBL67057;CHEMBL80155,BRICS,True
GEN_957B55F1,O=C(O)c1cc(O)c(O)c(Cc2cc(-c3cc(O)ccc3[N+](=O)[O-])cc(O)c2O)c1,CHEMBL305194;CHEMBL67003;CHEMBL67057;CHEMBL77085;CHEMBL80155,BRICS,True
GEN_D7C882CB,O=Cc1ccc(-c2cc(O)c(O)c(Cc3cc(C(=O)O)cc(O)c3O)c2)cc1,CHEMBL305194;CHEMBL311119;CHEMBL67003;CHEMBL67057;CHEMBL76985;CHEMBL80155,BRICS,True
GEN_D593AEB6,O=C(O)c1cc(O)c(O)c(Cc2cc(-c3cccc(Br)c3)cc(O)c2O)c1,CHEMBL137364;CHEMBL138125;CHEMBL305194;CHEMBL52765;CHEMBL67003;CHEMBL67057;CHEMBL80155,BRICS,True
GEN_D340C32A,O=C(O)c1cc(O)c(O)c(Cc2cc(-c3cccc(Cl)c3)cc(O)c2O)c1,CHEMBL133024;CHEMBL136491;CHEMBL305194;CHEMBL343352;CHEMBL67003;CHEMBL67057;CHEMBL80155,BRICS,True
GEN_644FD1F5,Cc1cccc(-c2cc(O)c(O)c(Cc3cc(C(=O)O)cc(O)c3O)c2)c1,CHEMBL305194;CHEMBL336113;CHEMBL67003;CHEMBL67057;CHEMBL80155,BRICS,True
GEN_4AA18FB7,O=C(O)c1cc(O)c(O)c(Cc2cc(-c3ccc(F)c(Cl)c3)cc(O)c2O)c1,CHEMBL302552;CHEMBL304271;CHEMBL305194;CHEMBL308645;CHEMBL432903;CHEMBL443268;CHEMBL66570;CHEMBL67003;CHEMBL67057;CHEMBL68920;CHEMBL69629;CHEMBL69960;CHEMBL69964;CHEMBL80155,BRICS,True
GEN_551650C4,O=C(O)c1cc(O)c(O)c(Cc2cc(-c3ccc4c(c3)CCC4)cc(O)c2O)c1,CHEMBL305194;CHEMBL65848;CHEMBL67003;CHEMBL67057;CHEMBL80155,BRICS,True
GEN_73A744E1,O=C(O)c1cc(O)c(O)c(Cc2cc(-c3ccc(O)c([N+](=O)[O-])c3)cc(O)c2O)c1,CHEMBL305194;CHEMBL309625;CHEMBL67003;CHEMBL67057;CHEMBL80155,BRICS,True
GEN_516A80C2,O=C(O)c1cc(O)c(O)c(Cc2cc(-c3cc(O)cc(O)c3)cc(O)c2O)c1,CHEMBL305194;CHEMBL67003;CHEMBL67057;CHEMBL76905;CHEMBL80155,BRICS,True
GEN_AAA6E833,O=C(O)c1cc(O)c(O)c(Cc2cc(-c3cc(O)ccc3O)cc(O)c2O)c1,CHEMBL305194;CHEMBL67003;CHEMBL67057;CHEMBL76642;CHEMBL80155,BRICS,True
GEN_3EC1D5EE,O=C(O)c1cc(O)c(O)c(Cc2cc(-c3ccccc3)cc(O)c2O)c1,CHEMBL135592;CHEMBL136492;CHEMBL137635;CHEMBL305194;CHEMBL332096;CHEMBL344652;CHEMBL67003;CHEMBL67057;CHEMBL80155,BRICS,True
GEN_CB167E9C,O=C(O)c1cc(O)c(O)c(Cc2cc(-c3ccc(O)c(O)c3)cc(O)c2O)c1,CHEMBL296407;CHEMBL305194;CHEMBL67003;CHEMBL67057;CHEMBL76904;CHEMBL80155,BRICS,True
GEN_77854C77,O=C(O)c1cc(O)c(O)c(Cc2cc(-c3ccc(O)cc3)cc(O)c2O)c1,CHEMBL305194;CHEMBL67003;CHEMBL67057;CHEMBL76589;CHEMBL80155,BRICS,True
GEN_0195B45D,O=C(O)c1cc(O)c(O)c(Cc2cc(-c3cc(O)c(O)c(O)c3)cc(O)c2O)c1,CHEMBL305194;CHEMBL309598;CHEMBL310798;CHEMBL67003;CHEMBL67057;CHEMBL80155,BRICS,True
GEN_4C20D995,COc1cc(O)c(O)c(Cc2cc(C(=O)O)cc(O)c2O)c1,CHEMBL305194;CHEMBL67003;CHEMBL67057;CHEMBL80155,BRICS,True
GEN_11C5C38B,O=C(O)CCc1cc(O)c(O)c(Cc2cc(C(=O)O)cc(O)c2O)c1,CHEMBL305194;CHEMBL308645;CHEMBL67003;CHEMBL67057;CHEMBL80155,BRICS,True
GEN_48AEC0E2,CN1CCN(c2cc(O)c(O)c(Cc3cc(C(=O)O)cc(O)c3O)c2)CC1,CHEMBL305194;CHEMBL67003;CHEMBL67057;CHEMBL69964;CHEMBL80155,BRICS,True
GEN_4664A9B1,O=C(O)c1cc(O)c(O)c(Cc2cc(N3CCOCC3)cc(O)c2O)c1,CHEMBL137364;CHEMBL302552;CHEMBL305194;CHEMBL443268;CHEMBL65848;CHEMBL67003;CHEMBL67057;CHEMBL69629;CHEMBL69960;CHEMBL80155,BRICS,True
GEN_A4E18AB3,O=C(O)c1cc(O)c(O)c(Cc2cc(C(=O)O)cc(O)c2O)c1,CHEMBL305194;CHEMBL67003;CHEMBL67057;CHEMBL80155,BRICS,True
GEN_C906D694,O=C(O)CCn1ccc2cc(Cc3cc(C(=O)O)cc(O)c3O)ccc21,CHEMBL305194;CHEMBL308645;CHEMBL67003;CHEMBL67057;CHEMBL80155,BRICS,True
GEN_5DEA21B9,O=C(O)c1cc(O)c(O)c(Cc2ccc3c(ccn3-c3cc(O)ccc3[N+](=O)[O-])c2)c1,CHEMBL305194;CHEMBL67003;CHEMBL67057;CHEMBL77085;CHEMBL80155,BRICS,True
GEN_4B04FE61,O=Cc1ccc(-n2ccc3cc(Cc4cc(C(=O)O)cc(O)c4O)ccc32)cc1,CHEMBL305194;CHEMBL311119;CHEMBL67003;CHEMBL67057;CHEMBL76985;CHEMBL80155,BRICS,True
GEN_010C23E6,O=C(O)c1cc(O)c(O)c(Cc2ccc3c(ccn3-c3cccc(Br)c3)c2)c1,CHEMBL137364;CHEMBL138125;CHEMBL305194;CHEMBL52765;CHEMBL67003;CHEMBL67057;CHEMBL80155,BRICS,True
GEN_E4878EF2,O=C(O)c1cc(O)c(O)c(Cc2ccc3c(ccn3-c3cccc(Cl)c3)c2)c1,CHEMBL133024;CHEMBL136491;CHEMBL305194;CHEMBL343352;CHEMBL67003;CHEMBL67057;CHEMBL80155,BRICS,True
GEN_8175658A,Cc1cccc(-n2ccc3cc(Cc4cc(C(=O)O)cc(O)c4O)ccc32)c1,CHEMBL305194;CHEMBL336113;CHEMBL67003;CHEMBL67057;CHEMBL80155,BRICS,True
GEN_E0C4660A,O=C(O)c1cc(O)c(O)c(Cc2ccc3c(ccn3-c3ccc(F)c(Cl)c3)c2)c1,CHEMBL302552;CHEMBL304271;CHEMBL305194;CHEMBL308645;CHEMBL432903;CHEMBL443268;CHEMBL66570;CHEMBL67003;CHEMBL67057;CHEMBL68920;CHEMBL69629;CHEMBL69960;CHEMBL69964;CHEMBL80155,BRICS,True
GEN_00CC3FEC,O=C(O)c1cc(O)c(O)c(Cc2ccc3c(ccn3-c3ccc4c(c3)CCC4)c2)c1,CHEMBL305194;CHEMBL65848;CHEMBL67003;CHEMBL67057;CHEMBL80155,BRICS,True
GEN_C672474B,O=C(O)c1cc(O)c(O)c(Cc2ccc3c(ccn3-c3ccc(O)c([N+](=O)[O-])c3)c2)c1,CHEMBL305194;CHEMBL309625;CHEMBL67003;CHEMBL67057;CHEMBL80155,BRICS,True
GEN_33E8B3FC,O=C(O)c1cc(O)c(O)c(Cc2ccc3c(ccn3-c3cc(O)cc(O)c3)c2)c1,CHEMBL305194;CHEMBL67003;CHEMBL67057;CHEMBL76905;CHEMBL80155,BRICS,True
GEN_CE1B17CD,O=C(O)c1cc(O)c(O)c(Cc2ccc3c(ccn3-c3cc(O)ccc3O)c2)c1,CHEMBL305194;CHEMBL67003;CHEMBL67057;CHEMBL76642;CHEMBL80155,BRICS,True
GEN_202C70FD,O=C(O)c1cc(O)c(O)c(Cc2ccc3c(ccn3-c3ccccc3)c2)c1,CHEMBL135592;CHEMBL136492;CHEMBL137635;CHEMBL305194;CHEMBL332096;CHEMBL344652;CHEMBL67003;CHEMBL67057;CHEMBL80155,BRICS,True
GEN_A78C723E,O=C(O)c1cc(O)c(O)c(Cc2ccc3c(ccn3-c3ccc(O)c(O)c3)c2)c1,CHEMBL296407;CHEMBL305194;CHEMBL67003;CHEMBL67057;CHEMBL76904;CHEMBL80155,BRICS,True
GEN_73D0AA80,O=C(O)c1cc(O)c(O)c(Cc2ccc3c(ccn3-c3ccc(O)cc3)c2)c1,CHEMBL305194;CHEMBL67003;CHEMBL67057;CHEMBL76589;CHEMBL80155,BRICS,True
GEN_5D746A0A,O=C(O)c1cc(O)c(O)c(Cc2ccc3c(ccn3-c3cc(O)c(O)c(O)c3)c2)c1,CHEMBL305194;CHEMBL309598;CHEMBL310798;CHEMBL67003;CHEMBL67057;CHEMBL80155,BRICS,True
GEN_8260F6FE,C/N=N/Nc1ccc2ncnc(-n3ccc4cc(Cc5cc(C(=O)O)cc(O)c5O)ccc43)c2c1,CHEMBL133024;CHEMBL135592;CHEMBL305194;CHEMBL67003;CHEMBL67057;CHEMBL80155,BRICS,True
GEN_7E693EE1,Cc1cc(C)c(-n2ccc3cc(Cc4cc(C(=O)O)cc(O)c4O)ccc32)[nH]1,CHEMBL305194;CHEMBL67003;CHEMBL67057;CHEMBL68920;CHEMBL80155,BRICS,True
GEN_C5EE69A5,O=C(O)c1cc(O)c(O)c(Cc2ccc3c(ccn3-c3ccccn3)c2)c1,CHEMBL137635;CHEMBL138125;CHEMBL305194;CHEMBL67003;CHEMBL67057;CHEMBL80155,BRICS,True
GEN_27A79B4A,Nc1ccc2ncnc(-n3ccc4cc(Cc5cc(C(=O)O)cc(O)c5O)ccc43)c2c1,CHEMBL136492;CHEMBL305194;CHEMBL332096;CHEMBL336113;CHEMBL343352;CHEMBL52765;CHEMBL67003;CHEMBL67057;CHEMBL80155,BRICS,True
GEN_DDF2802E,CN(C)/N=N/c1ccc2ncnc(-n3ccc4cc(Cc5cc(C(=O)O)cc(O)c5O)ccc43)c2c1,CHEMBL136491;CHEMBL305194;CHEMBL344652;CHEMBL67003;CHEMBL67057;CHEMBL80155,BRICS,True
GEN_399E7A6E,N#CC(C#N)=C1C(=O)Nc2ncnc(Cc3cc(C(=O)O)cc(O)c3O)c21,CHEMBL302552;CHEMBL304271;CHEMBL305194;CHEMBL308645;CHEMBL309598;CHEMBL309625;CHEMBL310798;CHEMBL311119;CHEMBL432903;CHEMBL65848;CHEMBL66570;CHEMBL67003;CHEMBL67057;CHEMBL68920;CHEMBL69629;CHEMBL69960;CHEMBL69964;CHEMBL76589;CHEMBL76904;CHEMBL76905;CHEMBL77085;CHEMBL80155,BRICS,True
GEN_4E9C77F5,N#CC(C(N)=O)=C1C(=O)Nc2ncnc(Cc3cc(C(=O)O)cc(O)c3O)c21,CHEMBL296407;CHEMBL302552;CHEMBL304271;CHEMBL305194;CHEMBL308645;CHEMBL432903;CHEMBL65848;CHEMBL66570;CHEMBL67003;CHEMBL67057;CHEMBL68920;CHEMBL69629;CHEMBL69960;CHEMBL69964;CHEMBL80155,BRICS,True
GEN_48C8709C,N#CC(C(=O)O)=C1C(=O)Nc2ncnc(Cc3cc(C(=O)O)cc(O)c3O)c21,CHEMBL302552;CHEMBL304271;CHEMBL305194;CHEMBL308645;CHEMBL432903;CHEMBL65848;CHEMBL66570;CHEMBL67003;CHEMBL67057;CHEMBL68920;CHEMBL69629;CHEMBL69960;CHEMBL69964;CHEMBL76642;CHEMBL76985;CHEMBL80155,BRICS,True
GEN_67A3C64C,C/N=N/Nc1ccc2ncnc(-c3ccc4c(cnn4Cc4cc(C(=O)O)cc(O)c4O)c3)c2c1,CHEMBL133024;CHEMBL135592;CHEMBL305194;CHEMBL67003;CHEMBL67057;CHEMBL80155,BRICS,True
GEN_19A2A446,Cc1cc(C)c(-c2ccc3c(cnn3Cc3cc(C(=O)O)cc(O)c3O)c2)[nH]1,CHEMBL305194;CHEMBL67003;CHEMBL67057;CHEMBL68920;CHEMBL80155,BRICS,True
GEN_2BF8A1DE,O=C(O)c1cc(O)c(O)c(Cn2ncc3cc(-c4ccccn4)ccc32)c1,CHEMBL137635;CHEMBL138125;CHEMBL305194;CHEMBL67003;CHEMBL67057;CHEMBL80155,BRICS,True
GEN_67D2C34C,Nc1ccc2ncnc(-c3ccc4c(cnn4Cc4cc(C(=O)O)cc(O)c4O)c3)c2c1,CHEMBL136492;CHEMBL305194;CHEMBL332096;CHEMBL336113;CHEMBL343352;CHEMBL52765;CHEMBL67003;CHEMBL67057;CHEMBL80155,BRICS,True
GEN_F02E9F94,CN(C)/N=N/c1ccc2ncnc(-c3ccc4c(cnn4Cc4cc(C(=O)O)cc(O)c4O)c3)c2c1,CHEMBL136491;CHEMBL305194;CHEMBL344652;CHEMBL67003;CHEMBL67057;CHEMBL80155,BRICS,True
GEN_DB4338CA,O=C(O)c1cc(O)c(O)c(Cn2ncc3cc(-c4cc(O)ccc4[N+](=O)[O-])ccc32)c1,CHEMBL305194;CHEMBL67003;CHEMBL67057;CHEMBL77085;CHEMBL80155,BRICS,True
GEN_713507AF,O=Cc1ccc(-c2ccc3c(cnn3Cc3cc(C(=O)O)cc(O)c3O)c2)cc1,CHEMBL305194;CHEMBL311119;CHEMBL67003;CHEMBL67057;CHEMBL76985;CHEMBL80155,BRICS,True
GEN_8596B700,O=C(O)c1cc(O)c(O)c(Cn2ncc3cc(-c4cccc(Br)c4)ccc32)c1,CHEMBL137364;CHEMBL138125;CHEMBL305194;CHEMBL52765;CHEMBL67003;CHEMBL67057;CHEMBL80155,BRICS,True
GEN_5F8F07CB,O=C(O)c1cc(O)c(O)c(Cn2ncc3cc(-c4cccc(Cl)c4)ccc32)c1,CHEMBL133024;CHEMBL136491;CHEMBL305194;CHEMBL343352;CHEMBL67003;CHEMBL67057;CHEMBL80155,BRICS,True
GEN_4C22B593,Cc1cccc(-c2ccc3c(cnn3Cc3cc(C(=O)O)cc(O)c3O)c2)c1,CHEMBL305194;CHEMBL336113;CHEMBL67003;CHEMBL67057;CHEMBL80155,BRICS,True
GEN_85F05885,O=C(O)c1cc(O)c(O)c(Cn2ncc3cc(-c4ccc(F)c(Cl)c4)ccc32)c1,CHEMBL302552;CHEMBL304271;CHEMBL305194;CHEMBL308645;CHEMBL432903;CHEMBL443268;CHEMBL66570;CHEMBL67003;CHEMBL67057;CHEMBL68920;CHEMBL69629;CHEMBL69960;CHEMBL69964;CHEMBL80155,BRICS,True
GEN_4AD821CD,O=C(O)c1cc(O)c(O)c(Cn2ncc3cc(-c4ccc5c(c4)CCC5)ccc32)c1,CHEMBL305194;CHEMBL65848;CHEMBL67003;CHEMBL67057;CHEMBL80155,BRICS,True
GEN_CFD9299D,O=C(O)c1cc(O)c(O)c(Cn2ncc3cc(-c4ccc(O)c([N+](=O)[O-])c4)ccc32)c1,CHEMBL305194;CHEMBL309625;CHEMBL67003;CHEMBL67057;CHEMBL80155,BRICS,True
GEN_704BE17C,O=C(O)c1cc(O)c(O)c(Cn2ncc3cc(-c4cc(O)cc(O)c4)ccc32)c1,CHEMBL305194;CHEMBL67003;CHEMBL67057;CHEMBL76905;CHEMBL80155,BRICS,True
GEN_B0F8059F,O=C(O)c1cc(O)c(O)c(Cn2ncc3cc(-c4cc(O)ccc4O)ccc32)c1,CHEMBL305194;CHEMBL67003;CHEMBL67057;CHEMBL76642;CHEMBL80155,BRICS,True
GEN_61F2BCA6,O=C(O)c1cc(O)c(O)c(Cn2ncc3cc(-c4ccccc4)ccc32)c1,CHEMBL135592;CHEMBL136492;CHEMBL137635;CHEMBL305194;CHEMBL332096;CHEMBL344652;CHEMBL67003;CHEMBL67057;CHEMBL80155,BRICS,True
GEN_8B1BEEC3,O=C(O)c1cc(O)c(O)c(Cn2ncc3cc(-c4ccc(O)c(O)c4)ccc32)c1,CHEMBL296407;CHEMBL305194;CHEMBL67003;CHEMBL67057;CHEMBL76904;CHEMBL80155,BRICS,True
GEN_7D4E7340,O=C(O)c1cc(O)c(O)c(Cn2ncc3cc(-c4ccc(O)cc4)ccc32)c1,CHEMBL305194;CHEMBL67003;CHEMBL67057;CHEMBL76589;CHEMBL80155,BRICS,True
GEN_FC50C4BE,O=C(O)c1cc(O)c(O)c(Cn2ncc3cc(-c4cc(O)c(O)c(O)c4)ccc32)c1,CHEMBL305194;CHEMBL309598;CHEMBL310798;CHEMBL67003;CHEMBL67057;CHEMBL80155,BRICS,True
GEN_0514C025,COc1ccc2c(cnn2Cc2cc(C(=O)O)cc(O)c2O)c1,CHEMBL305194;CHEMBL67003;CHEMBL67057;CHEMBL80155,BRICS,True
GEN_6F4031B5,O=C(O)CCc1ccc2c(cnn2Cc2cc(C(=O)O)cc(O)c2O)c1,CHEMBL305194;CHEMBL308645;CHEMBL67003;CHEMBL67057;CHEMBL80155,BRICS,True
GEN_24580AAE,CN1CCN(c2ccc3c(cnn3Cc3cc(C(=O)O)cc(O)c3O)c2)CC1,CHEMBL305194;CHEMBL67003;CHEMBL67057;CHEMBL69964;CHEMBL80155,BRICS,True
GEN_B229E14C,O=C(O)c1cc(O)c(O)c(Cn2ncc3cc(N4CCOCC4)ccc32)c1,CHEMBL137364;CHEMBL302552;CHEMBL305194;CHEMBL443268;CHEMBL65848;CHEMBL67003;CHEMBL67057;CHEMBL69629;CHEMBL69960;CHEMBL80155,BRICS,True
GEN_1569A409,O=C(O)c1cc(O)c(O)c(Cn2ncc3cc(C(=O)O)ccc32)c1,CHEMBL305194;CHEMBL67003;CHEMBL67057;CHEMBL80155,BRICS,True
GEN_F25F6AA0,Cc1[nH]c(C(=O)O)c(C)c1Cc1cc(C(=O)O)cc(O)c1O,CHEMBL305194;CHEMBL432903;CHEMBL67003;CHEMBL67057;CHEMBL80155,BRICS,True
GEN_6BA480E7,Cc1[nH]c(-c2cc(O)ccc2[N+](=O)[O-])c(C)c1Cc1cc(C(=O)O)cc(O)c1O,CHEMBL305194;CHEMBL432903;CHEMBL67003;CHEMBL67057;CHEMBL77085;CHEMBL80155,BRICS,True
GEN_4A10367D,Cc1[nH]c(-c2ccc(C=O)cc2)c(C)c1Cc1cc(C(=O)O)cc(O)c1O,CHEMBL305194;CHEMBL311119;CHEMBL432903;CHEMBL67003;CHEMBL67057;CHEMBL76985;CHEMBL80155,BRICS,True
GEN_FB330932,Cc1[nH]c(-c2cccc(Br)c2)c(C)c1Cc1cc(C(=O)O)cc(O)c1O,CHEMBL137364;CHEMBL138125;CHEMBL305194;CHEMBL432903;CHEMBL52765;CHEMBL67003;CHEMBL67057;CHEMBL80155,BRICS,True
GEN_DFFFB94E,Cc1[nH]c(-c2cccc(Cl)c2)c(C)c1Cc1cc(C(=O)O)cc(O)c1O,CHEMBL133024;CHEMBL136491;CHEMBL305194;CHEMBL343352;CHEMBL432903;CHEMBL67003;CHEMBL67057;CHEMBL80155,BRICS,True
GEN_EFBD5B0F,Cc1cccc(-c2[nH]c(C)c(Cc3cc(C(=O)O)cc(O)c3O)c2C)c1,CHEMBL305194;CHEMBL336113;CHEMBL432903;CHEMBL67003;CHEMBL67057;CHEMBL80155,BRICS,True
GEN_9178A297,Cc1[nH]c(-c2ccc(F)c(Cl)c2)c(C)c1Cc1cc(C(=O)O)cc(O)c1O,CHEMBL302552;CHEMBL304271;CHEMBL305194;CHEMBL308645;CHEMBL432903;CHEMBL443268;CHEMBL66570;CHEMBL67003;CHEMBL67057;CHEMBL68920;CHEMBL69629;CHEMBL69960;CHEMBL69964;CHEMBL80155,BRICS,True
GEN_73CE518C,Cc1[nH]c(-c2ccc3c(c2)CCC3)c(C)c1Cc1cc(C(=O)O)cc(O)c1O,CHEMBL305194;CHEMBL432903;CHEMBL65848;CHEMBL67003;CHEMBL67057;CHEMBL80155,BRICS,True
GEN_FBB4FB88,Cc1[nH]c(-c2ccc(O)c([N+](=O)[O-])c2)c(C)c1Cc1cc(C(=O)O)cc(O)c1O,CHEMBL305194;CHEMBL309625;CHEMBL432903;CHEMBL67003;CHEMBL67057;CHEMBL80155,BRICS,True
GEN_FF2B0A53,Cc1[nH]c(-c2cc(O)cc(O)c2)c(C)c1Cc1cc(C(=O)O)cc(O)c1O,CHEMBL305194;CHEMBL432903;CHEMBL67003;CHEMBL67057;CHEMBL76905;CHEMBL80155,BRICS,True
GEN_22A320AC,Cc1[nH]c(-c2cc(O)ccc2O)c(C)c1Cc1cc(C(=O)O)cc(O)c1O,CHEMBL305194;CHEMBL432903;CHEMBL67003;CHEMBL67057;CHEMBL76642;CHEMBL80155,BRICS,True
GEN_AAB5B5BC,Cc1[nH]c(-c2ccccc2)c(C)c1Cc1cc(C(=O)O)cc(O)c1O,CHEMBL135592;CHEMBL136492;CHEMBL137635;CHEMBL305194;CHEMBL332096;CHEMBL344652;CHEMBL432903;CHEMBL67003;CHEMBL67057;CHEMBL80155,BRICS,True
GEN_A1C25B63,Cc1[nH]c(-c2ccc(O)c(O)c2)c(C)c1Cc1cc(C(=O)O)cc(O)c1O,CHEMBL296407;CHEMBL305194;CHEMBL432903;CHEMBL67003;CHEMBL67057;CHEMBL76904;CHEMBL80155,BRICS,True
GEN_8C927FC9,Cc1[nH]c(-c2ccc(O)cc2)c(C)c1Cc1cc(C(=O)O)cc(O)c1O,CHEMBL305194;CHEMBL432903;CHEMBL67003;CHEMBL67057;CHEMBL76589;CHEMBL80155,BRICS,True
GEN_C2D3E6CA,Cc1[nH]c(-c2cc(O)c(O)c(O)c2)c(C)c1Cc1cc(C(=O)O)cc(O)c1O,CHEMBL305194;CHEMBL309598;CHEMBL310798;CHEMBL432903;CHEMBL67003;CHEMBL67057;CHEMBL80155,BRICS,True
GEN_70A004F2,C/N=N/Nc1ccc2ncnc(-c3[nH]c(C)c(Cc4cc(C(=O)O)cc(O)c4O)c3C)c2c1,CHEMBL133024;CHEMBL135592;CHEMBL305194;CHEMBL432903;CHEMBL67003;CHEMBL67057;CHEMBL80155,BRICS,True
GEN_D40BB84D,Cc1cc(C)c(-c2[nH]c(C)c(Cc3cc(C(=O)O)cc(O)c3O)c2C)[nH]1,CHEMBL305194;CHEMBL432903;CHEMBL67003;CHEMBL67057;CHEMBL68920;CHEMBL80155,BRICS,True
GEN_8CD151AC,Cc1[nH]c(-c2ccccn2)c(C)c1Cc1cc(C(=O)O)cc(O)c1O,CHEMBL137635;CHEMBL138125;CHEMBL305194;CHEMBL432903;CHEMBL67003;CHEMBL67057;CHEMBL80155,BRICS,True
GEN_B4D1C478,Cc1[nH]c(-c2ncnc3ccc(N)cc23)c(C)c1Cc1cc(C(=O)O)cc(O)c1O,CHEMBL136492;CHEMBL305194;CHEMBL332096;CHEMBL336113;CHEMBL343352;CHEMBL432903;CHEMBL52765;CHEMBL67003;CHEMBL67057;CHEMBL80155,BRICS,True
GEN_EB3AD9D3,Cc1[nH]c(-c2ncnc3ccc(/N=N/N(C)C)cc23)c(C)c1Cc1cc(C(=O)O)cc(O)c1O,CHEMBL136491;CHEMBL305194;CHEMBL344652;CHEMBL432903;CHEMBL67003;CHEMBL67057;CHEMBL80155,BRICS,True
GEN_2FE6957D,Cc1[nH]c(N2CCN(C)CC2)c(C)c1Cc1cc(C(=O)O)cc(O)c1O,CHEMBL305194;CHEMBL432903;CHEMBL67003;CHEMBL67057;CHEMBL69964;CHEMBL80155,BRICS,True
GEN_30E90AEA,Cc1[nH]c(N2CCOCC2)c(C)c1Cc1cc(C(=O)O)cc(O)c1O,CHEMBL137364;CHEMBL302552;CHEMBL305194;CHEMBL432903;CHEMBL443268;CHEMBL65848;CHEMBL67003;CHEMBL67057;CHEMBL69629;CHEMBL69960;CHEMBL80155,BRICS,True
GEN_179137F7,COc1[nH]c(C)c(Cc2cc(C(=O)O)cc(O)c2O)c1C,CHEMBL305194;CHEMBL432903;CHEMBL67003;CHEMBL67057;CHEMBL80155,BRICS,True
GEN_74A5BCB6,Cc1[nH]c(CCC(=O)O)c(C)c1Cc1cc(C(=O)O)cc(O)c1O,CHEMBL305194;CHEMBL308645;CHEMBL432903;CHEMBL67003;CHEMBL67057;CHEMBL80155,BRICS,True
GEN_2BF6DBEC,Cc1cc(Cc2cc(C(=O)O)cc(O)c2O)[nH]c1C(=O)O,CHEMBL304271;CHEMBL305194;CHEMBL308645;CHEMBL443268;CHEMBL65848;CHEMBL66570;CHEMBL67003;CHEMBL67057;CHEMBL69629;CHEMBL69960;CHEMBL69964;CHEMBL80155,BRICS,True
GEN_7B0F3B59,Cc1cc(Cc2cc(C(=O)O)cc(O)c2O)[nH]c1-c1cc(O)ccc1[N+](=O)[O-],CHEMBL304271;CHEMBL305194;CHEMBL308645;CHEMBL443268;CHEMBL65848;CHEMBL66570;CHEMBL67003;CHEMBL67057;CHEMBL69629;CHEMBL69960;CHEMBL69964;CHEMBL77085;CHEMBL80155,BRICS,True
GEN_AD134EE0,Cc1cc(Cc2cc(C(=O)O)cc(O)c2O)[nH]c1-c1ccc(C=O)cc1,CHEMBL304271;CHEMBL305194;CHEMBL308645;CHEMBL311119;CHEMBL443268;CHEMBL65848;CHEMBL66570;CHEMBL67003;CHEMBL67057;CHEMBL69629;CHEMBL69960;CHEMBL69964;CHEMBL76985;CHEMBL80155,BRICS,True
GEN_5C30D355,Cc1cc(Cc2cc(C(=O)O)cc(O)c2O)[nH]c1-c1cccc(Br)c1,CHEMBL137364;CHEMBL138125;CHEMBL304271;CHEMBL305194;CHEMBL308645;CHEMBL443268;CHEMBL52765;CHEMBL65848;CHEMBL66570;CHEMBL67003;CHEMBL67057;CHEMBL69629;CHEMBL69960;CHEMBL69964;CHEMBL80155,BRICS,True
GEN_75978963,Cc1cc(Cc2cc(C(=O)O)cc(O)c2O)[nH]c1-c1cccc(Cl)c1,CHEMBL133024;CHEMBL136491;CHEMBL304271;CHEMBL305194;CHEMBL308645;CHEMBL343352;CHEMBL443268;CHEMBL65848;CHEMBL66570;CHEMBL67003;CHEMBL67057;CHEMBL69629;CHEMBL69960;CHEMBL69964;CHEMBL80155,BRICS,True
GEN_8B654B22,Cc1cccc(-c2[nH]c(Cc3cc(C(=O)O)cc(O)c3O)cc2C)c1,CHEMBL304271;CHEMBL305194;CHEMBL308645;CHEMBL336113;CHEMBL443268;CHEMBL65848;CHEMBL66570;CHEMBL67003;CHEMBL67057;CHEMBL69629;CHEMBL69960;CHEMBL69964;CHEMBL80155,BRICS,True
GEN_564E64C3,Cc1cc(Cc2cc(C(=O)O)cc(O)c2O)[nH]c1-c1ccc(F)c(Cl)c1,CHEMBL302552;CHEMBL304271;CHEMBL305194;CHEMBL308645;CHEMBL432903;CHEMBL443268;CHEMBL65848;CHEMBL66570;CHEMBL67003;CHEMBL67057;CHEMBL68920;CHEMBL69629;CHEMBL69960;CHEMBL69964;CHEMBL80155,BRICS,True
GEN_66673705,Cc1cc(Cc2cc(C(=O)O)cc(O)c2O)[nH]c1-c1ccc2c(c1)CCC2,CHEMBL304271;CHEMBL305194;CHEMBL308645;CHEMBL443268;CHEMBL65848;CHEMBL66570;CHEMBL67003;CHEMBL67057;CHEMBL69629;CHEMBL69960;CHEMBL69964;CHEMBL80155,BRICS,True
GEN_5B9DB535,Cc1cc(Cc2cc(C(=O)O)cc(O)c2O)[nH]c1-c1ccc(O)c([N+](=O)[O-])c1,CHEMBL304271;CHEMBL305194;CHEMBL308645;CHEMBL309625;CHEMBL443268;CHEMBL65848;CHEMBL66570;CHEMBL67003;CHEMBL67057;CHEMBL69629;CHEMBL69960;CHEMBL69964;CHEMBL80155,BRICS,True
GEN_6B1CD8BE,Cc1cc(Cc2cc(C(=O)O)cc(O)c2O)[nH]c1-c1cc(O)cc(O)c1,CHEMBL304271;CHEMBL305194;CHEMBL308645;CHEMBL443268;CHEMBL65848;CHEMBL66570;CHEMBL67003;CHEMBL67057;CHEMBL69629;CHEMBL69960;CHEMBL69964;CHEMBL76905;CHEMBL80155,BRICS,True
GEN_E4E13762,Cc1cc(Cc2cc(C(=O)O)cc(O)c2O)[nH]c1-c1cc(O)ccc1O,CHEMBL304271;CHEMBL305194;CHEMBL308645;CHEMBL443268;CHEMBL65848;CHEMBL66570;CHEMBL67003;CHEMBL67057;CHEMBL69629;CHEMBL69960;CHEMBL69964;CHEMBL76642;CHEMBL80155,BRICS,True
GEN_98282092,Cc1cc(Cc2cc(C(=O)O)cc(O)c2O)[nH]c1-c1ccccc1,CHEMBL135592;CHEMBL136492;CHEMBL137635;CHEMBL304271;CHEMBL305194;CHEMBL308645;CHEMBL332096;CHEMBL344652;CHEMBL443268;CHEMBL65848;CHEMBL66570;CHEMBL67003;CHEMBL67057;CHEMBL69629;CHEMBL69960;CHEMBL69964;CHEMBL80155,BRICS,True
GEN_6B828535,Cc1cc(Cc2cc(C(=O)O)cc(O)c2O)[nH]c1-c1ccc(O)c(O)c1,CHEMBL296407;CHEMBL304271;CHEMBL305194;CHEMBL308645;CHEMBL443268;CHEMBL65848;CHEMBL66570;CHEMBL67003;CHEMBL67057;CHEMBL69629;CHEMBL69960;CHEMBL69964;CHEMBL76904;CHEMBL80155,BRICS,True
GEN_EC760FA5,Cc1cc(Cc2cc(C(=O)O)cc(O)c2O)[nH]c1-c1ccc(O)cc1,CHEMBL304271;CHEMBL305194;CHEMBL308645;CHEMBL443268;CHEMBL65848;CHEMBL66570;CHEMBL67003;CHEMBL67057;CHEMBL69629;CHEMBL69960;CHEMBL69964;CHEMBL76589;CHEMBL80155,BRICS,True
GEN_0D7E87DA,Cc1cc(Cc2cc(C(=O)O)cc(O)c2O)[nH]c1-c1cc(O)c(O)c(O)c1,CHEMBL304271;CHEMBL305194;CHEMBL308645;CHEMBL309598;CHEMBL310798;CHEMBL443268;CHEMBL65848;CHEMBL66570;CHEMBL67003;CHEMBL67057;CHEMBL69629;CHEMBL69960;CHEMBL69964;CHEMBL80155,BRICS,True
GEN_9725FDF0,C/N=N/Nc1ccc2ncnc(-c3[nH]c(Cc4cc(C(=O)O)cc(O)c4O)cc3C)c2c1,CHEMBL133024;CHEMBL135592;CHEMBL304271;CHEMBL305194;CHEMBL308645;CHEMBL443268;CHEMBL65848;CHEMBL66570;CHEMBL67003;CHEMBL67057;CHEMBL69629;CHEMBL69960;CHEMBL69964;CHEMBL80155,BRICS,True
GEN_FF0DA062,Cc1cc(C)c(-c2[nH]c(Cc3cc(C(=O)O)cc(O)c3O)cc2C)[nH]1,CHEMBL304271;CHEMBL305194;CHEMBL308645;CHEMBL443268;CHEMBL65848;CHEMBL66570;CHEMBL67003;CHEMBL67057;CHEMBL68920;CHEMBL69629;CHEMBL69960;CHEMBL69964;CHEMBL80155,BRICS,True
GEN_6F811429,Cc1cc(Cc2cc(C(=O)O)cc(O)c2O)[nH]c1-c1ccccn1,CHEMBL137635;CHEMBL138125;CHEMBL304271;CHEMBL305194;CHEMBL308645;CHEMBL443268;CHEMBL65848;CHEMBL66570;CHEMBL67003;CHEMBL67057;CHEMBL69629;CHEMBL69960;CHEMBL69964;CHEMBL80155,BRICS,True
GEN_A6A81884,Cc1cc(Cc2cc(C(=O)O)cc(O)c2O)[nH]c1-c1ncnc2ccc(N)cc12,CHEMBL136492;CHEMBL304271;CHEMBL305194;CHEMBL308645;CHEMBL332096;CHEMBL336113;CHEMBL343352;CHEMBL443268;CHEMBL52765;CHEMBL65848;CHEMBL66570;CHEMBL67003;CHEMBL67057;CHEMBL69629;CHEMBL69960;CHEMBL69964;CHEMBL80155,BRICS,True
GEN_C0BB7346,Cc1cc(Cc2cc(C(=O)O)cc(O)c2O)[nH]c1-c1ncnc2ccc(/N=N/N(C)C)cc12,CHEMBL136491;CHEMBL304271;CHEMBL305194;CHEMBL308645;CHEMBL344652;CHEMBL443268;CHEMBL65848;CHEMBL66570;CHEMBL67003;CHEMBL67057;CHEMBL69629;CHEMBL69960;CHEMBL69964;CHEMBL80155,BRICS,True
GEN_31B56373,Cc1cc(Cc2cc(C(=O)O)cc(O)c2O)[nH]c1N1CCN(C)CC1,CHEMBL304271;CHEMBL305194;CHEMBL308645;CHEMBL443268;CHEMBL65848;CHEMBL66570;CHEMBL67003;CHEMBL67057;CHEMBL69629;CHEMBL69960;CHEMBL69964;CHEMBL80155,BRICS,True
GEN_BF7827D7,Cc1cc(Cc2cc(C(=O)O)cc(O)c2O)[nH]c1N1CCOCC1,CHEMBL137364;CHEMBL302552;CHEMBL304271;CHEMBL305194;CHEMBL308645;CHEMBL443268;CHEMBL65848;CHEMBL66570;CHEMBL67003;CHEMBL67057;CHEMBL69629;CHEMBL69960;CHEMBL69964;CHEMBL80155,BRICS,True
GEN_3FCC9214,COc1[nH]c(Cc2cc(C(=O)O)cc(O)c2O)cc1C,CHEMBL304271;CHEMBL305194;CHEMBL308645;CHEMBL443268;CHEMBL65848;CHEMBL66570;CHEMBL67003;CHEMBL67057;CHEMBL69629;CHEMBL69960;CHEMBL69964;CHEMBL80155,BRICS,True
GEN_DCC7515D,Cc1cc(Cc2cc(C(=O)O)cc(O)c2O)[nH]c1CCC(=O)O,CHEMBL304271;CHEMBL305194;CHEMBL308645;CHEMBL443268;CHEMBL65848;CHEMBL66570;CHEMBL67003;CHEMBL67057;CHEMBL69629;CHEMBL69960;CHEMBL69964;CHEMBL80155,BRICS,True
GEN_01B0A2DE,O=C(O)c1cc(O)c(O)c(Cc2ccc(C(=O)O)[nH]2)c1,CHEMBL302552;CHEMBL305194;CHEMBL67003;CHEMBL67057;CHEMBL80155,BRICS,True
GEN_C60B879C,O=C(O)c1cc(O)c(O)c(Cc2ccc(-c3cc(O)ccc3[N+](=O)[O-])[nH]2)c1,CHEMBL302552;CHEMBL305194;CHEMBL67003;CHEMBL67057;CHEMBL77085;CHEMBL80155,BRICS,True
GEN_CC065204,O=Cc1ccc(-c2ccc(Cc3cc(C(=O)O)cc(O)c3O)[nH]2)cc1,CHEMBL302552;CHEMBL305194;CHEMBL311119;CHEMBL67003;CHEMBL67057;CHEMBL76985;CHEMBL80155,BRICS,True
GEN_2EDDD29D,O=C(O)c1cc(O)c(O)c(Cc2ccc(-c3cccc(Br)c3)[nH]2)c1,CHEMBL137364;CHEMBL138125;CHEMBL302552;CHEMBL305194;CHEMBL52765;CHEMBL67003;CHEMBL67057;CHEMBL80155,BRICS,True
GEN_20314C80,O=C(O)c1cc(O)c(O)c(Cc2ccc(-c3cccc(Cl)c3)[nH]2)c1,CHEMBL133024;CHEMBL136491;CHEMBL302552;CHEMBL305194;CHEMBL343352;CHEMBL67003;CHEMBL67057;CHEMBL80155,BRICS,True
GEN_2B76B70B,Cc1cccc(-c2ccc(Cc3cc(C(=O)O)cc(O)c3O)[nH]2)c1,CHEMBL302552;CHEMBL305194;CHEMBL336113;CHEMBL67003;CHEMBL67057;CHEMBL80155,BRICS,True
GEN_777D335D,O=C(O)c1cc(O)c(O)c(Cc2ccc(-c3ccc(F)c(Cl)c3)[nH]2)c1,CHEMBL302552;CHEMBL304271;CHEMBL305194;CHEMBL308645;CHEMBL432903;CHEMBL443268;CHEMBL66570;CHEMBL67003;CHEMBL67057;CHEMBL68920;CHEMBL69629;CHEMBL69960;CHEMBL69964;CHEMBL80155,BRICS,True
GEN_4D338566,O=C(O)c1cc(O)c(O)c(Cc2ccc(-c3ccc4c(c3)CCC4)[nH]2)c1,CHEMBL302552;CHEMBL305194;CHEMBL65848;CHEMBL67003;CHEMBL67057;CHEMBL80155,BRICS,True
GEN_C99079B3,O=C(O)c1cc(O)c(O)c(Cc2ccc(-c3ccc(O)c([N+](=O)[O-])c3)[nH]2)c1,CHEMBL302552;CHEMBL305194;CHEMBL309625;CHEMBL67003;CHEMBL67057;CHEMBL80155,BRICS,True
GEN_4949656B,O=C(O)c1cc(O)c(O)c(Cc2ccc(-c3cc(O)cc(O)c3)[nH]2)c1,CHEMBL302552;CHEMBL305194;CHEMBL67003;CHEMBL67057;CHEMBL76905;CHEMBL80155,BRICS,True
GEN_D39B2FF4,O=C(O)c1cc(O)c(O)c(Cc2ccc(-c3cc(O)ccc3O)[nH]2)c1,CHEMBL302552;CHEMBL305194;CHEMBL67003;CHEMBL67057;CHEMBL76642;CHEMBL80155,BRICS,True
GEN_F0F14208,O=C(O)c1cc(O)c(O)c(Cc2ccc(-c3ccccc3)[nH]2)c1,CHEMBL135592;CHEMBL136492;CHEMBL137635;CHEMBL302552;CHEMBL305194;CHEMBL332096;CHEMBL344652;CHEMBL67003;CHEMBL67057;CHEMBL80155,BRICS,True
